# UN/LOCODE 항구·내륙항(Function 첫 자리 1 또는 8 포함) — tools/gen_unlocode.py 가 만든 파일, 손으로 고치지 않는다.
# source: https://raw.githubusercontent.com/datasets/un-locode/main/data/code-list.csv
# origin: UNECE UN/LOCODE (datasets/un-locode 가 CSV 로 옮김)
# licence: ODC-PDDL-1.0
# edition: code-list.csv 에 판 표기 없음 — 아래 내려받은 날의 파일(sha256)
# downloaded: 2026-09-28
# source_sha256: 014d5139df76894a89f7eeb529723417e790129a5c7ea3b3dac38c34a03455c1
# source_rows: 116213
# rows: 17520
# name_collision: 1 = 5자 코드가 UN/LOCODE 의 어떤 지명(글자로만 된 이름, 대소문자 무시)과 같다(예: CAVAN).
code	name	country	subdivision	function	name_collision
AEABU	Abu al Bukhoosh	AE		1-------	0
AEAJM	Ajman	AE		1-3-----	0
AEAJP	Al Jeer Port	AE	RK	1-3-----	0
AEAMF	Musaffah	AE	AZ	1-3-----	0
AEAMU	Abu Musa	AE		1-------	0
AEARP	Ahmed Bin Rashid Port	AE	AZ	1-------	0
AEAUH	Abu Dhabi	AE	AZ	1-345---	0
AEDAS	Das Island	AE		1-------	0
AEDBP	Dibba	AE	SH	1-3-----	0
AEDUJ	The Palm Jumeirah	AE	DU	1-------	0
AEDXB	Dubai	AE	DU	1-345---	0
AEEND	Esnnad	AE	AZ	1-------	0
AEFAT	Fateh Terminal	AE		1-------	0
AEFJR	Al Fujayrah	AE	FU	1--4----	0
AEFRP	Free Port	AE	DU	1-------	0
AEHSN	Hassyan	AE	DU	1-3-----	0
AEHTL	Hulaylah Terminal	AE		1-------	0
AEHZP	Hamriya Free Zone Port	AE	DU	1-------	0
AEJAZ	Al Jazeera Port	AE	RK	1-------	0
AEJEA	Jebel Ali	AE		1-------	0
AEJED	Jebel Dhanna	AE		1-------	0
AEKHL	Mina Khalifa/Abu Dhabi	AE		1-------	0
AEKLB	Kalba	AE		1-3-----	0
AEKLF	Khor al Fakkan	AE		1-------	0
AEMBS	Mubarras Island	AE		1-------	0
AEMKH	Mina Khalid	AE	SH	1-3-----	0
AEMRP	Mina Rashid Port	AE	AZ	1-------	0
AEMSA	Mina Saqr	AE	RK	1-------	0
AEMUB	Mubarek Terminal	AE		1-------	0
AEMZD	Mina Zayed/Abu Dhabi	AE	AZ	1-------	0
AEPRA	Port Rashid	AE		1-------	0
AEQIW	Umm al Quwain	AE		1--4----	0
AEQWE	Jebel Ali Free Zone	AE	DU	1-3-----	0
AERFA	Mirfa	AE	AZ	1----6--	0
AERKP	Rak Khor Port	AE	RK	1-------	0
AERKT	Ras al Khaimah	AE		1--4----	0
AERMC	Rak Maritime City	AE	RK	1-------	0
AERUW	Ar Ruways	AE		1-------	0
AERWP	Ruwais Port	AE	AZ	1-------	0
AESHJ	Sharjah	AE	SH	1-34----	0
AESID	Sadiyat Island	AE		1-------	0
AEULR	Umm Al Nar	AE		1-------	0
AEYAS	Yas Island	AE	AZ	1-------	0
AEZUR	Zirku Island	AE	AZ	1-------	0
AFDHD	Dehdadi	AF	BAL	1----6--	0
AFQLT	Qalat	AF		1-3-----	0
AFRKH	Torkham	AF	NAN	1-------	0
AGANU	Antigua	AG		1---5---	0
AGBBQ	Barbuda	AG		1-------	0
AGFAM	Falmouth	AG		1----6--	0
AGPHM	Parham	AG		1----6--	0
AGSJO	Saint John's	AG		1-------	0
AIBLP	Blowing Point	AI		1-------	0
AIFOR	The Forest	AI		1-------	0
AIMBB	Meads Bay Beach	AI		1-------	0
AIRBY	Road Bay	AI		1-3-----	0
AIROA	The Road	AI		1-------	0
AISOM	Sombrero	AI		1-------	0
AIWLL	Wall Blake	AI		1--4----	0
ALBUT	Butrint	AL	SR	1-------	0
ALDRZ	Durrës	AL		1-------	0
ALHMR	Himare	AL	SR	1-------	0
ALROM	Romano Port	AL	02	1-3-----	0
ALSAR	Sarandë	AL	SR	1-------	0
ALSHG	Shëngjin	AL	LE	1-------	0
ALVOA	Vlorë	AL	VL	1-------	0
AMJER	Jermuk	AM	VD	1----6--	0
AOAZZ	Ambriz	AO		1--4----	0
AOBAB	Baba	AO		1-------	0
AOBDD	Barra do Dande	AO		1-------	0
AOBDT	Baía dos Tigres	AO		1-------	0
AOBUG	Benguela	AO		1--4----	0
AOCAB	Cabinda	AO		1--4----	0
AOCPO	Capulo	AO		1-------	0
AOCUI	Cuio	AO		1-------	0
AODAL	Dalia	AO		1-------	0
AODGR	Dombe Grande	AO		1-------	0
AOETN	Essungo Terminal	AO		1-------	0
AOFBY	Farta Bay	AO		1-------	0
AOFLT	Futila Terminal	AO		1-------	0
AOGIM	Gimboa	AO		1-------	0
AOGIR	Girassol Terminal	AO		1-------	0
AOGPO	Greater Plutonio	AO		1-------	0
AOKTI	Kiame Terminal	AO		1-------	0
AOLAD	Luanda	AO		1--45---	0
AOLBT	Lombo Terminal	AO		1-------	0
AOLIE	Lieura	AO		1-------	0
AOLOB	Lobito	AO		1---5---	0
AOLUC	Lucira	AO		1-3-----	0
AOMSZ	Namibe	AO		1--4----	0
AONDD	Sumbe	AO		1-34----	0
AONQI	Nóqui	AO		123-----	0
AONTO	N'Zeto	AO	ZAI	1-3-----	0
AOPAT	Palanca Terminal	AO		1-------	0
AOPBN	Porto Amboim	AO		1-------	0
AOPLE	Tombua	AO	NAM	1-3-----	0
AOPSA	Porto Saco (Portosalazar)	AO		1-------	0
AORSN	River Sao Nicolau	AO		1-------	0
AOSOQ	Soyo-Quinfuquena Terminal	AO		1-------	0
AOSTL	Sazaire Terminal	AO		1-------	0
AOSZA	Soyo	AO		1--4----	0
AOTAK	Takula Terminal	AO		1-------	0
AQABA	Aboa	AQ		1-------	0
AQAPT	Arturo Prat	AQ		1-------	0
AQARC	Arctowski	AQ		1-------	0
AQART	Artigas	AQ		1-------	0
AQBHN	Bellingshausen	AQ		1-------	0
AQCAS	Casey Station	AQ		1-------	0
AQCFZ	Comandante Ferraz	AQ		1-------	0
AQDAV	Davis Station	AQ		1-------	0
AQDDU	Dumont d'Urville Station	AQ		1-------	0
AQESC	Escudero	AQ		1-------	0
AQESP	Esperanza	AQ		1-------	0
AQGWL	Great Wall	AQ		1-------	0
AQHLY	Halley	AQ		1-------	0
AQJBS	Jang Bogo Station	AQ		1-------	0
AQJCP	Juan Carlos Primero	AQ		1-------	0
AQJUB	Jubany	AQ		1-------	0
AQKHN	Kohnen	AQ		1-------	0
AQKSG	King Sejong	AQ		1-------	0
AQLAW	Law Base	AQ		1-------	0
AQMAW	Mawson Station	AQ		1-------	0
AQMCM	McMurdo	AQ		1--4----	0
AQMIR	Mirny	AQ		1-------	0
AQMRB	Marambio	AQ		1-------	0
AQMZU	Mario Zucchelli	AQ		1-------	0
AQOHG	General Bernardo O'higgins	AQ		1-------	0
AQORC	Orcadas	AQ		1-------	0
AQPFS	Port Foster	AQ		1-------	0
AQPLM	Palmer	AQ		1-------	0
AQPRO	Progress	AQ		1-------	0
AQROT	Rothera	AQ		1-------	0
AQSGN	Signy	AQ		1-------	0
AQSMT	San Martín	AQ		1-------	0
AQSYW	Syowa	AQ		1-------	0
AQVKY	Vernadsky	AQ		1-------	0
AQWSA	Wasa	AQ		1-------	0
AQZGN	Zhongshan	AQ		1-------	0
ARACF	Arrecifes	AR	B	123-----	0
ARASO	Arroyo Seco	AR		1-------	0
ARBHI	Bahía Blanca	AR	B	1--4----	0
ARBQS	Barranqueras	AR	H	1-------	0
ARBUE	Buenos Aires	AR	C	12345---	0
ARBUI	Ingeniero Buitrago	AR	B	1-------	0
ARBVC	Bella Vista	AR	W	1----6--	0
ARCBS	Chimbas	AR	J	1----6--	0
ARCDL	Candelaria	AR	N	1-------	0
ARCHL	Choele Choel	AR	R	1----6--	0
ARCHO	Chilecito	AR	F	1----6--	0
ARCLC	Caleta Córdoba	AR	X	1-------	0
ARCMP	Campana	AR	B	1-------	0
ARCNQ	Corrientes	AR	W	1--4----	0
ARCOL	Colón	AR	E	1-------	0
ARCOU	Concepción del Uruguay	AR	E	1-------	0
ARCRD	Comodoro Rivadavia	AR	U	1--4----	0
ARCRY	Colonia Caroya	AR	X	1----6--	0
ARCSA	Cabo San Antonio	AR		1-------	0
ARCUA	Cuatreros/Bahia Blanca	AR	B	1-------	0
ARCVI	Caleta Olivia	AR	Z	1--4----	0
ARDGU	Del Guazu	AR	E	1-------	0
ARDME	Diamante	AR	R	1-------	0
ARDSU	Dock Sur	AR	B	1-3-----	0
ARFMA	Formosa	AR	P	1--4----	0
ARGEO	Agrelo	AR	M	1-------	0
ARGHU	Gualeguaychú	AR	E	1--4----	0
ARIBY	Ibicuy	AR	E	1-------	0
ARINW	Ingeniero White/Bahia Blanca	AR	B	1-3-----	0
ARIQO	Coquimbito	AR	M	1-------	0
ARJLS	Jose Leon Suarez	AR	B	1-------	0
ARLAV	Lavalle	AR	K	1----6--	0
ARLCU	Lujan de Cuyo	AR	M	1----6--	0
ARLPG	La Plata	AR	B	1--4----	0
ARLPM	La Paz	AR	M	1----6--	0
ARLPS	Las Palmas	AR	B	123-----	0
ARLUJ	Luján	AR	B	123-----	0
ARLZG	Luzuriaga	AR	M	1----6--	0
ARMDQ	Mar del Plata	AR	B	1-345---	0
ARNEC	Necochea	AR	B	1--4----	0
ARNOS	Molinos	AR		1-------	0
AROVI	Olavarría	AR	B	123-----	0
AROYA	Goya	AR	W	1--4----	0
AROYO	Tres Arroyos	AR	B	1-34----	0
ARPAL	Puerto Alumbrera	AR	S	1-------	0
ARPBG	Puerto Belgrano/Bahia Blanca	AR	B	1-------	0
ARPCO	Punta Colorada	AR	R	1-3-----	0
ARPCY	Pilcomayo	AR	P	1-------	0
ARPEL	Puerto Eldorado	AR	N	1-------	0
ARPGV	Puerto Galvan/Bahia Blanca	AR	B	1-------	0
ARPLA	Puerto Lavalle	AR	W	1-------	0
ARPLO	Punta Loyola	AR		1-------	0
ARPME	Punta Medanos	AR	B	1-------	0
ARPMY	Puerto Madryn	AR	U	1--4----	0
ARPNL	Puerto Nacional/Bahia Blanca	AR	B	1-------	0
ARPP9	Pablo Podestá	AR	B	1-3-----	0
ARPQU	Punta Quilla	AR		1-------	0
ARPRA	Paraná	AR	E	1--4----	0
ARPRS	Puerto Rosales/Bahia Blanca	AR	B	1-------	0
ARPSS	Posadas	AR	N	1--4----	0
ARPUB	Puerto Borghi	AR		1-------	0
ARPUD	Puerto Deseado	AR	Z	1--4----	0
ARPWA	Puerto Wanda	AR	N	1-------	0
ARQBR	Quebracho/San Lorenzo	AR	S	1-3-----	0
ARQQN	Quequén	AR	B	1-------	0
ARRAM	Ramallo	AR	B	1-------	0
ARRFO	Rosario de la Frontera	AR	A	123-----	0
ARRGA	Río Grande	AR	V	1--4----	0
ARRGL	Río Gallegos	AR	Z	1--4----	0
ARRIC	Rio Cullen	AR		1-------	0
ARRIV	Rivadavia	AR	M	1----6--	0
ARROC	Puerto Ingeniero M. Rocca	AR	B	1-------	0
ARROS	Rosario	AR	S	12345---	0
ARRSF	Resinfor	AR	S	1-------	0
ARRWO	Rawson	AR	U	123-----	0
ARRZA	Santa Cruz	AR	Z	1--4----	0
ARSAE	San Antonio Este	AR	R	1-------	0
ARSAL	Salto	AR	B	1----6--	0
ARSAN	Santa Ana	AR	N	1-------	0
ARSCA	San Carlos	AR	M	1----6--	0
ARSFE	San Fernando	AR	B	1-------	0
ARSFN	Santa Fe	AR	S	1234----	0
ARSIG	San Ignacio	AR	N	1-------	0
ARSLO	San Lorenzo	AR	L	1-------	0
ARSMA	San Martin	AR	S	1-------	0
ARSMR	San Martin	AR	M	1----6--	0
ARSNS	San Nicolás de los Arroyos	AR	B	1234----	0
ARSPD	San Pedro	AR	E	1-3-----	0
ARSSJ	San Salvador de Jujuy	AR	Y	123-5---	0
ARSSN	San Sebastián	AR	V	1-------	0
ARSTA	Santa Rosa	AR	M	1----6--	1
ARTIM	Timbúes	AR	S	123-----	0
ARTUC	Tucumán	AR	T	1--4----	0
ARTUN	Tunuyan	AR	M	1----6--	0
ARULA	San Julian	AR	Z	1--4----	0
ARURD	Urdurrain	AR		1-3-----	0
ARUSH	Ushuaia	AR	V	1--4----	0
ARVCN	Villa Constitución	AR	S	123-----	0
ARVHE	Villa Hernandarias	AR	E	1-------	0
ARVLO	Vicente López	AR	B	123-----	0
ARVMD	Villa Mercedes	AR	J	1----6--	0
ARVTT	Villa del Totoral	AR	X	1----6--	0
ARXPD	San Pedro	AR	Y	1--4----	0
ARZAE	Zárate	AR	B	1-------	0
ASPPG	Pago Pago	AS		1--45---	0
AT7PZ	Prinzersdorf	AT	3	1-3-----	0
ATATK	Paternion	AT	2	1-3-----	0
ATATN	Asten	AT	4	123-----	0
ATAWH	Altenwörth	AT	3	1-3-----	0
ATBFS	Bischofshofen	AT	5	123-----	0
ATBNN	Hobersbrunn	AT	3	1-------	0
ATBOE	Böhlerwenk	AT	3	123-----	0
ATBRI	Engabrunn	AT		1-------	0
ATBRZ	Bregenz	AT	8	123-----	0
ATDFC	Engerwitzdorf	AT	4	1-3-----	0
ATDKZ	Deutschkreutz	AT	1	1----6--	0
ATDOF	Hadersdorf	AT	3	1-------	0
ATDRA	Drasenhofen	AT	3	1----6--	0
ATDRO	Dross	AT	3	1-3-----	0
ATDUE	Dürnstein	AT		123-----	0
ATDWA	Deutsch Wagram	AT		123-----	0
ATEBR	Ebreichsdorf	AT	3	1-3-----	0
ATEIN	Hoflein	AT	3	1-------	0
ATEPD	Erpersdorf	AT		1-3-----	0
ATERL	Erl	AT		1-3--6--	0
ATERM	Vordernberg	AT	6	1-3-----	0
ATERO	Engelmannsbrunn	AT	3	1-3-----	0
ATERR	Dobermannsdorf	AT		1-------	0
ATETZ	Rietz	AT	7	1-------	0
ATEWD	Eibiswald	AT	6	1----6--	0
ATFBZ	Sankt Stefan ob Stainz	AT	6	1-------	0
ATFG7	Achau	AT		1----6--	0
ATFHR	Fehring	AT		1-3--6--	0
ATFNA	Freudenau	AT	9	1-3-----	0
ATFPS	Fulpmes	AT		1-3-----	0
ATFSU	Faistenau	AT		1-3-----	0
ATGA6	Gamlitz	AT	6	1----6--	0
ATGDN	Gmunden	AT		123-----	0
ATGFS	Greifenstein	AT	3	123-----	0
ATGGU	Oggau	AT	1	1-------	0
ATGHH	Haugsdorf	AT	3	1-------	0
ATGHJ	Krustetten	AT	3	1----6--	0
ATGRN	Grein	AT		123-----	0
ATGSN	Gutenstein	AT		1-3-----	0
ATHKM	Hadersdorf-Kammern	AT	3	1-3-----	0
ATIEG	Limberg	AT	3	1-------	0
ATITN	Hausleiten	AT	3	1-------	0
ATJDD	Judendorf	AT	6	1----6--	0
ATJPS	Japons	AT	3	1----6--	0
ATKAM	Kammern im Liesingtal	AT	8	123-----	0
ATKFD	Knittelfeld	AT		123-----	0
ATKMB	Krummnussbaum	AT		123--6--	0
ATKTT	Kematen in Tirol	AT		123--6--	0
ATLKN	Falkenstein	AT	3	1-------	0
ATLTS	Leutschach	AT	6	1----6--	0
ATLTX	Hainfeld	AT	3	1-3-----	0
ATLUA	Lembach	AT	4	1-3-----	0
ATLZD	Langenzersdorf	AT	3	123-----	0
ATMAB	Marbach an der Donau	AT	3	123-----	0
ATMAN	Manning	AT	4	1-3-----	0
ATMBS	Morbisch am See	AT	1	1----6--	0
ATMKA	Markt Allhau	AT	1	1----6--	0
ATMKC	Mitterkirchen	AT	4	1-3-----	0
ATNAD	Neuhofen an der Ybbs	AT	3	1-3-----	0
ATND2	Nickelsdorf	AT	1	1----6--	0
ATNFN	Neufelden	AT		123-----	0
ATNGG	Neudegg	AT	3	1----6--	0
ATNNN	Donnerskirchen	AT	1	1-------	0
ATNT9	Muthmannsdorf	AT	3	1-3-----	0
ATNUZ	Nüziders	AT		123-----	0
ATOBU	Oberneukirchen	AT	4	1-------	0
ATOSH	Ottensheim	AT	4	123-----	0
ATPAS	Podersdorf am See	AT	1	1-3-----	0
ATPBU	Persenbeug	AT	3	123-----	0
ATPET	Petzenkirchen	AT	3	1----6--	0
ATRAD	Radstadt	AT		123-----	0
ATREG	Regau	AT	4	1----6--	0
ATRHN	Ranshofen	AT		1-3-----	0
ATRHR	Rohrau	AT	3	1----6--	0
ATRRF	Ruhrsdorf	AT	3	1-------	0
ATRTV	Gallbrunn	AT		1----6--	0
ATSAG	Schutzen am Gebirge	AT	1	1----6--	0
ATSAK	Sankt Aegidi	AT	4	1-3-----	0
ATSFT	Senftenberg	AT	3	1----6--	0
ATSGS	Sankt Georgen bei Salzburg	AT		123-----	0
ATSK3	Sankt Margrethen	AT	2	1----6--	0
ATSMK	Schönau im Mühlkreis	AT	4	1----6--	0
ATSMR	Sankt Margarethen an der Raab	AT	6	1-3-----	0
ATSPG	Spannberg	AT	3	1----6--	0
ATSPZ	Spitz	AT		123-----	0
ATSSS	Steinberg	AT	1	1----6--	0
ATST6	Straden	AT	6	1----6--	0
ATSTD	Steeg	AT		1-3-----	0
ATSUH	Sankt Ulrich	AT	3	1----6--	0
ATSUS	Steinhaus	AT	4	1----6--	0
ATSVM	Sankt Veit im Mühlkreis	AT	4	1-3-----	0
ATSWH	Gross-Schweinbarth	AT	3	1-3-----	0
ATSXA	Bernhardsthal	AT	3	1-3-----	0
ATTAM	Tamsweg	AT	5	1----6--	0
ATTEN	Hausmannstatten	AT	6	1-------	0
ATTFS	Terfens	AT	7	123-----	0
ATTHS	Theiss	AT	3	1-3-----	0
ATTKP	Taufkirchen an der Pram	AT		123--6--	0
ATTMR	Traismauer	AT		123-----	0
ATTTL	Schrattenthal	AT	3	1-------	0
ATVEL	Velden	AT	2	123-----	0
ATWDF	Weitendorf	AT	6	1-3-----	0
ATWEU	Weinburg	AT	3	1-------	0
ATWSE	Wallsee	AT	3	1-3-----	0
ATWUL	Wulkaprodersdorf	AT	1	1-3-----	0
ATXAE	Oehling	AT	3	1-3-----	0
ATXXX	RIS Inland waterways	AT		1-------	0
ATZIN	Inzersdorf an der Traisen	AT	3	1-------	0
ATZLF	Jetzelsdorf	AT	3	1-------	0
ATZNG	Zobing	AT	3	1-------	0
ATZRF	Ketzelsdorf	AT	3	1-------	0
AU5CI	Selby	AU	VIC	1----6--	0
AUABP	Abbot Point	AU	QLD	1-------	0
AUADL	Adelaide	AU	SA	12345---	0
AUAGS	Augusta	AU	WA	1-3-----	0
AUALD	Aldgate	AU	SA	1----6--	0
AUALH	Albany	AU	WA	1--4----	0
AUALI	Australind	AU	WA	1-3-----	0
AUALP	Abell Point	AU	QLD	1-3-----	0
AUAMR	Amrun	AU	QLD	1-------	0
AUANN	Annandale	AU	NSW	1----6--	0
AUAPP	Applecross	AU	WA	1----6--	0
AUARD	Ardrossan	AU	SA	1-------	0
AUASB	Ashburton	AU	WA	1-3-----	0
AUASH	Ashton	AU	SA	1----6--	0
AUATT	Attadale	AU	WA	1----6--	0
AUBAA	Balhannah	AU	SA	1----6--	0
AUBAE	Baerami	AU	NSW	1----6--	0
AUBAH	Ballast Head	AU	SA	1-------	0
AUBAL	Balnarring	AU	VIC	1----6--	0
AUBAR	Barry Beach	AU	VIC	1-3-----	0
AUBBG	Bing Bong	AU	NT	1-------	0
AUBBL	Beelbangera	AU	NSW	1-------	0
AUBBY	Bremer Bay	AU	WA	1-3-----	0
AUBCH	Beachport	AU	SA	1-------	0
AUBDB	Bundaberg	AU	QLD	1--4----	0
AUBDY	Bomaderry	AU	NSW	1----6--	0
AUBE9	Belrose	AU	NSW	1----6--	0
AUBEL	Bell Bay	AU	TAS	123-----	1
AUBFD	Beresfield	AU	NSW	1----6--	0
AUBIC	Bicheno	AU	TAS	1----6--	0
AUBKE	Berkeley Vale	AU	NSW	1----6--	0
AUBLP	Black Point	AU	NT	1-------	0
AUBME	Broome	AU	WA	1--4----	0
AUBMW	Broadmeadows	AU	VIC	1-------	0
AUBNE	Brisbane	AU	QLD	12345---	0
AUBNK	Ballina	AU	NSW	1--4----	0
AUBNN	Bannockburn	AU	VIC	1----6--	0
AUBNY	Blayney	AU	NSW	123--6--	0
AUBOB	Bobin	AU	NSW	1-----7-	0
AUBOD	Boondall	AU	QLD	1----6--	0
AUBOL	Bridgewater-on-Loddon	AU	VIC	1----6--	0
AUBOO	Booby Island	AU	QLD	1-3-----	0
AUBOT	Boort	AU	VIC	1----6--	0
AUBOU	Boundary Bend	AU	NSW	1----6--	0
AUBOV	Blacktip Terminal	AU	NT	1-------	0
AUBOY	Boyer	AU	TAS	1----6--	0
AUBPO	Bridport	AU	TAS	1-3-----	0
AUBRR	Berrys Creek	AU	VIC	1----6--	0
AUBRT	Bathurst Island	AU	NT	1--4----	0
AUBSA	Brighton-Le-Sands	AU	NSW	1----6--	0
AUBTB	Botany Bay	AU	NSW	1-------	0
AUBUC	Burketown	AU	QLD	1-34----	0
AUBUL	Bulli	AU	NSW	1-3-----	0
AUBUS	Busselton	AU	WA	1-------	0
AUBUV	Buffalo Venture	AU	NT	1-------	0
AUBUY	Bunbury	AU	WA	1--4----	0
AUBVD	Belvidere	AU	SA	1----6--	0
AUBWB	Barrow Island	AU	WA	1--4----	0
AUBWI	Bulwer	AU	QLD	1-------	0
AUBWT	Burnie	AU	TAS	1--4----	0
AUBYP	Beauty Point	AU	TAS	1-------	0
AUBYY	Bushy Park	AU	VIC	1----6--	0
AUC8R	Cromer	AU	SA	1-------	0
AUCAL	Caloundra Head	AU	QLD	1-------	0
AUCAP	Capalaba	AU	QLD	1-3-----	0
AUCAR	Carina Heights	AU	QLD	1-------	0
AUCBA	Corio Bay	AU	VIC	1-------	0
AUCBO	Carboor	AU	VIC	1----6--	0
AUCBR	Canberra	AU	ACT	12345---	0
AUCCU	Cape Cuvier	AU	WA	1-------	0
AUCDN	Clarendon	AU	SA	1-------	0
AUCFS	Coffs Harbour	AU	NSW	1--4----	0
AUCHA	Chatswood	AU	NSW	1-3-----	0
AUCHB	Catherine Hill Bay	AU	NSW	1-------	0
AUCHE	Chermside	AU	QLD	1-------	0
AUCHV	Challis Venture (oil terminal)	AU	NT	1-------	0
AUCLF	Carlingford	AU	NSW	1-------	0
AUCLL	Collan Islands	AU	WA	1-------	0
AUCLM	Claremont	AU	WA	123-5---	0
AUCLN	Cape Leeuwin	AU	WA	1-------	0
AUCLR	Clarence River	AU	NSW	1-------	0
AUCLT	Cape Lambert	AU	WA	1-------	0
AUCMB	Cambridge	AU	TAS	1----6--	0
AUCMO	Como	AU	NSW	1----6--	0
AUCMP	Camperdown	AU	NSW	1-------	0
AUCN6	Chinderah	AU	NSW	1-3-----	0
AUCNS	Cairns	AU	QLD	1--4----	0
AUCNW	Coonawarra	AU	SA	1----6--	0
AUCOO	Coomera	AU	QLD	123-----	0
AUCOP	Cossack Pioneer (oil terminal)	AU	WA	1-------	0
AUCOU	Coolum	AU	QLD	1----6--	0
AUCOW	Cowaramup	AU		1----6--	0
AUCPN	Cape Preston	AU	WA	1-------	0
AUCPR	Coorparoo	AU	QLD	1----6--	0
AUCQP	Cape Flattery	AU	QLD	1-------	0
AUCRF	Crafers	AU	SA	1----6--	0
AUCRL	Coral Bay	AU	WA	1-------	0
AUCRS	Coral Sea	AU		1--4----	0
AUCRU	Cronulla	AU	NSW	1----6--	0
AUCRV	Coromandel Valley	AU	SA	1----6--	0
AUCST	Coldstream	AU	VIC	1----6--	0
AUCTE	Cottesloe	AU	WA	1----6--	0
AUCTH	Thevenard Island	AU	WA	1-------	0
AUCTI	Cockatoo Island	AU	WA	1-------	0
AUCTN	Cooktown	AU	QLD	1--4----	0
AUCTT	Cottles Bridge	AU	VIC	1----6--	0
AUCUN	Caufield North	AU	VIC	1-------	0
AUCVL	Clovelly	AU	NSW	1-------	0
AUCVN	Cleveland	AU	QLD	1-3--6--	0
AUCVQ	Carnarvon	AU	WA	1--4----	0
AUCVS	Caversham	AU	WA	1----6--	0
AUDA5	Twowells	AU	SA	1-3-----	0
AUDAA	Darra	AU	QLD	1-------	0
AUDAL	Dalton	AU	NSW	1-----7-	0
AUDAM	Dampier	AU	WA	1-------	0
AUDAR	Dardanup	AU	WA	1----6--	0
AUDFE	Longwood	AU	SA	1-------	0
AUDGA	Tea Gardens	AU	NSW	1-------	0
AUDHI	Dhipirrinjura	AU	NT	1-------	0
AUDIA	Diamond Creek	AU	VIC	1----6--	0
AUDIL	Cowandilla	AU	SA	1----6--	0
AUDIT	Dalrymple Islet	AU		1-------	0
AUDLP	Arndell Park	AU	NSW	123-----	0
AUDON	Cape Don	AU	NT	1-------	0
AUDPO	Devonport	AU	TAS	1--4----	0
AUDRB	Derby	AU	WA	1--4----	0
AUDRW	Darwin	AU	NT	12345---	0
AUDRY	Drysdale	AU	VIC	1----6--	0
AUDSW	Padstow	AU	NSW	123-----	0
AUEDB	Edithburgh	AU	SA	1-------	0
AUEDE	Eden Valley	AU	SA	1----6--	0
AUELB	Elizabeth Bay	AU	NT	1-------	0
AUELE	Electrona	AU	TAS	1-------	0
AUELT	Eltham	AU	VIC	1----6--	0
AUEPR	Esperance	AU	WA	1--4----	0
AUEVL	Evans Landing	AU	QLD	1-3-----	0
AUEXM	Exmouth Gulf	AU	WA	1--4----	0
AUFIN	Findon	AU	SA	1----6--	0
AUFIS	Fisherman Islands	AU	QLD	123-----	0
AUFLD	Frankland	AU	WA	1----6--	0
AUFLN	Flynn	AU	VIC	1----6--	0
AUFRE	Fremantle	AU	WA	1--4----	0
AUFRY	Port Fairy	AU	VIC	1-------	0
AUFWT	Freshwater	AU	NSW	1----6--	0
AUGBT	Garbutt	AU	QLD	1-3-----	0
AUGEE	George Town	AU	TAS	1--4----	0
AUGEM	Gembrook	AU	VIC	1----6--	0
AUGET	Geraldton	AU	WA	1--4----	0
AUGEX	Geelong	AU	VIC	1--4----	0
AUGLL	Glebe Island	AU	NSW	123-----	0
AUGLT	Gladstone	AU	QLD	1--4----	0
AUGOA	Goolwa	AU	SA	1-34----	0
AUGOH	Gove Harbour	AU	NT	1-------	0
AUGOI	Goods Is	AU	QLD	1-------	0
AUGOR	Gordon	AU	VIC	1----6--	0
AUGOV	Gove	AU	NT	1--4----	0
AUGRB	Gravelly Beach	AU	TAS	1----6--	0
AUGRH	Greenhead	AU	WA	1-------	0
AUGRK	Greenock	AU	SA	1----6--	0
AUGRU	Gruyere	AU	VIC	1----6--	0
AUGRV	Griffin Venture (oil terminal)	AU	WA	1-------	0
AUGTE	Groote Eylandt	AU	NT	1--4----	0
AUGTW	Great Western	AU	VIC	1----6--	0
AUGTY	Kingsford	AU	NSW	1----6--	0
AUGUM	Gumeracha	AU	SA	1----6--	0
AUGUR	The Gurdies	AU	VIC	1----6--	0
AUHAH	Hahndorf	AU	SA	1----6--	0
AUHAM	Hampton	AU	VIC	1-------	0
AUHAS	Hastings	AU	VIC	1-------	0
AUHBA	Hobart	AU	TAS	1-345---	0
AUHBE	Heatherbrae	AU	NSW	1----6--	0
AUHDD	Hoddles Creek	AU	VIC	1----6--	0
AUHFR	Henderson	AU	WA	1---5---	0
AUHNK	Hinchinbrook Island	AU	QLD	1--4----	0
AUHOT	Hope Tun	AU	WA	1-------	0
AUHPP	Happy Valley	AU	SA	1----6--	0
AUHPT	Hay Point	AU	QLD	1-------	0
AUHTH	Heathcote	AU	VIC	1----6--	0
AUHTT	Halletts Cove	AU	SA	1----6--	0
AUHWD	Hanwood	AU	NSW	1----6--	0
AUHYI	Hardy Island	AU	NT	1-------	0
AUIGF	Ingle Farm	AU	SA	1----6--	0
AUIPS	Ipswich	AU	QLD	1-------	0
AUIRY	Irymple	AU	VIC	1----6--	0
AUJML	Laurieton	AU	NSW	1----6--	0
AUJOV	Jabiru Venture (oil terminal)	AU	NT	1-------	0
AUKAN	Kangarilla	AU	SA	1----6--	0
AUKAY	Kayena	AU	TAS	1----6--	0
AUKEI	Keith	AU	SA	1----6--	0
AUKGC	Kingscote	AU	SA	1--4----	0
AUKIB	King Bay	AU	WA	1-------	0
AUKIT	Kingston	AU	SA	1-------	0
AUKJH	Welland	AU	SA	1-------	0
AUKLL	Maryknoll	AU	VIC	1-------	0
AUKLP	Klein Point	AU	SA	1-------	0
AUKNG	Kensington Gardens	AU		1----6--	0
AUKOI	Koolan Island	AU	WA	1-------	0
AUKRB	Karumba	AU	QLD	1-34----	0
AUKTR	Katherine	AU	NT	1--4----	0
AUKUR	Kurnell	AU	NSW	1-------	0
AUKWI	Kwinana	AU	WA	1-------	0
AULAB	Lady Barron	AU	TAS	1-------	0
AULAN	Langarra	AU	NT	1-------	0
AULDH	Lord Howe Is	AU	NSW	1--4----	0
AULEN	Lakes Entrance	AU	VIC	1-3-----	0
AULGT	Legendre Terminal	AU	WA	1-------	0
AULKU	Torrensville	AU	SA	1-------	0
AULME	Bangholme	AU	VIC	1-------	0
AULMQ	Lake Macquarie	AU	NSW	1-3-----	0
AULOW	Lisarow	AU	NSW	123-----	0
AULST	Launceston	AU	TAS	1--4----	0
AULUB	Lucky Bay	AU	SA	1-------	0
AULUC	Lucinda	AU	QLD	1-------	0
AULYD	Lilydale	AU	VIC	123--6--	0
AUMAR	Marrickville	AU	NSW	123--6--	0
AUMBH	Maryborough	AU	QLD	1--4----	0
AUMBY	Maribyrnong	AU	VIC	1----6--	0
AUMDC	Mordialloc	AU	VIC	123-----	0
AUMEL	Melbourne	AU	VIC	12345---	0
AUMHW	Mount Hawthorn	AU	WA	1----6--	0
AUMIB	Milner Bay	AU	NT	1-------	0
AUMID	Midland	AU	WA	1-3-----	0
AUMIL	Milperra	AU	NSW	1-3-----	0
AUMKY	Mackay	AU	QLD	1-34----	0
AUMLI	Melville Island	AU	NT	1-------	0
AUMLL	Mooloolaba	AU	QLD	1-3-5---	0
AUMOK	Moorook	AU	SA	1-3-----	0
AUMON	Montara Field	AU	NT	1-------	0
AUMOU	Mourilyan	AU	QLD	1-------	0
AUMOW	Mowbray Heights	AU	TAS	123-----	0
AUMQI	Macquarie Island	AU	TAS	1-------	0
AUMRK	Macquarie Park	AU	NSW	1----6--	0
AUMRS	Melrose	AU	SA	1-------	0
AUMWA	Mulwala	AU	NSW	123-----	0
AUNB2	North Bridge	AU	NSW	1----6--	0
AUNEQ	Nericon	AU	NSW	1-3-----	0
AUNGH	Nganhurra	AU	WA	1-----7-	0
AUNHU	Nhulunbuy	AU	NT	1-------	0
AUNIV	Ningaloo Vision	AU		1-------	0
AUNLK	New Norfolk	AU	TAS	1-3-----	0
AUNSB	Broke	AU	NSW	1----6--	0
AUNTE	Northern Endeavour	AU	NT	1-------	0
AUNTL	Newcastle	AU	NSW	1--4----	0
AUOKF	Oak Flats	AU	NSW	1----6--	0
AUONS	Onslow	AU	WA	1-34----	0
AUOSB	Osborne Island	AU	WA	1-------	0
AUP6D	Aspendale	AU	VIC	1-3-----	0
AUPAE	Port Adelaide	AU	SA	1-------	0
AUPAG	Paddington	AU	NSW	1----6--	0
AUPAL	Palmerston	AU	NT	1-------	0
AUPAU	Port Arthur	AU	TAS	1-------	0
AUPBN	Port of Brisbane	AU	QLD	123--6--	0
AUPBT	Port Botany	AU	NSW	123-----	0
AUPBY	Port Bonython	AU	SA	1-------	0
AUPCT	Port Curtis	AU	QLD	1-------	0
AUPDI	Port Denison	AU	WA	1-3-----	0
AUPEL	Pelican Point	AU	SA	123-----	0
AUPEN	Pendle Hills	AU	NSW	1----6--	0
AUPER	Perth	AU	WA	12345---	0
AUPEX	Exmouth	AU	WA	1-------	0
AUPGI	Port Giles	AU	SA	1-------	0
AUPHE	Port Hedland	AU	WA	1--4----	0
AUPHP	Point Henry Pier/Melbourne	AU	VIC	12------	0
AUPHR	Prahran	AU	VIC	1-3-----	0
AUPHU	Port Huon	AU	TAS	1-------	0
AUPIC	Picton	AU	NSW	1----6--	0
AUPIS	Phillip Island	AU	VIC	1-34----	0
AUPJK	Port Jackson	AU	NSW	1-3-----	0
AUPKL	Port Kembla	AU	NSW	1--4----	0
AUPKY	Port Kenny	AU	SA	1-------	0
AUPLA	Port Latta	AU	TAS	1-------	0
AUPLO	Port Lincoln	AU	SA	1--4----	0
AUPMK	Palm Island	AU	QLD	1--4----	0
AUPOR	Port Melbourne	AU	VIC	1-------	0
AUPPI	Port Pirie	AU	SA	1--4----	0
AUPQQ	Port Macquarie	AU	NSW	1--4----	0
AUPRB	Proper Bay	AU	SA	1-------	0
AUPRC	Price	AU	SA	1-------	0
AUPSM	Point Samson	AU	WA	1-------	0
AUPST	Port Stanvac	AU	SA	1-------	0
AUPSY	Port Stanley	AU	TAS	1-------	0
AUPTD	Port Dalrymple	AU	QLD	1-------	0
AUPTI	Port Douglas	AU	QLD	1--4----	0
AUPTJ	Portland	AU	VIC	1--4----	0
AUPTL	Port Alma	AU	QLD	1-------	0
AUPTW	Port Willunga	AU	SA	1----6--	0
AUPUG	Port Augusta	AU	SA	1--4----	0
AUPWI	Point Wilson	AU	VIC	1-------	0
AUPWL	Port Walcott	AU	WA	1-------	0
AUPWR	Port Warrender	AU	WA	1-------	0
AUPYE	Pyrenees	AU	VIC	1----6--	0
AUPYR	Pyrmont	AU	NSW	1-3-----	0
AUPYT	Pleystowe	AU	QLD	1-------	0
AUQDN	Eden	AU	NSW	1--4----	0
AURAB	Rapid Bay	AU	SA	1-------	0
AURAF	Raffles Bay	AU	NT	1-------	0
AURBU	Roebourne	AU	WA	1--4----	0
AURCM	Richmond	AU	QLD	1--4----	0
AURDN	Risdon	AU	TAS	1-3-----	0
AURDS	Rhodes	AU	NSW	123-----	0
AUREV	Revesby	AU	NSW	123-----	0
AURLL	Reynella	AU	SA	1----6--	0
AURNB	Rosslyn Bay	AU	QLD	1-3-----	0
AUROB	Robe	AU	SA	1-------	0
AUROK	Rockhampton	AU	QLD	1--4----	0
AUROZ	Rozelle	AU	NSW	1-3--6--	0
AURTS	Rottnest Island	AU	WA	1--4----	0
AURYP	Rocky Point	AU	WA	1-------	0
AUSBN	South Brisbane	AU	QLD	1-3--6--	0
AUSCL	Clare	AU	SA	1----6--	0
AUSCY	Scoresby	AU	VIC	1-3-----	0
AUSGT	Sandgate	AU	NSW	1----6--	0
AUSHB	Shark Bay	AU	WA	1-------	0
AUSHC	Crux	AU	WA	1-----7-	0
AUSKA	Skardon River	AU	QLD	1-------	0
AUSKV	Skua Venture (oil terminal)	AU	NT	1-------	0
AUSKY	Skye	AU	SA	1----6--	0
AUSMR	Seventeen Mile Rocks/Brisbane	AU	QLD	1----6--	0
AUSMT	Saladin Marine Terminal	AU	WA	1-------	0
AUSOL	Shea Oak Log	AU	SA	1----6--	0
AUSPB	Spring Bay	AU	TAS	1-------	0
AUSPO	Spreyton	AU	TAS	123--6--	0
AUSRN	Strahan	AU	TAS	1--4----	0
AUSSH	Sellicks Hill	AU	SA	1-------	0
AUSTA	Stanley	AU	TAS	1-------	0
AUSTG	Stag Platform	AU	WA	1-------	0
AUSTR	South Trees	AU	QLD	123-----	0
AUSUH	Surry Hills	AU	NSW	123-----	0
AUSWR	South West Rocks	AU	NSW	1-------	0
AUSYD	Sydney	AU	NSW	12345---	0
AUSYL	Sylvania	AU	NSW	1-------	0
AUT3P	Port Hacking	AU	NSW	1-3-----	0
AUTHE	Thevenard	AU	SA	1-------	1
AUTHS	Tweed Heads South	AU	NSW	1-3--6--	0
AUTIS	Thursday Island	AU	QLD	1--4----	0
AUTOB	Towford Bay	AU		1-------	0
AUTOL	Toombul	AU	QLD	1----6--	1
AUTOR	Toronto	AU	NSW	1----6--	0
AUTRB	Trial Bay	AU	NSW	1-------	0
AUTRD	Tooradin	AU	VIC	1-3-----	0
AUTRI	Troughton Island	AU	WA	1--4----	0
AUTSV	Townsville	AU	QLD	1--4----	0
AUTTS	Blackmans Bay	AU	TAS	1-3-----	0
AUULA	Ulladulla	AU	NSW	1-------	0
AUULT	Ultimo	AU	NSW	1-3-----	0
AUUMB	Umbakumba	AU	NT	1-------	0
AUURN	Urangan	AU	QLD	1-------	0
AUUSL	Useless Loop	AU	WA	1-------	0
AUVAR	Varanus Island	AU	WA	1-------	0
AUVGH	Van Gogh Terminal	AU		1-------	0
AUVIB	Boronia	AU	VIC	1-------	0
AUVIC	Newtown	AU	VIC	1-3-----	0
AUVIT	Wishart	AU	VIC	1-------	0
AUWAL	Wallaroo	AU	SA	1-------	0
AUWAZ	Warwick	AU	QLD	1--4----	0
AUWBT	Woollybutt (Oil facility)	AU	WA	1-----7-	0
AUWEI	Weipa	AU	QLD	1--4----	0
AUWEP	Westernport	AU	VIC	1-------	0
AUWHL	Welshpool	AU	VIC	1-34----	0
AUWIH	Wingham	AU	NSW	1-------	0
AUWMB	Warrnambool	AU	VIC	1--4----	0
AUWNB	Withnell Bay	AU	WA	1-3-----	0
AUWNT	Wandoo Terminal	AU	WA	1-------	0
AUWOO	Woolloomooloo	AU	NSW	1-3-----	0
AUWOT	Wonthaggi	AU	VIC	1-------	0
AUWRB	Werribee	AU	VIC	123-----	0
AUWSI	Whitsunday Island	AU	QLD	1-------	0
AUWSN	Warners Bay	AU	NSW	1-3-----	0
AUWTN	Webberton	AU	WA	123-5---	0
AUWTW	Waterways	AU	VIC	1----6--	0
AUWWP	Wentworth Point	AU	NSW	1----6--	0
AUWYA	Whyalla	AU	SA	1--4----	0
AUWYN	Wyndham	AU	WA	1--4----	0
AUYAM	Yampi	AU	WA	1-------	0
AUYBA	Yamba	AU	NSW	1-------	0
AUYRR	Yarra Junction	AU	VIC	1-------	0
AUZBO	Bowen	AU	QLD	1--4----	0
AWAUA	Aruba	AW		1--4----	0
AWBAR	Barcadera	AW		1-------	0
AWBUS	Bushiribana	AW		1-34----	0
AWDEU	Druif	AW		1-------	0
AWORJ	Oranjestad	AW		1---5---	0
AWSNL	Sint Nicolaas	AW		1-------	0
AXMHQ	Maarianhamina (Mariehamn)	AX		1--4----	0
AZALA	Alat	AZ	BA	1-3-----	0
AZBAK	Baku	AZ		12-45---	0
AZKMZ	Khachmaz	AZ	XAC	1----6--	0
AZQDG	Qaradag	AZ		123-----	0
AZSHI	Shirvan	AZ	AGU	1-3-----	0
AZSUQ	Sumqayit	AZ	SM	1-3-----	0
BA4CA	Cazin	BA	BIH	1-3-----	0
BABIR	Biracevac	BA		1-3-----	0
BADOJ	Domaljevac	BA		1----6--	0
BAFOJ	Fojnica	BA		1----6--	0
BAJBA	Jablanica	BA		1----6--	0
BAMAG	Maglaj	BA	BIH	123-----	0
BANEM	Neum	BA		1----6--	0
BASMT	Sanski Most	BA		1----6--	0
BAVGS	Vogosca	BA		1----6--	0
BAZNK	Zvornik	BA		123-----	0
BBBGI	Bridgetown	BB		1--45---	0
BBSTM	Saint Michael	BB	08	1----6--	0
BDASJ	Ashuganj	BD	04	1-------	0
BDBNP	Benapole	BD		1-------	0
BDBZL	Barisal	BD		1--4----	0
BDCGP	Chattogram	BD	10	1--45---	0
BDCHL	Chalna	BD		1-------	0
BDKHL	Khulna	BD		1-------	0
BDMGL	Mongla	BD		1-------	0
BDMUN	Munshiganj	BD	35	1-------	0
BDNAR	Narayanganj	BD		123-----	0
BDPAY	Payra Port	BD	06	1-------	0
BDPCR	Panchashar	BD	40	1----6--	0
BDPGN	Pangaon	BD	13	1-3-----	0
BE7PD	Athis	BE	WHT	1-3-----	0
BE9IR	Eben-Emael	BE	WLG	1-3-----	0
BEAAB	Aalst	BE	VOV	1-3-----	0
BEAAL	Aalter	BE	VOV	1-3-----	0
BEABK	Albertkanaal ports	BE		1-------	0
BEADK	Adinkerke	BE	VWV	1-3-----	0
BEAEJ	Arendonk	BE	VAN	1-3-----	0
BEAFN	Afsnee	BE	VOV	1-3-----	0
BEAGT	Argenteau	BE	WLG	1-3-----	0
BEAHE	Antheit	BE	WLG	1-3-----	0
BEAMY	Amay	BE	WLG	1-3-----	0
BEANB	Angleur	BE	WLG	123-----	0
BEAND	Andenne	BE	WNA	1-3-----	0
BEANH	Anhée	BE	WNA	1-3-----	0
BEANR	Antwerpen	BE	VAN	12345---	0
BEAPL	Appels	BE	VOV	1-3-----	0
BEAPS	Ampsin	BE	WLG	1-3-----	0
BEAPT	Appelterre-Eichem	BE	VOV	123-----	0
BEASP	Asper	BE	VOV	1-3-----	0
BEASR	Anseremme	BE	WNA	1-3-----	0
BEAST	Astene	BE	VOV	1-3-----	0
BEATH	Ath	BE	WHT	123-----	0
BEATO	Antoing	BE	WHT	1-3-----	0
BEAVE	Annevoie	BE	WNA	1-3-----	0
BEAVG	Anvaing	BE	WAL	1-3-----	0
BEAVL	Avelgem	BE	VWV	1-3-----	0
BEAVS	Auvelais	BE	WNA	1-3-----	0
BEBAI	Baillonville	BE	WAL	1----6--	0
BEBAN	Ben-Ahin	BE	WLG	1-3-----	0
BEBAT	Battel	BE	VAN	1-3-----	0
BEBAZ	Bazel	BE	VOV	1-3-----	0
BEBBG	Blankenberge	BE	VWV	1-3-----	0
BEBCM	Berchem	BE	VOV	123-----	0
BEBCR	Bellecourt	BE	WHT	1-3-----	0
BEBDU	Baudour	BE	WHT	1-3-----	0
BEBER	Beerse	BE	VAN	1-3-----	0
BEBGK	Balgerhoek	BE	VOV	123-----	0
BEBGN	Briegden	BE	VLI	1-3-----	0
BEBGS	Brugge (Bruges)	BE	VWV	123-----	0
BEBHE	Boekhoute	BE	VOV	1-3-----	0
BEBHR	Bléharies	BE	WHT	1-3-----	0
BEBHU	Buggenhout	BE	VOV	1-3-----	0
BEBLE	Balen	BE	VAN	1-3-----	0
BEBLO	Beloeil	BE	WHT	1-3-----	0
BEBLT	Blaton	BE	WHT	1-3-----	0
BEBMB	Boortmeerbeek	BE	VBR	123-----	0
BEBNU	Berneau	BE	WLG	1-3-----	0
BEBO2	Bougnies	BE	WHT	1-3-----	0
BEBOA	Bas-Oha	BE	WLG	1-3-----	0
BEBOC	Bocholt	BE	VLI	1-3-----	0
BEBOM	Boom	BE	VAN	123-----	0
BEBON	Bornem	BE	VAN	1-3-----	0
BEBOO	Boorsem	BE	VLI	1-3-----	0
BEBRE	Bree	BE	VLI	1-3-----	0
BEBRM	Beernem	BE	VWV	1-3-----	0
BEBRT	Berendrecht	BE	VAN	1-3-----	0
BEBRU	Brussel (Bruxelles)	BE	BRU	1234----	0
BEBRY	Bruyelle	BE	WHT	1-3-----	0
BEBSE	Bissegem	BE	VWV	1-3-----	0
BEBSI	Labuissière	BE	WHT	1-3-----	0
BEBSR	Baasrode	BE	VOV	123----B	0
BEBSU	Bossuit	BE	VWV	1-3-----	0
BEBTX	Bertrix	BE	WLX	1-3-----	0
BEBUD	Burcht	BE	VAN	1-3-----	0
BEBVE	Bever	BE	VBR	1-3-----	0
BEBVM	Bouvignes-sur-Meuse	BE	WNA	1-3-----	0
BEBVO	Beverlo	BE	VLI	1-3-----	0
BEBWN	Warneton	BE	WHT	1-3-----	0
BECBQ	Clabecq	BE	WBR	123-----	0
BECCS	Courcelles	BE	WHT	123-----	0
BECLN	Calonne	BE	WHT	1-3-----	0
BECOM	Comines	BE	WHT	1-3-----	0
BECOU	Couillet	BE	WHT	1-3-----	0
BECRA	Cheratte	BE	WLG	1-3-----	0
BECRL	Charleroi	BE	WHT	1234----	0
BECRQ	Chercq	BE	WHT	1-3-----	0
BECTA	Chertal	BE	WLG	123-----	0
BECTL	Châtelineau	BE	WHT	1-3-----	0
BEDDR	Dendermonde	BE	VOV	1-3-----	0
BEDEG	Deurne	BE	VAN	1-3-----	0
BEDEL	Doel	BE	VOV	1-3-----	0
BEDEZ	Deinze	BE	VOV	1-3-----	0
BEDGN	Drongen	BE	VOV	1-3-----	0
BEDIA	Dinant	BE	WNA	1-3-----	1
BEDIK	Diksmuide	BE	VWV	1-3-----	0
BEDKN	Daknam	BE	VOV	123-----	0
BEDLS	Dilsen	BE	VLI	1-3-----	0
BEDNB	Denderbelle	BE	VOV	1-3-----	0
BEDPE	De Pinte	BE	VOV	123-----	0
BEDPK	Diepenbeek	BE	VLI	1-3-----	0
BEDPY	Dampremy	BE	WHT	1-3-----	0
BEDRW	Denderleeuw	BE	VOV	1-3-----	0
BEDSE	Dessel	BE	VAN	1-3-----	0
BEDSL	Desselgem	BE	VWV	1-3-----	0
BEDUF	Duffel	BE	VAN	1-3-----	0
BEDXN	Deux-Acren	BE	WHT	1-3-----	0
BEEAM	Ename	BE	VOV	123-----	0
BEEBM	Emblem	BE	VAN	1-3-----	0
BEEBZ	Eigenbilzen	BE	VLI	1-3-----	0
BEECH	Mechelen	BE	VAN	1-3-----	0
BEEEK	Eeklo	BE	VOV	1-3-----	0
BEEET	Éthe	BE	WLX	1----6--	0
BEEFS	Escanaffles	BE	WHT	1-3-----	0
BEEHT	Eindhout	BE	VAN	1-3-----	0
BEEIN	Eine	BE	VOV	1-3-----	0
BEEKE	Ekeren	BE	VAN	1-3-----	0
BEEKS	Eksaarde	BE	VOV	123-----	0
BEELS	Melsen	BE	VOV	1-3-----	0
BEEMP	Estaimpuis	BE	WHT	123-----	0
BEENG	Engis	BE	WLG	1-3-----	0
BEEQE	Eke	BE	VOV	123-----	0
BEEQM	Esquelmes	BE	WHT	1-3-----	0
BEERE	Ertvelde	BE	VOV	1-3-----	0
BEESD	Eisden	BE	VLI	1-3-----	1
BEEVM	Evergem	BE	VOV	1-3-----	0
BEFCS	Farciennes	BE	WHT	123-----	0
BEFEY	Feluy	BE	WHT	1-3-----	0
BEFFX	Floriffoux	BE	WNA	1-3-----	0
BEFLN	Flône	BE	WLG	1-3-----	0
BEFLO	Floreffe	BE	WNA	1-3-----	0
BEFMA	Flémalle	BE	WLG	1-3-----	0
BEFNR	Franière	BE	WNA	123-----	0
BEFRM	Fortem	BE	VWV	1-3-----	0
BEFVT	Fontaine-Valmont	BE	WHT	1-3-----	0
BEFWI	Flawinne	BE	WNA	1-3-----	0
BEGBB	Grobbendonk	BE	VAN	1-3-----	0
BEGBH	Genenbos	BE	VLI	1-3-----	0
BEGBU	Gentbrugge	BE	VOV	1-3-----	0
BEGDE	Godsheide	BE	VLI	1-3-----	0
BEGDN	Godinne	BE	WNA	123-----	0
BEGEA	Geraardsbergen	BE	VOV	1-3-----	0
BEGEL	Geel	BE	VAN	1-3-----	0
BEGGM	Grembergen	BE	VOV	1-3-----	0
BEGHI	Saint-Ghislain	BE	WHT	123-----	0
BEGHL	Ghlin	BE	WHT	1-3-----	0
BEGLK	Gellik	BE	VLI	1-3-----	0
BEGNE	Gent (Ghent)	BE	VOV	1234----	0
BEGNK	Genk	BE	VLI	1-3-----	0
BEGOS	Gosselies	BE	WHT	1-3-----	0
BEGRB	Grimbergen	BE	VBR	1-3-----	0
BEGRO	Groot Bijgaarden	BE	BRU	123-----	0
BEGVR	Gavere	BE	VOV	1-3-----	0
BEHAM	Hamsehoeven	BE	VLI	1-3-----	0
BEHAR	Haren	BE	VBR	123-----	0
BEHBE	Hansbeke	BE	VOV	1-3-----	0
BEHBN	Hoboken	BE	VAN	1-3-----	0
BEHCS	Harchies	BE	WHT	1-3-----	0
BEHCT	Haccourt	BE	WLG	1-3-----	0
BEHDK	Heindonk	BE	VAN	1-3-----	0
BEHEE	Heer	BE	WNA	1-3-----	0
BEHEJ	Harelbeke	BE	VWV	1-3-----	0
BEHER	Herentals	BE	VAN	1-3-----	0
BEHET	Herent	BE	VLI	1-3-----	0
BEHEX	Hemiksem	BE	VAN	1-3-----	0
BEHFB	Halle	BE	VBR	1-3-----	0
BEHGA	Houdeng-Aimeries	BE	WHT	1-3-----	0
BEHGG	Houdeng-Goegnies	BE	WHT	1-3-----	0
BEHKN	Helkijn	BE	VWV	1-3-----	0
BEHLU	Halluin	BE	VWV	123-----	0
BEHMB	Ham-sur-Sambre	BE	WNA	1-3-----	0
BEHMH	Hermalle-sous-Huy	BE	WLG	1-3-----	0
BEHMM	Hamme	BE	VOV	123-----	0
BEHNA	Handzame	BE	VWV	123-----	0
BEHNS	Hensies	BE	WHT	1-3-----	0
BEHOL	Hollain	BE	WHT	1-3-----	0
BEHPD	Hastière-par-delà	BE	WNA	123-----	0
BEHRE	Havré	BE	WHT	1-3-----	0
BEHRP	Hourpes	BE	WHT	1-3-----	0
BEHRS	Herstal	BE	WLG	1-3-----	0
BEHSD	Hofstade	BE	VOV	1-3-----	0
BEHSL	Sint-Huibrechts-Lille	BE	VLI	1-3-----	0
BEHSS	Hasselt	BE	VLI	1-3-----	0
BEHTJ	Hautrage	BE	WHT	1-3-----	0
BEHTM	Hermeton-sur-Meuse	BE	WNA	123-----	0
BEHUM	Humbeek	BE	VBR	1-3-----	0
BEHUX	Houx	BE	WNA	123-----	0
BEHUY	Huy	BE	WLG	1-3-----	0
BEHVE	Hever	BE	VBR	1-3-----	0
BEHYB	Herdersem	BE	VOV	1-3-----	0
BEIAI	Denderhoutem	BE	VOV	1-3-----	0
BEIGE	Ingelmunster	BE	VWV	1-3-----	0
BEISR	Isières	BE	WHT	1-3-----	0
BEITR	Itter (Ittre)	BE	WBR	1-3-----	0
BEIZG	Izegem	BE	VWV	1-3-----	0
BEJAK	Jupille-sur-Meuse	BE	WLG	1-3-----	0
BEJAM	Jambes	BE	WNA	123-----	0
BEJAV	Java	BE	WLG	1-3-----	0
BEJKP	Sint-Jacobs-Kapelle	BE	VWV	123-----	0
BEJPS	Jemeppe-sur-Sambre	BE	WNA	1-3-----	0
BEKAI	Kain	BE	WHT	1-3-----	0
BEKAN	Canne (Kanne)	BE	VLI	1-3-----	0
BEKCT	Kachtem	BE	VWV	123-----	0
BEKDE	Kieldrecht	BE	VOV	1-3-----	0
BEKEK	Kruibeke	BE	VOV	1-3-----	0
BEKHN	Kerkhove	BE	VWV	1-3-----	0
BEKJK	Kortrijk	BE	VWV	1234----	0
BEKLE	Kaulille	BE	VLI	1-3-----	0
BEKMH	Kampenhout	BE	VBR	1-3-----	0
BEKNS	Knesselaere	BE	VOV	1-3-----	0
BEKOU	Kallo	BE	VOV	1-3-----	0
BEKPB	Kapelle-op-den-Bos	BE	VBR	1-3-----	0
BEKRN	Kuringen	BE	VLI	123-----	0
BEKRO	Kinrooi	BE	VLI	1-3-----	0
BEKSN	Kessenich	BE	VLI	1-3-----	0
BEKSR	Kluisbergen	BE	VOV	1-3-----	0
BEKUU	Kuurne	BE	VWV	1-3-----	0
BEKVE	Klein Veerle	BE	VAN	1-3-----	0
BEKWA	Kwaadmechelen	BE	VLI	1-3-----	0
BELAN	Lanaken	BE	VLI	1-3-----	0
BELAW	Lauwe	BE	VWV	123-----	0
BELBE	Lembeek	BE	VBR	1-3-----	0
BELBS	Lobbes	BE	WHT	1-3-----	0
BELDS	Landelies	BE	WHT	1-3-----	0
BELES	Lessines	BE	WHT	123-----	0
BELEU	Leuven	BE	VBR	1-3-----	0
BELFE	Leffinge	BE	VWV	1-3-----	0
BELGB	Langerbrugge	BE	VOV	1-3-----	0
BELGG	Liège	BE	WLG	1--4----	0
BELGM	Landegem	BE	VOV	123-----	0
BELGO	Langerlo	BE	VLI	1-3-----	0
BELHK	Liefkenshoek	BE	VOV	1-3-----	0
BELIE	Lier	BE	VAN	1-3-----	0
BELIL	Lillo	BE	VAN	1-3-----	0
BELIX	Lixhe	BE	WLG	1-3-----	0
BELML	Lommel	BE	VLI	1-3-----	0
BELNK	Lanklaar	BE	VLI	1-3-----	0
BELNY	Lanaye (Ternaaien)	BE	WLG	1-3-----	0
BELOK	Lokeren	BE	VOV	1-3-----	0
BELOT	Lot	BE	VBR	123-----	0
BELOZ	Lozen	BE	VLI	1-3-----	0
BELPG	Leopoldsburg	BE	VLI	1-3-----	0
BELPI	Laplaigne	BE	WHT	1-3-----	0
BELQA	Lanquesaint	BE	WHT	123-----	0
BELRG	Ledeberg	BE	VOV	1-3-----	0
BELSG	Lissewege	BE	VWV	1-3-----	0
BELUI	Lustin	BE	WNA	123-----	0
BELUM	Lummen	BE	VLI	1-3-----	1
BELUZ	Ladeuze	BE	WHT	1-3-----	0
BEMAN	Manage	BE	WHT	1-3-----	0
BEMAP	Marchienne-au-Pont	BE	WHT	1-3-----	0
BEMBY	Maubray	BE	WHT	123-----	0
BEMEE	Meer	BE	VAN	1-3-----	0
BEMEG	Meilegem	BE	VOV	1-3-----	0
BEMEH	Meerhout	BE	VAN	1-3-----	0
BEMEL	Melle	BE	VOV	1-3-----	0
BEMEN	Menen	BE	VWV	123-----	0
BEMEW	Moerbeke-Waas	BE	VOV	1-3-----	0
BEMFF	Maffle	BE	WHT	1-3-----	0
BEMGM	Meigem	BE	VOV	1-3-----	0
BEMGN	Moignelée	BE	WNA	123-----	0
BEMGS	Montignies-sur-Sambre	BE	WHT	1-3-----	0
BEMHN	Massenhoven	BE	VAN	1-3-----	0
BEMLD	Marche-les-Dames	BE	WNA	1-3-----	0
BEMLO	Mol	BE	VAN	1-3-----	0
BEMLY	Marly	BE	VBR	1-------	0
BEMMN	Maasmechelen	BE	VLI	1-3-----	0
BEMNO	Moen	BE	VWV	1-3-----	0
BEMQS	Mons	BE	WHT	1-3-----	0
BEMRB	Moerbrugge	BE	VWV	123-----	0
BEMRD	Merendree	BE	VOV	1-3-----	0
BEMRG	Maurage	BE	WHT	1-3-----	0
BEMRK	Merksem	BE	VAN	1-3-----	0
BEMRL	Merelbeke	BE	VOV	1-3-----	0
BEMRM	Merkem	BE	VWV	1-3-----	0
BEMRO	Mornimont	BE	WNA	123-----	0
BEMSI	Monsin	BE	WLG	1-3-----	0
BEMSJ	Molenbeek-Saint-Jean (Sint-Jans-Molenbeek)/Brussel (Bruxelles)	BE	BRU	1-3-----	0
BEMSK	Maaseik	BE	VLI	1-3-----	0
BEMSP	Mespelare	BE	VOV	1-3-----	0
BEMSR	Maisières	BE	WHT	1-3-----	0
BEMSS	Monceau-sur-Sambre	BE	WHT	1-3-----	0
BEMUI	Muizen	BE	VAN	123-----	0
BEMZK	Moerzeke	BE	VOV	1-3-----	0
BENAM	Namur	BE	WNA	123-----	0
BENBA	Nimy	BE	WHT	1-3-----	0
BENFE	Neffe	BE	WNA	123-----	0
BENHA	Neerharen	BE	VLI	1-3-----	0
BENHY	Neuville-sous-Huy	BE	WLG	123-----	0
BENIE	Nieuwpoort	BE	VWV	1-3-----	0
BENIL	Niel	BE	VAN	1-3-----	0
BENMC	Namêche	BE	WNA	123-----	0
BENNV	Ninove	BE	VOV	123-----	0
BENRP	Neerpelt	BE	VLI	123-----	0
BENRT	Neeroeteren	BE	VLI	1-3-----	0
BENRY	Renory	BE	WLG	1-3-----	0
BENVH	Neder-Over-Heembeek	BE	VBR	1-3-----	0
BENVL	Nevele	BE	VOV	1-3-----	0
BENVN	Noeveren	BE	VAN	1-3-----	0
BENYL	Nijlen	BE	VAN	1-3-----	0
BEOBG	Oudenburg	BE	VWV	1-3-----	0
BEOBR	Obourg	BE	WHT	123-----	0
BEOBT	Ombret-Rawsa	BE	WLG	1-3-----	0
BEODE	Auderghem (Oudergem)/Brussel (Bruxelles)	BE	BRU	1-3-----	0
BEOEL	Oelegem	BE	VAN	1-3-----	0
BEOEV	Oevel	BE	VAN	1-3-----	0
BEOGS	Ollignies	BE	WHT	1-3-----	0
BEOHN	Ophoven	BE	VLI	1-3-----	0
BEOKG	Okegem	BE	VOV	123-----	0
BEOKP	Oostkamp	BE	VWV	1-3-----	0
BEOLE	Overboelare	BE	VOV	1-3-----	0
BEOLN	Olen	BE	VAN	1-3-----	0
BEOOG	Ooigem	BE	VWV	1-3-----	0
BEOPI	Opitter	BE	VLI	1-3-----	0
BEOPY	Oupeye	BE	WLG	1-3-----	0
BEOQC	Oisquercq	BE	WBR	123-----	0
BEORR	Orroir	BE	WHT	123-----	0
BEOSG	Oeselgem	BE	VWV	1-3-----	0
BEOST	Oostende (Ostend)	BE	VWV	123-----	0
BEOTH	Oud-Turnhout	BE	VAN	1-3-----	0
BEOTK	Oostkerke	BE	VWV	1-3-----	0
BEOTL	Oosterlo	BE	VAN	1-3-----	0
BEOUD	Oudenaarde	BE	VOV	1-3-----	0
BEOUG	Ougrée	BE	WLG	1-3-----	0
BEOVE	Overpelt	BE	VLI	123-----	0
BEOZL	Onkerzele	BE	VOV	123-----	0
BEPAL	Paal	BE	VLI	1-3-----	0
BEPCL	Pont-à-Celles	BE	WHT	1-3-----	0
BEPCQ	Pecq	BE	WHT	1-3-----	0
BEPES	Péronnes	BE	WHT	1-3-----	0
BEPFE	Profondeville	BE	WNA	1-3-----	0
BEPKH	Pollinkhove	BE	VWV	1-3-----	0
BEPLB	Péronnes/Binche	BE	WHT	1-3-----	0
BEPLO	Pont-de-Loup	BE	WHT	1-3-----	0
BEPLY	Petit-Lanaye	BE	WLG	1-3-----	0
BEPME	Pommeroeul	BE	WHT	1-3-----	0
BEPML	Pamel	BE	VBR	1-3-----	0
BEPTP	Pijp Tabak	BE	VAN	1-3-----	0
BEPTS	Pottes	BE	WHT	1-3-----	0
BEPUU	Puurs	BE	VAN	1-3-----	0
BERAR	La Roche-en-Ardenne	BE	WLX	1-3-----	0
BERBE	Roesbrugge	BE	VWV	1-3-----	0
BERBX	Rebaix	BE	WHT	1-3-----	0
BERCI	Ramegnies-Chin	BE	WHT	123-----	0
BERCL	Richelle	BE	WLG	123-----	0
BERCT	Roucourt	BE	WHT	1-3-----	0
BEREK	Rekkem	BE	VOV	1-3-----	0
BEREQ	Erquelinnes	BE	WHT	1-3-----	0
BERGE	Reninge	BE	VWV	1-3-----	1
BERHA	Roesbrugge-Haringe	BE	VWV	1-3-----	0
BERIE	Rieme	BE	VOV	1-3-----	0
BERIJ	Rijkevorsel	BE	VAN	1-3-----	0
BERIN	Beringen	BE	VLI	123-----	0
BERJT	Rocourt	BE	WAL	1----6--	0
BEROE	Roeselare	BE	VWV	1-3-----	0
BEROS	Roselies	BE	WHT	123-----	0
BEROU	Le Roeulx	BE	WHT	1-3-----	0
BEROX	Roux	BE	WHT	1-3-----	0
BERPM	Rupelmonde	BE	VOV	1-3-----	0
BERQS	Ronquières	BE	WHT	123-----	0
BERTI	Retie	BE	VAN	1-3-----	0
BERUE	Ruien	BE	VOV	1-3-----	0
BERUI	Ruisbroek	BE	VBR	1-3-----	0
BERUS	Rumst	BE	VAN	1-3-----	1
BERVE	Rivière	BE	WNA	1-3-----	0
BERVS	Ravels	BE	VAN	1-3-----	0
BESAN	Sint-Andries	BE	VWV	1-3-----	0
BESAS	Sint-Amands	BE	VAN	1-3-----	0
BESBE	Steenbrugge	BE	VWV	1-3-----	0
BESBG	Stambruges	BE	WHT	1-3-----	0
BESCE	Schilde	BE	VAN	1-3-----	0
BESCT	Schoten	BE	VAN	1-3-----	0
BESDP	Steendorp	BE	VOV	1-3-----	0
BESDT	Soudromont	BE	WHT	123-----	0
BESEN	Seneffe	BE	WHT	123-----	0
BESES	Seilles	BE	WNA	123-----	0
BESGM	Stasegem	BE	VWV	1-3-----	0
BESGX	Sclaigneaux	BE	WNA	1-3-----	0
BESHB	Schellebelle	BE	VOV	1-3-----	0
BESHL	Schelle	BE	VAN	1-3-----	0
BESHR	Schelderode	BE	VOV	1-3-----	0
BESJG	Sint-Job-in-'t-Goor	BE	VAN	1-3-----	0
BESJO	Sint-Jozef-Olen	BE	VAN	1-3-----	0
BESJR	Sint-Joris	BE	VWV	1-3-----	0
BESKA	Sint Katelijne Waver	BE		1-3-----	0
BESKR	Stokrooie	BE	VLI	1-3-----	0
BESLJ	Sas-Slijkens	BE	VWV	123-----	0
BESLN	Sint-Lenaarts	BE	VAN	1-3-----	0
BESLS	Salles	BE	WHT	1-3-----	0
BESLY	Sclayn	BE	WNA	1-3-----	0
BESML	Sint-Martens-Latem	BE	VOV	1-3-----	0
BESNE	Schoonaarde	BE	VOV	1-3-----	1
BESPE	Scheepsdale	BE	VWV	1-3-----	0
BESPI	Espierres (Spiere)	BE	VWV	1-3-----	0
BESSB	Solre-sur-Sambre	BE	WHT	123-----	0
BESSK	Snaaskerke	BE	VWV	1-3-----	0
BESSN	Sclessin	BE	WLG	1-3-----	0
BESSO	Samson	BE	WNA	123-----	0
BESTT	Statte	BE	WLG	123-----	0
BESVG	Ruisbroek	BE	VAN	1-3-----	0
BESVN	Stevensvennen	BE	VLI	1-3-----	0
BETBE	Tournebride	BE	VLI	1-3-----	0
BETDK	Terdonk	BE	VOV	1-3-----	0
BETER	Ternat	BE	VBR	1-3-----	0
BETES	Tessenderlo	BE	VLI	1-3-----	0
BETET	Tertre	BE	WHT	1-3-----	0
BETFN	Teralfene	BE	VBR	123-----	0
BETGE	Tergnée	BE	WHT	123-----	0
BETGL	Tongerlo	BE	VLI	1-3-----	0
BETGN	Terhagen	BE	VAN	1-3-----	0
BETHE	Thieu	BE	WHT	1-3-----	0
BETHG	Tihange	BE	WLG	1-3-----	0
BETHU	Thuin	BE	WHT	1-3-----	0
BETIL	Tielrode	BE	VOV	1-3-----	0
BETIS	Tisselt	BE	VAN	1-3-----	0
BETLK	Tildonk	BE	VBR	1-3-----	0
BETLR	Tilleur	BE	WLG	123-----	0
BETMS	Tamines	BE	WNA	1-3-----	0
BETOB	Thorntonbank	BE		1-------	0
BETRG	Thorembais-les-Beguines	BE	WBR	1-3-----	0
BETRN	Doornik (Tournai)	BE	WHT	123-----	0
BETSE	Temse	BE	VOV	1-3-----	0
BETSL	Tourinnes-St-Lambert	BE	WAL	1----6--	0
BETTJ	Heultje	BE	BRU	1-3-----	0
BETUR	Turnhout	BE	VAN	1-3-----	0
BEUIT	Uitbergen	BE	VOV	1-3-----	0
BEVBG	Verbrande Brug	BE	VBR	1-3-----	0
BEVEU	Veurne	BE	VWV	1-3-----	0
BEVGL	Virginal-Samme	BE	WBR	1-3-----	0
BEVHN	Vroenhoven	BE	VLI	1-3-----	0
BEVIL	Vilvoorde	BE	VBR	1-3-----	0
BEVIT	Sankt Vith	BE		123-----	0
BEVLX	Vaulx	BE	WHT	1-3-----	0
BEVSB	Val Saint-Lambert	BE	WLG	1-3-----	0
BEVSH	Ville-sur-Haine	BE	WHT	1-3-----	0
BEVSL	Viersel	BE	VAN	1-3-----	0
BEVVI	Viesville	BE	WHT	1-3-----	0
BEVWZ	Veldwezelt	BE	VLI	1-3-----	0
BEVZI	Vezin	BE	WNA	123-----	0
BEW5R	Awirs	BE	WLG	1-3-----	0
BEWAA	Waasmunster	BE	VOV	1-3-----	0
BEWAH	Hoves	BE	WAL	1-3-----	0
BEWAN	Wanze	BE	WLG	1-3-----	0
BEWAR	Waregem	BE	VWV	1-3-----	0
BEWBR	Maransart	BE	WBR	1----6--	0
BEWCG	Warcoing	BE	WHT	1-3----B	0
BEWDG	Wondelgem	BE	VOV	1-3-----	0
BEWDM	Waardamme	BE	VWV	1-3-----	0
BEWEE	Wingene	BE	VWV	1-3-----	0
BEWEL	Wellen	BE	VLI	1-3-----	0
BEWER	Wervik	BE	VWV	1-3-----	0
BEWET	Wetteren	BE	VOV	1-3-----	0
BEWEV	Wevelgem	BE	VWV	1-3-----	0
BEWGL	Wijgmaal	BE	VBR	1-3-----	0
BEWHT	Blaregnies	BE	WHT	1-3-----	0
BEWIH	Wichelen	BE	VOV	1-3-----	0
BEWIP	Wépion	BE	WNA	1-3-----	0
BEWIR	Wiers	BE	WHT	1-3-----	0
BEWJG	Wijnegem	BE	VAN	1-3-----	0
BEWLB	Willebroek	BE	VAN	1-3-----	0
BEWLM	Walem	BE	VAN	1-3-----	0
BEWLP	Wulpen	BE	VWV	1-3-----	0
BEWLT	Waulsort	BE	WNA	1-3-----	0
BEWND	Wandre	BE	WLG	1-3-----	0
BEWTH	Wintham	BE	VAN	1-3-----	0
BEXXX	RIS Inland waterways	BE		1-------	0
BEYRT	Ivoz-Ramet	BE	WLG	1-3-----	0
BEYVO	Yvoir	BE	WNA	1-3-----	0
BEZBR	Zandbergen	BE	VOV	1-3-----	0
BEZEE	Zeebrugge	BE	VWV	1-3-----	0
BEZEL	Zelzate	BE	VOV	1-3-----	0
BEZER	Seraing	BE	WLG	1-3-----	0
BEZET	Zemst	BE	VBR	1-3-----	0
BEZGM	Zingem	BE	VOV	1-3-----	0
BEZLE	Zele	BE	VOV	1-3-----	0
BEZOD	Zolder	BE	VLI	1-3-----	0
BEZRM	Zomergem	BE	VOV	1-3-----	0
BEZTL	Zutendaal	BE	VLI	1-3-----	0
BEZUL	Zulte	BE	VOV	1-3-----	0
BEZUN	Zuen (Zuun)	BE	VBR	1-3-----	0
BEZVD	Zandvoorde	BE	VWV	1-3-----	0
BEZVT	Zandvliet	BE	VAN	1-3-----	0
BEZWE	Zwevegem	BE	VWV	1-3-----	0
BEZWL	Zwijndrecht	BE	VAN	1-3-----	0
BEZWN	Zwijnaarde	BE	VOV	1-3-----	0
BFOB2	Ziniaré	BF	OUB	1-3-----	0
BG4IG	Ignatievo	BG	03	1-3-----	0
BGAKH	Akhtopol	BG		1-------	0
BGBAL	Balchik	BG		1-------	0
BGBOJ	Burgas	BG		1-------	0
BGBSL	Byala Slatina	BG		123-----	0
BGGUR	Gurkovo	BG	24	123-----	0
BGKUK	Kuklen	BG	16	1-3-----	0
BGMAB	Marchevo	BG	01	1----6--	0
BGNES	Nessebar	BG		1-3-----	0
BGNPO	Nikopol	BG	15	123-----	0
BGOKH	Oryakhovo	BG		123-----	0
BGPOD	Podayva	BG	17	1-------	0
BGRDU	Ruse	BG		1234----	0
BGS3W	Straldzha	BG	28	1-3-----	0
BGSLS	Silistra	BG		1--4----	0
BGSOM	Somovit	BG		1-------	0
BGSOZ	Sozopol	BG		1-3-----	0
BGSVI	Svistov	BG		1-------	0
BGVAR	Varna	BG		1--4----	0
BGVAZ	Varna-Zapad	BG		1-------	0
BGVID	Vidin	BG		1234----	0
BGVT4	Byala Cherkva	BG	04	1-3-----	0
BGXXX	RIS Inland waterways	BG		1-------	0
BHAHD	Al Hidd	BH	15	1-3--67-	0
BHGBQ	Al Muharraq	BH	15	1-------	0
BHKBS	Khalifa Bin Salman Port	BH	15	1-------	0
BHMIN	Mina Sulman Port	BH	13	1-------	0
BHSIT	Sitrah	BH	16	1-------	0
BICBK	Cibitoke	BI	BM	1-3-----	0
BJCOO	Cotonou	BJ		1--45---	0
BJPTN	Porto-Novo	BJ	OU	123-----	0
BJSEM	Seme Terminal	BJ		1-------	0
BLSBH	Saint-Barthélemy	BL		1--45---	0
BMBDA	Hamilton	BM		1--45---	0
BMFPT	Freeport	BM		1-------	0
BMHBI	Harbour Island	BM		1-------	0
BMKWF	Kings Wharf	BM		1-3-----	0
BMSAN	Sandys	BM		1-------	0
BMSEV	Devonshire	BM		1-------	0
BMSGE	Saint George	BM		1-------	0
BMSOU	Southampton	BM		1-------	0
BNBWN	Bandar Seri Begawan	BN	BM	1-345---	0
BNKUB	Kuala Belait	BN		1--4----	0
BNLUM	Lumut	BN		1-------	0
BNMUA	Muara	BN		1-------	0
BNSER	Seria	BN		1-------	0
BNTAS	Tanjong Selirong	BN	TE	1-------	0
BOCPB	Copacabana	BO	L	1-3-----	0
BOGUQ	Guaqui	BO	L	1-3-----	0
BOHTJ	Huatajata	BO	L	1-3-----	0
BOPBU	Puerto Busch	BO	S	1-3-----	0
BOPPR	Puerto Pérez	BO	L	1-3-----	0
BOPSZ	Puerto Suárez	BO	S	1--4----	0
BOPTC	Puerto Carabuco	BO	L	1-3-----	0
BOPUR	Puerto Rico	BO	N	1-34----	0
BOQJR	Puerto Quijarro	BO	S	1-3-----	0
BORBQ	Rurrenabaque	BO	B	1-34----	0
BORIB	Riberalta	BO	B	1-34----	0
BOTDD	Trinidad	BO	B	1-34----	0
BQBON	Bonaire	BQ		1--45---	0
BQEUX	Sint Eustatius	BQ		1--45---	0
BQGOT	Goto	BQ		1-------	0
BQKRA	Kralendijk	BQ		1-------	0
BQRIN	Dorp Rincón	BQ		1-3-----	0
BQSAB	Saba	BQ		1--45---	0
BRAAR	Acará	BR	PA	1-3-----	0
BRABZ	Armação dos Búzios	BR	RJ	1-3-----	0
BRACT	Alcântara	BR	MA	1-3-----	0
BRACX	Açu Pt / São João da Barra	BR	RJ	1-------	0
BRADR	Angra dos Reis	BR	RJ	1-34-6--	0
BRAFU	Afuá	BR	PA	1-3-----	0
BRAJU	Aracaju	BR	SE	1-34----	0
BRALT	Alenquer	BR	PA	1-34----	0
BRAMM	Almeirim	BR	PA	1-34----	0
BRANA	Ananindeua	BR	PA	1-3-----	0
BRANH	Anhembi	BR	SP	1-3-----	0
BRANS	Araguatins	BR	TO	1-34----	0
BRANT	Antonina	BR	PR	1-3-----	1
BRARB	Aratu Pt / Candeias	BR	BA	12------	0
BRARE	Areia Branca	BR	RN	1-3-----	0
BRARU	Araçatuba	BR	SP	1-34----	0
BRATM	Altamira	BR	PA	1-34----	0
BRAUN	Aruanã	BR	GO	1-34----	0
BRAUS	Autazes	BR	AM	1-3-----	0
BRBAC	Balneário Camboriú	BR	SC	1-3-----	0
BRBAR	Barra dos Coqueiros	BR	SE	1-3-----	0
BRBAZ	Barcelos	BR	AM	1-34----	0
BRBCE	Bacabeira	BR	MA	123-----	0
BRBCT	Benjamin Constant	BR	AM	1-3-----	0
BRBEA	Barreirinha	BR	AM	1-3-----	0
BRBEI	Beruri	BR	AM	1-3-----	0
BRBEL	Belém	BR	PA	1-34-6--	0
BRBIR	Bariri	BR	SP	1-34----	0
BRBLE	Belmonte	BR	BA	1-3-----	0
BRBOB	Borba	BR	AM	1-34----	0
BRBQQ	Barra	BR	BA	1-34----	0
BRBSS	Balsas	BR	MA	1-34----	0
BRBVI	Benevides	BR	PA	1-3-----	0
BRBVR	Boa Vista do Ramos	BR	AM	1-3-----	0
BRBVS	Breves	BR	PA	1-34----	0
BRCAN	Canoas	BR	RS	123--6--	0
BRCAR	Coari	BR	AM	1-34----	0
BRCCS	Conchas	BR	SP	1-3-----	0
BRCCX	Cáceres	BR	MT	1-34-6--	0
BRCCY	Caracaraí	BR	RR	1-3-----	0
BRCDA	Codajás	BR	AM	1-3-----	0
BRCDO	Cabedelo Pt / João Pessoa	BR	PB	1-------	0
BRCFO	Cabo Frio	BR	RJ	1-34----	0
BRCGA	Conceição do Araguaia	BR	PA	1-34----	0
BRCGZ	Campos dos Goytacazes	BR	RJ	1-34----	0
BRCHE	Chaves	BR	PA	1-3-----	0
BRCHI	Cachoeira do Arari	BR	PA	1-3-----	0
BRCLN	Carolina	BR	MA	1-34----	0
BRCMA	Cametá	BR	PA	1-3-----	0
BRCMG	Corumbá	BR	MS	1234-6--	0
BRCPR	Cachoeira do Piriá	BR	PA	1-3-----	0
BRCQD	Charqueadas	BR	RS	1-3-----	0
BRCRL	Caravelas	BR	BA	1-34----	0
BRCRY	Carauari	BR	AM	1-34----	0
BRCSL	Cachoeira do Sul	BR	RS	1-34----	0
BRCTM	Canutama	BR	AM	1-3-----	0
BRCUO	Cubatão	BR	SP	123--6--	0
BRCVZ	Careiro da Várzea	BR	AM	1-3-----	0
BRCZS	Cruzeiro do Sul	BR	AC	1-34----	0
BRDCS	Duque de Caxias	BR	RJ	1-3--6--	0
BRERN	Eirunepé	BR	AM	1-34----	0
BRETA	Estrela	BR	RS	1-34----	0
BRFBA	Fonte Boa	BR	AM	1-3-----	0
BRFEN	Fernando de Noronha	BR	PE	1--4----	0
BRFNO	Forno Pt / Arraial do Cabo	BR	RJ	1-------	0
BRFOR	Fortaleza	BR	CE	1234----	0
BRGIA	Guaíra	BR	PR	1-34-6--	0
BRGIB	Guaíba	BR	RS	1-3-----	0
BRGJM	Guajará-Mirim	BR	RO	1-3--6--	0
BRGJR	Guajará	BR	AM	1-3-----	0
BRGNS	Galinhos	BR	RN	1-3-----	0
BRGRP	Gurupá	BR	PA	1-3-----	0
BRGUA	Guamaré	BR	RN	1-3-----	0
BRGUJ	Guarujá	BR	SP	123--6--	0
BRHMA	Humaitá	BR	AM	1-34----	0
BRIAR	Itacoatiara	BR	AM	1-34----	0
BRIBB	Imbituba	BR	SC	123-----	0
BRIBE	Ilhabela	BR	SP	1-3-----	0
BRIBT	Ibotirama	BR	BA	1-34----	0
BRIGU	Foz do Iguaçu	BR	PR	1-34-6--	0
BRIIM	Itapemirim	BR	ES	1-3-----	0
BRIMP	Imperatriz	BR	MA	1234----	0
BRIOA	Itapoá	BR	SC	1-3-----	0
BRIOS	Ilhéus	BR	BA	1-34----	0
BRIPG	Itapiranga	BR	AM	1-3-----	0
BRIQI	Itaqui Pt / São Luís	BR	MA	12------	0
BRIRB	Iranduba	BR	AM	1-3-----	0
BRISA	Ilha Solteira	BR	SP	1-3-----	0
BRITB	Itaituba	BR	PA	1-34----	0
BRITJ	Itajaí	BR	SC	1-3--6--	0
BRITQ	Itaqui	BR	RS	1-3-----	0
BRIXA	Ipixuna	BR	AM	1-3-----	0
BRJAG	Jaguarão	BR	RS	1-3--6--	0
BRJAU	Jaú	BR	SP	123-----	0
BRJUR	Juruti	BR	PA	1-3-----	0
BRJZO	Juazeiro	BR	BA	1-3-----	0
BRLDR	Ladário	BR	MS	123-----	0
BRLJI	Laranjal do Jari	BR	AP	1-3-----	0
BRLRS	Linhares	BR	ES	1-34----	0
BRMAB	Marabá	BR	PA	1234----	0
BRMAO	Manaus	BR	AM	1-3456--	0
BRMAR	Maragogipe	BR	BA	1-3-----	0
BRMAS	Maués	BR	AM	1-34----	0
BRMCP	Santana Pt / Macapá	BR	AP	1-------	0
BRMCU	Macau	BR	RN	1-3-----	0
BRMCZ	Maceió	BR	AL	1-34----	0
BRMDD	Madre de Deus	BR	BA	1-3-----	0
BRMEA	Macaé	BR	RJ	1-34----	0
BRMGT	Mangaratiba	BR	RJ	123-----	0
BRMNV	Mundo Novo	BR	MS	1-3--6--	0
BRMNX	Manicoré	BR	AM	1-34----	0
BRMOS	Mossoró	BR	RN	1-34----	0
BRMOU	Moju	BR	PA	1-3-----	0
BRMPR	Manacapuru	BR	AM	1-3-----	0
BRMQR	Manaquiri	BR	AM	1-3-----	0
BRMRC	Maricá	BR	RJ	1-34----	0
BRMTE	Monte Alegre	BR	PA	1-34----	0
BRNAA	Nhamundá	BR	AM	1-3-----	0
BRNAO	Novo Airão	BR	AM	1-3-----	0
BRNAT	Natal	BR	RN	1-34----	0
BRNON	Nova Olinda do Norte	BR	AM	1-3-----	0
BRNOR	Praia Norte	BR	TO	1-3-----	0
BRNTR	Niterói	BR	RJ	1-3-----	0
BRNVP	Novo Aripuanã	BR	AM	1-3-----	0
BRNVT	Navegantes	BR	SC	1-34----	0
BROBI	Óbidos	BR	PA	1-34----	0
BRORX	Oriximiná	BR	PA	1-34----	0
BRPBD	Pato Bragado	BR	PR	1-3-----	0
BRPBO	Porto Belo	BR	SC	1-3-----	0
BRPDM	Porto de Moz	BR	PA	1-34----	0
BRPEC	Pecém Pt / São Gonçalo do Amarante	BR	CE	12------	0
BRPEO	Presidente Epitácio	BR	SP	1-34----	0
BRPET	Pelotas	BR	RS	1-34----	0
BRPIN	Parintins	BR	AM	1-34----	0
BRPIP	Pirapora	BR	MG	1234----	0
BRPKY	Presidente Kennedy	BR	ES	1-3-----	0
BRPMA	Ponta da Madeira Pt / São Luís	BR	MA	12------	0
BRPMH	Porto Murtinho	BR	MS	1-3--6--	0
BRPNG	Paranaguá	BR	PR	1234-6--	0
BRPNS	Pederneiras	BR	SP	1234----	0
BRPNX	Panorama	BR	SP	1-3-----	0
BRPNZ	Petrolina	BR	PE	1-34----	0
BRPOA	Porto Alegre	BR	RS	1-34----	0
BRPOL	Portel	BR	PA	1-3-----	0
BRPOU	Ponta do Ubu Pt / Anchieta	BR	ES	1-------	0
BRPPN	Pontal do Paraná	BR	PR	1-3-----	0
BRPRH	Prainha	BR	PA	1-3-----	0
BRPRM	Praia Mole Pt / Vitória	BR	ES	1-------	0
BRPRU	Paracuru	BR	CE	1-3-----	0
BRPVH	Porto Velho	BR	RO	1-34----	0
BRPWA	Porto Acre	BR	AC	1-3-----	0
BRPWR	Porto Walter	BR	AC	1-3-----	0
BRRBR	Rio Branco	BR	AC	1-34----	0
BRRCH	Barra do Riacho Pt / Aracruz	BR	ES	12------	0
BRREC	Recife	BR	PE	1-34-6--	0
BRRGC	Araguacema	BR	TO	1-3-----	0
BRRIG	Rio Grande	BR	RS	1234-6--	0
BRRIO	Rio de Janeiro	BR	RJ	1234567-	0
BRRPO	Rio Pardo	BR	RS	1-3-----	0
BRSEF	Senador José Porfírio	BR	PA	1-3-----	0
BRSER	Serra	BR	ES	123-----	0
BRSFS	São Francisco do Sul	BR	SC	1234-6--	0
BRSGM	São Miguel do Guamá	BR	PA	1-3-----	0
BRSGO	São Gonçalo	BR	RJ	1-3-----	0
BRSIR	Santa Isabel do Rio Negro	BR	AM	1-34----	0
BRSLV	Salvaterra	BR	PA	1-3-----	0
BRSMS	São Mateus	BR	ES	1-34----	0
BRSNH	Santa Helena	BR	PR	1-3-----	0
BRSPB	Itaguaí Pt = Sepetiba Pt / Itaguaí	BR	RJ	12------	0
BRSPD	São Pedro	BR	SP	1-34----	0
BRSPV	São Paulo de Olivença	BR	AM	1-3-----	0
BRSSA	Salvador	BR	BA	1-34-6--	0
BRSSB	São Sebastião do Uatumã	BR	AM	1-3-----	0
BRSSI	São Simão	BR	GO	1-3-----	0
BRSSO	São Sebastião	BR	SP	1-3--6--	0
BRSSR	Santa Maria da Serra	BR	SP	1-3-----	0
BRSSZ	Santos	BR	SP	123--6--	0
BRSTM	Santarém	BR	PA	1-34-6--	0
BRSTU	Santa Terezinha de Itaipu	BR	PR	1-3-----	0
BRSUA	Suape Pt / Ipojuca	BR	PE	1-------	0
BRSUE	Soure	BR	PA	1-3-----	0
BRSVP	Santa Vitória do Palmar	BR	RS	1-3-----	0
BRTAQ	Taquari	BR	RS	1-3-----	0
BRTBT	Tabatinga	BR	AM	1-34-6--	0
BRTFF	Tefé	BR	AM	1-34----	0
BRTFO	Triunfo	BR	RS	1-3-----	0
BRTLD	Tailândia	BR	PA	1-3-----	0
BRTLG	Três Lagoas	BR	MS	1-34----	0
BRTMT	Porto Trombetas / Oriximiná	BR	PA	1--4----	0
BRTNS	Tonantins	BR	AM	1-3-----	0
BRTPW	Tapauá	BR	AM	1-3-----	0
BRTRM	Tramandaí	BR	RS	1-3-----	0
BRTRO	Terra Roxa	BR	PR	1-3-----	0
BRTST	Terra Santa	BR	PA	1-34----	0
BRTUB	Tubarão Pt / Vitória	BR	ES	12------	0
BRUBT	Ubatuba	BR	SP	1-34----	0
BRURT	Urucurituba	BR	AM	1-3-----	0
BRVDC	Vila do Conde Pt / Barcarena	BR	PA	1-------	0
BRVDX	Vitória do Xingu	BR	PA	1-3-----	0
BRVGR	Várzea Grande	BR	MT	1-3-----	0
BRVIE	Vila Bela da Santíssima Trindade	BR	MT	1-3-----	0
BRVIX	Vitória	BR	ES	1234-6--	0
BRVVE	Vila Velha	BR	ES	1-3--6--	0
BRXAA	Xambioá	BR	TO	1-3-----	0
BRXQI	Xique-Xique	BR	BA	1-34----	0
BRYTR	Itamarati	BR	AM	1-3-----	0
BSASD	Andros Town, Andros Island	BS		1--4----	0
BSBKC	Bock Cay	BS	EX	1-------	0
BSCBT	Cockburn Town	BS	SS	1-------	0
BSCCZ	Chub Cay, Berry Islands	BS		1--4----	0
BSCEL	Cape Eleuthera	BS	SE	1--4----	0
BSCLP	Clifton Point	BS		1-------	0
BSCOC	Little Stirrup Cay	BS	BY	1-------	0
BSCOX	Congo Town	BS	SA	1--4----	0
BSCRI	Crooked Island	BS		1--4----	0
BSELE	Eleuthera Island	BS		1-------	0
BSEXU	Great Exuma Island	BS	EX	1-------	0
BSFPO	Freeport, Grand Bahama	BS		1--4----	0
BSGGT	George Town, Great Exuma Island	BS		1--4----	0
BSGHB	Governors Harbour, Eleuthera	BS		1--4----	0
BSGHC	Great Harbour Cay	BS	BY	1--4----	0
BSGOC	Gorda Cay	BS		1-------	0
BSGSC	Great Stirrup Cay	BS	BY	1-------	0
BSGTC	Green Turtle Cay	BS	HT	1--4----	0
BSHBI	Harbour Island	BS	HI	1--4----	0
BSHMC	Little San Salvador	BS		1-------	0
BSIGA	Inagua	BS		1--4----	0
BSLUC	Lucaya	BS	FP	1-------	0
BSMAT	Matthew Town	BS		1-------	0
BSMHH	Marsh Harbour	BS	CO	1--4----	0
BSMYG	Mayaguana Island	BS		1--4----	0
BSNAS	Nassau	BS		1--45---	0
BSOCE	Ocean Cay	BS		1-------	0
BSRSD	Rock Sound	BS	SE	1--4----	0
BSSAQ	San Andros	BS	NS	1--4----	0
BSSML	Stella Maris	BS	LI	1--4----	0
BSSRP	South Riding Point	BS		1-------	0
BSTBI	The Bight	BS	CI	1--4----	0
BSTCB	Treasure Cay, Great Abaco Island	BS		1--4----	0
BSWKR	Walker's Cay	BS		1--4----	0
BSWTD	West End	BS	FP	1--4----	0
BSZSA	San Salvador Island	BS		1--4----	0
BWDUK	Dukwi	BW	CE	1----6--	0
BWMAH	Mahalapye	BW		123-----	0
BYKLK	Kletsk	BY		1-3-----	0
BYKYC	Kostyukovichi	BY		123--6--	0
BYPIK	Pinsk	BY		123-----	0
BYRYA	Rechytsa	BY		123-----	0
BYSNM	Slonim	BY		123--6--	0
BYVAW	Vawkavysk	BY		123-----	0
BZBAR	Barranco	BZ		1-------	0
BZBGK	Big Creek	BZ	SC	1-34----	0
BZBZE	Belize City	BZ		1--45---	0
BZCOL	Colinto	BZ		1-------	0
BZDGA	Dangriga	BZ		1-3-----	0
CAAAB	Lac La Biche	CA	AB	1----6--	0
CAAAL	Alert Bay	CA	BC	1-------	0
CAABL	Amberly	CA	ON	1----6--	0
CAABR	Rocky View County	CA	AB	1-3-----	0
CAAGU	Aguathuna	CA	NL	1-3-----	0
CAAHL	Apple Hill	CA	ON	1-------	0
CAALK	Adlavik	CA	NL	1-3-----	0
CAALO	L'Anse-au-Loup	CA	NL	1-3-----	0
CAALV	Atholville	CA	NB	123-----	0
CAAMH	Amherstburg	CA	ON	1-------	0
CAANB	Andys Bay	CA	BC	1-------	0
CAANZ	Anzac	CA	AB	123-----	0
CAARB	Arctic Bay	CA	NU	1-34----	0
CAARC	Arnold's Cove	CA	NL	1-3-----	0
CAARI	Arichat	CA	NS	1-3-----	0
CAASQ	Asquith	CA	SK	1----6--	0
CAAVO	Avondale	CA	NL	1-3-----	0
CAAVP	Avonport	CA	NS	123-----	0
CABAA	Bala	CA	ON	123--6--	0
CABAD	Baddeck	CA	NS	1-------	0
CABAM	Bamberton	CA	BC	1-------	0
CABAN	Barrington	CA	NS	1-3-----	0
CABAT	Bathurst	CA	NB	1--4----	0
CABAY	Bayside (St Roberts)	CA	NB	1-------	0
CABBB	Blubber Bay	CA	BC	1-------	0
CABBU	Bay Bulls	CA	NL	1-3-----	0
CABBY	Blind Bay	CA	BC	1-------	0
CABC2	Bow City	CA	AB	1-3-----	0
CABCK	Brockville	CA	ON	1-------	0
CABCO	Baie Comeau	CA	QC	1--4----	0
CABCT	Bancroft	CA	ON	1-3-----	0
CABCV	Beale Cove	CA	BC	1-------	0
CABDF	Bedford	CA	NS	123--6--	0
CABDR	Bald Rock	CA	NS	1-3-----	0
CABEA	Beaver Cove	CA	BC	123-----	0
CABEC	Bécancour	CA	QC	1-------	0
CABEH	Beaver Harbour	CA	NB	1-------	0
CABEL	Belledune	CA	NB	1-------	0
CABFR	Beresford	CA	NB	123-----	0
CABGT	Bagotville	CA	QC	1-------	0
CABIN	Burrard Inlet	CA	BC	1-------	0
CABJO	Baie-Johan-Beetz	CA	QC	1-34----	0
CABKA	Brocket	CA	AB	1-------	0
CABKN	Brooklyn	CA	NS	1-------	0
CABLC	Bella Coola	CA	BC	1-------	0
CABLD	Belwood	CA	ON	1----6--	0
CABLH	Blacks Harbour	CA	NB	1-3-----	0
CABLK	Baker Lake	CA	NU	1-3-----	0
CABLL	Beloeil	CA	QC	123-----	0
CABLR	Blind River	CA	ON	1-------	0
CABLV	Belleville	CA	ON	1-3-----	0
CABNI	Bowen Island	CA	BC	1-3-----	0
CABOB	Bobcaygeon	CA	ON	1-3--6--	0
CABOJ	Saint-Bruno-Lac-Saint-Jean	CA		1-------	0
CABOR	Borden	CA	PE	123-----	0
CABPO	Beach Point	CA	PE	1-3-----	0
CABRD	Brentwood Bay	CA	BC	1-3-----	0
CABRI	Britannia Beach	CA	BC	1-------	1
CABRL	Burlington	CA	ON	1-3-----	0
CABRT	Broughton Is	CA	NU	1--4----	0
CABRW	Bridgewater	CA	NS	1-------	0
CABSK	Blackstock	CA	ON	1-3--6--	0
CABST	Bayside, Charlotte	CA	NB	1-3-----	0
CABTF	Butterfly Bay	CA	BC	1-------	0
CABTH	Bath	CA	ON	1-------	0
CABTT	Britt	CA	ON	1-------	0
CABUA	Bull Arm	CA	NL	1-------	0
CABUE	Bouctouche	CA	NB	1-3-----	0
CABUI	Burin	CA	NL	1-3-----	0
CABUK	Burks Falls	CA	ON	1-3--6--	0
CABUO	Burgeo	CA	NL	1-3-----	0
CABUS	Burnside	CA	NL	1-3-----	0
CABVE	Baie Verte	CA	NL	1-3-----	0
CABWD	Botwood	CA	NL	1-3-----	0
CABWV	Bowmanville	CA	ON	1-------	0
CABYR	Bay Roberts	CA	NL	1-3-----	0
CACAC	Cap-Chat	CA	QC	1----6--	0
CACAH	Canso	CA	NS	1-3-----	0
CACAM	Campbell River	CA	BC	1--4----	0
CACAQ	Caraquet	CA	NB	1-------	0
CACAT	Catalina	CA	NL	1-3-----	0
CACAU	Coal Harbour	CA	BC	1-3-----	0
CACBC	Come By Chance	CA	NL	1-3-----	0
CACBF	Campbellford	CA	ON	123-----	0
CACBG	Cobourg	CA	ON	123-----	0
CACBK	Corner Brook	CA	NL	1-3-----	0
CACBY	Carberry	CA	MB	1-3--6--	0
CACCB	Cowichan Bay	CA	BC	1-------	0
CACCI	Crystal City	CA	MB	123--6--	0
CACCV	Comfort Cove	CA	NL	1-3-----	0
CACDN	Cardinal	CA	ON	1-------	0
CACDO	Cape Dorset	CA	NU	1--4----	0
CACFL	Cooper Cliff	CA	ON	1-3-----	0
CACHA	Charlottetown	CA	PE	1--4----	0
CACHI	Chicoutimi	CA	QC	1-------	1
CACHM	Chemainus	CA	BC	1-------	0
CACHN	Chatham	CA	NB	123-----	0
CACHR	Chandler	CA	QC	12------	0
CACHS	Cohasset	CA	NS	1-------	0
CACHT	Chéticamp	CA	NS	1-3-----	0
CACHV	Churchill	CA	MB	1--4----	0
CACIL	Change Islands	CA	NL	1-3-----	0
CACLB	Colborne	CA	ON	1-3-----	0
CACLC	Clarke City	CA	QC	1-------	0
CACLE	Clarenville	CA	NL	1-3-----	0
CACLH	Clark's Harbour	CA	NS	1-3-----	0
CACLR	Clyde River	CA	NU	1--4----	0
CACLT	Carleton	CA	QC	1-------	0
CACMV	Carmanville	CA	NL	1-3-----	0
CACOC	Contrecoeur	CA	QC	123-----	0
CACOH	Country Harbour	CA	NS	1-------	0
CACOL	Collingwood	CA	ON	1-------	0
CACOM	Campbellton	CA	NB	1-------	0
CACOP	Coppermine	CA	NU	1-------	0
CACOR	Corunna	CA	ON	1-------	0
CACOU	Courtenay	CA	BC	1-------	0
CACOX	Comox	CA	BC	1-------	0
CACPB	Campobello	CA	NB	1-------	0
CACPT	Canaport	CA	NB	1-------	0
CACPY	Cape Ray	CA	NL	123-----	0
CACQ5	Preissac	CA	QC	1-3-----	0
CACQA	Coteau du Lac	CA	QC	1-3-----	0
CACQT	Conquitlam	CA	BC	1----6--	0
CACRA	Cranford	CA	AB	1-3-----	0
CACRB	Carbonear	CA	NL	1-3-----	0
CACRO	Crofton	CA	BC	1-------	0
CACRR	Courtright	CA	ON	1-------	0
CACSC	Côte-Sainte-Catherine	CA	QC	1-------	0
CACSI	Cap-St-Ignace	CA	QC	1----6--	0
CACSJ	Coniston	CA	ON	1----6--	0
CACSN	Clarkson	CA	ON	1-------	0
CACST	Chester	CA	NS	1-------	0
CACTR	Chestermere	CA	AB	1----6--	0
CACUM	Cumberland Bay	CA	NB	1-3-----	0
CACVA	Cleveland	CA	NS	1-3--6--	0
CACWH	Cow Head	CA	NL	1-------	0
CACWI	Cornwallis Is	CA	NU	1-------	0
CACWL	Cornwall	CA	ON	1-------	0
CACWT	Clearwater	CA	BC	123-----	0
CACYP	Coley's Point	CA	NL	1-------	0
CADCS	Dorchester	CA	ON	1-3--6--	0
CADDS	Saint-Davids	CA	ON	1-3-----	0
CADEB	Deception Bay	CA	QC	1-------	0
CADEI	Deer Island	CA	NB	1-------	0
CADEL	Delta	CA	BC	1-3-----	0
CADHS	Dalhousie	CA	NB	1-------	0
CADIG	Digby	CA	NS	1-------	0
CADIL	Dildo	CA	NL	1-3-----	0
CADLN	Dublin	CA	ON	123--6--	0
CADSA	Denman Island	CA	BC	1-3-----	0
CADWL	Dingwall	CA	NS	1-------	0
CAEBY	English Bay	CA	BC	1-3-----	0
CAEDC	Edwards Cove	CA	NL	1-------	0
CAEDI	Grande-Digue	CA	NB	1-3-----	0
CAEEK	Belleisle Creek	CA	NB	1-------	0
CAEIW	Wellington	CA	PE	1-3-----	0
CAEND	Endako	CA	BC	123--6--	0
CAENE	Erieau	CA	ON	1-------	0
CAESQ	Esquimalt	CA	BC	1-------	0
CAESX	Point-Escuminac	CA	NB	1----6--	0
CAETA	East Angus	CA	QC	1234----	0
CAETN	Etang-du-Nord	CA	QC	1----6--	0
CAETZ	Etzikom	CA	AB	1----6--	0
CAEWT	Newton	CA	MB	123-----	0
CAFAL	Fort Albany	CA	ON	1-------	0
CAFAP	Father Point	CA	QC	1-------	0
CAFCM	Kuujjuaq	CA	QC	1--4----	0
CAFFS	Fort Frances	CA	ON	12-4----	0
CAFKN	Fort Franklin	CA	NT	1-3--6--	0
CAFLR	Fall River	CA	NS	1-3-----	0
CAFLY	Fort Langley	CA	BC	1-3-----	0
CAFMA	Fort MacKay	CA	AB	1-3-----	0
CAFOG	Fogo	CA	NL	1-------	0
CAFOR	Fortune	CA	NL	1-3-----	0
CAFRE	Fredericton	CA	NB	1234----	0
CAFRR	Fraser River	CA	BC	1-------	0
CAFRV	Forestville	CA	QC	1-------	0
CAFSD	Fraser-Surrey Docks	CA	BC	1-3-----	0
CAFSI	Fort Simpson	CA	NT	1--4----	0
CAFSM	Fort Smith	CA	NT	1--4----	0
CAFWL	Fort William	CA	ON	1-3--6--	0
CAFWS	Fraser Wharves	CA	BC	1-3-----	0
CAGAN	Gander	CA	NL	1-34----	0
CAGBT	Godbout	CA	QC	1-3-----	0
CAGCA	Gros Cacouna	CA	QC	1-------	0
CAGGS	Ganges	CA	BC	1-------	0
CAGLB	Glace Bay	CA	NS	1-------	0
CAGLT	Galt	CA	ON	1-3-----	0
CAGMA	Grand Manan	CA	NB	1-3-----	0
CAGNN	Rockport	CA	ON	1-------	0
CAGOH	Goderich	CA	ON	1-------	0
CAGOO	Goose Bay	CA	NL	1--4----	0
CAGOR	Gold River	CA	BC	1-------	0
CAGPD	Port-Daniel - Gascons	CA	QC	1-------	0
CAGPE	Gaspé	CA	QC	1--4----	0
CAGRB	Grand Bank	CA	NL	1-3-----	0
CAGRS	Grindstone	CA	QC	1-------	0
CAHAB	Hall Beach	CA	NU	1-------	0
CAHAL	Halifax	CA	NS	1--4----	0
CAHAM	Hamilton	CA	ON	1--4----	0
CAHAR	Harriet Harbour	CA	BC	1-3-----	0
CAHBN	Hebron	CA	NL	1-------	0
CAHBR	Harbour Breton	CA	NL	1-3-----	0
CAHCC	Hacketts Cove	CA	NS	1-3-----	0
CAHEB	Hébertville	CA	QC	1-3-----	0
CAHHB	Hants Harbour	CA	NL	1-3-----	0
CAHIB	Hibernia	CA	NS	1-3-----	0
CAHID	Hilda	CA	AB	1-3-----	0
CAHLI	Herschel Island	CA	YT	1-------	0
CAHMM	Hemmingford	CA	QC	1----6--	0
CAHMP	Hampden	CA	NL	1-3-----	0
CAHOD	Holyrood	CA	NL	1-3-----	0
CAHON	Harwood	CA	ON	1-3-----	0
CAHOP	Hopedale	CA	NL	1-34----	0
CAHPT	Hantsport	CA	NS	1-------	0
CAHRE	Harbour Grace	CA	NL	1-3-----	0
CAHRF	Horsefly	CA	BC	1-3-----	0
CAHSP	Havre-Saint-Pierre	CA	QC	1--4----	0
CAHVR	Hanover	CA	ON	123-----	0
CAHWS	Howe Sound	CA	BC	1-------	0
CAIAM	Indian Arm	CA	BC	1-------	0
CAIGL	Igloolik	CA	NU	1--4----	0
CAIKM	Inkerman	CA	ON	1-3-----	0
CAILS	L'Île-des-Soeurs (Nuns Island)	CA	QC	1----6--	0
CAIOC	Ioco	CA	BC	1-------	0
CAION	Iona	CA	NS	1-------	0
CAIQL	Iqaluit	CA	NU	1-3-----	0
CAISL	Island Lake	CA	MB	1-3-----	0
CAIVM	Invermere	CA	BC	123-----	0
CAIVN	Irvine	CA	AB	123--6--	0
CAJAC	Jackson Arm	CA	NL	1-3-----	0
CAJEG	Jemseg	CA	NB	1-3-----	0
CAJEI	Jervis Inlet	CA	BC	1-------	0
CAKEE	Keene	CA	ON	1----6--	0
CAKHO	Key Harbour	CA	ON	1-3-----	0
CAKIN	Kingston	CA	ON	1--4----	0
CAKKR	Kinkora	CA	PE	1----6--	0
CAKLO	Kaslo	CA	BC	1-3-----	0
CAKLY	Killarney	CA	ON	1-------	0
CAKNE	Kinnear's Mills	CA	QC	1-3-----	0
CAKOV	Kovik Bay	CA	QC	1-3-----	0
CAKTM	Kitimat	CA	BC	1-------	0
CAKVL	Kingsville	CA	ON	1-------	0
CAKWI	King William Is	CA	NU	1-------	0
CALAC	Lachine/Montreal	CA	QC	1-3-----	0
CALAD	Ladysmith	CA	BC	12------	0
CALAH	Lake Harbour	CA	NU	1-------	0
CALAW	Lakeview	CA	ON	1-------	0
CALAY	Lower Argyle	CA	NS	1-3-----	0
CALB3	L'Anse-à-Beaufils	CA	QC	12---6--	0
CALCH	Lachute	CA	QC	1-3-----	0
CALCO	Lacolle	CA	QC	1-3-----	1
CALCP	Lockeport	CA	NS	1-3-----	0
CALCV	Lower Cove	CA	NL	1-3-----	0
CALDN	Ladner	CA	BC	1-3-----	0
CALDS	Lansdowne	CA	ON	1-3-----	0
CALDT	Lac-Drolet	CA	QC	1----6--	0
CALEV	Lévis	CA	QC	1-------	0
CALIC	Little Current	CA	ON	1-------	0
CALIN	Little Narrows	CA	NS	1-------	0
CALIV	Liverpool	CA	NS	1-------	0
CALLF	Clifford	CA	ON	1-------	0
CALMD	Lomond	CA	NL	1-3-----	0
CALMN	Leamington	CA	ON	123-----	0
CALMW	La Salle	CA	MB	1-3-----	0
CALNG	Langley	CA	BC	1-3-----	0
CALOB	Lobo	CA	ON	123-----	0
CALOH	Long Harbour	CA	NL	1-3-----	0
CALOP	Long Pond	CA	NL	1-------	0
CALOU	Louisbourg	CA	NS	1-3-----	0
CALSE	Lakeshore	CA	ON	123--6--	0
CALUN	Lunenburg	CA	NS	1-------	0
CALVH	Laverlochère	CA	QC	123--6--	0
CALWB	Lowbanks	CA	ON	123--6--	0
CALWH	Lower Woods Harbour	CA	NS	123-----	0
CALWP	Lewisporte	CA	NL	1-3-----	0
CALZV	Lantzville	CA	BC	123-----	0
CAMAB	Mabou	CA	NS	1-3-----	0
CAMAG	Magog	CA	QC	1-3-----	0
CAMAR	Marathon	CA	ON	1--4----	0
CAMBR	Main Brook	CA	NL	1-3-----	0
CAMDB	Meldrum Bay	CA	ON	1-------	0
CAMEB	Menzies Bay	CA	BC	1-------	0
CAMET	Meteghan	CA	NS	1-------	0
CAMFD	Meaford	CA	ON	1234----	0
CAMGD	Magdalen Is	CA	QC	1-------	0
CAMGH	Merigomish	CA	NS	1-3-----	0
CAMGT	Sainte-Marguerite	CA	QC	1-3-----	0
CAMHB	Mahone Bay	CA	NS	1-3-----	0
CAMHN	Les Mechins	CA	QC	1-3-----	0
CAMIB	Mission	CA	BC	123-----	0
CAMID	Midland	CA	ON	1-3-----	0
CAMIH	Michipicoten	CA	ON	1-------	0
CAMIR	Miramichi	CA	NB	1-3-----	0
CAMLK	Millbank	CA	NB	1-------	0
CAMNE	Matane	CA	QC	1--4----	0
CAMNI	Milne Inlet Port	CA	NU	1-------	0
CAMNT	Moncton	CA	NB	1--4----	0
CAMOB	Morrisburg	CA	ON	1-------	0
CAMOL	Mont-Louis	CA	QC	1-------	0
CAMOU	Moosonee	CA	ON	1--4----	0
CAMRE	Montréal-Est	CA	QC	123-----	0
CAMRI	Maple Ridge	CA	BC	1-------	0
CAMSS	Masset	CA	BC	1--4----	0
CAMSV	Minesville	CA	NS	1-3-----	0
CAMSW	Metiskow	CA	AB	1----6--	0
CAMTI	Malartic	CA	QC	1----6--	0
CAMTN	Marystown	CA	NL	1-3-----	0
CAMTO	Minto	CA	NB	1-3-----	0
CAMTQ	Mactaquac	CA	NB	1-3-----	0
CAMTR	Montreal	CA	QC	1--45---	0
CAMUL	Mulgrave	CA	NS	1-------	0
CAMUS	Musquodoboit Harbour	CA	NS	1-------	0
CAMYO	Mindemoya	CA	ON	1-3-----	0
CANAF	North Arm Fraser	CA	BC	1-------	0
CANAI	Nain	CA	NL	1-34----	0
CANAK	Nakusp	CA	BC	123-----	0
CANAN	Nanticoke	CA	ON	1-3-----	0
CANBC	Notre-Dame-du-Bon-Conseil	CA	QC	1-3-----	0
CANCT	Newcastle	CA	NB	1-------	0
CANCV	Norman's Cove	CA	NL	1-3-----	0
CANDL	Notre-Dame-de-Lourdes	CA	MB	1----6--	0
CANGL	New Glasgow	CA	NS	1-------	0
CANIA	Niagara Falls	CA	ON	1234----	0
CANLS	Nelson	CA	BC	123-----	0
CANMT	Naramata	CA	BC	123-----	0
CANNE	Nanoose Bay	CA	BC	1-3-----	0
CANNO	Nanaimo	CA	BC	1--4----	0
CANOL	Niagara-on-the-Lake	CA	ON	1-3-----	0
CANON	Shannon	CA	QC	1-3-----	1
CANRB	North Bend	CA	BC	1----6--	0
CANRC	New Richmond	CA	QC	12-4----	0
CANS3	Neil's Harbour	CA	NS	1-3-----	0
CANSY	North Sydney	CA	NS	1-------	0
CANTR	Bantry	CA	AB	1-------	0
CANVK	Nanisivik	CA	NU	1--4----	0
CANWE	New Westminster	CA	BC	1-------	0
CANWP	Argentia	CA	NL	1-34----	0
CAOAJ	Oakville	CA	MB	123-----	0
CAOAK	Oakville	CA	ON	1--4----	0
CAODE	Odessa	CA	ON	1-3-----	0
CAOFA	Ocean Falls	CA	BC	1--4----	0
CAOLS	Orléans	CA	ON	1-3-----	0
CAOON	Halton Hills	CA	ON	1----6--	0
CAOPE	Port Hope	CA	ON	1-34----	0
CAOSH	Oshawa	CA	ON	1--4----	0
CAOTT	Ottawa	CA	ON	1--4----	0
CAOVR	Oliver	CA	BC	1234----	0
CAOWS	Owen Sound	CA	ON	1-34----	0
CAPAB	Port Alberni	CA	BC	1--4----	0
CAPAC	Port Alice	CA	BC	1-------	1
CAPAF	Port-Alfred	CA	QC	123-----	0
CAPAP	Port au Port	CA	NL	1-3-----	0
CAPAQ	Pointe-aux-Basques	CA	QC	1-------	0
CAPAR	Parrsboro	CA	NS	123-----	0
CAPAS	Paspebiac	CA	QC	1-------	1
CAPBQ	Channel-Port aux Basques	CA	NL	1-3-----	0
CAPCA	Port-Cartier	CA	QC	1-------	0
CAPCO	Port Colborne	CA	ON	1-------	0
CAPCR	Port Credit	CA	ON	1-------	0
CAPDI	Pond Inlet	CA	NU	1--4----	0
CAPDL	Port-Daniel	CA	QC	1-3-----	0
CAPDO	Saint-Pierre-de-l'Île-d'Orléans	CA	QC	1-3-----	0
CAPDV	Port Dover	CA	ON	123-----	0
CAPEH	Pender Harbour	CA	BC	1--4----	0
CAPEL	Port Elgin	CA	NB	123-----	1
CAPEW	Point Edward	CA	ON	123--6--	0
CAPFT	Pointe-Fortune	CA	QC	1-3-----	0
CAPHL	Philipsburg	CA	QC	1-3--6--	0
CAPHM	Pohénégamook	CA	QC	123-----	0
CAPHW	Port Hawkesbury	CA	NS	1--4----	0
CAPHY	Port Hardy	CA	BC	1--4----	0
CAPIC	Picton	CA	ON	1-------	0
CAPMA	Port McNeill	CA	BC	1--4----	0
CAPME	Port-Menier	CA	QC	1--4----	0
CAPML	Port Mellon	CA	BC	1-------	0
CAPMO	Port Moody/Vancouver	CA	BC	123-----	0
CAPNE	Port Nelson	CA	MB	1-------	0
CAPNO	Pointe Noire	CA	QC	1-------	0
CAPNT	Pangnirtung	CA	NU	1-------	0
CAPOA	Port Arthur	CA	ON	1-------	0
CAPOI	Pointe-Claire	CA	QC	1-3-----	0
CAPOP	Pointe-au-Pic	CA	QC	1-------	0
CAPOU	Pouce Coupe	CA	BC	1-3-----	0
CAPOW	Powell River	CA	BC	1--4----	0
CAPPC	Pointe au Pic	CA	QC	1-------	0
CAPPT	Prospect	CA	NS	1-3-----	0
CAPRE	Prescott	CA	ON	1--4----	0
CAPRG	Prince George	CA	BC	1--4----	0
CAPRP	Port Perry	CA	ON	1-3-----	0
CAPRR	Prince Rupert	CA	BC	1--4----	0
CAPRS	Parry Sound	CA	ON	1--4----	0
CAPSI	Port Simpson	CA	BC	1-------	0
CAPST	Port Stanley	CA	ON	1-------	0
CAPSV	Pleasantville	CA	NS	1-3-----	0
CAPTA	Tahsis	CA	BC	1--4----	0
CAPTB	Patricia Bay	CA	BC	1-------	0
CAPTD	Portugal Cove	CA	NL	12------	0
CAPTE	Port Edward	CA	BC	1-------	0
CAPTH	Penetanguishene	CA	ON	1-3-----	0
CAPTN	Portneuf	CA	QC	1-------	0
CAPTO	Pictou	CA	NS	1-------	0
CAPTU	Point Tupper	CA	NS	1-3-----	0
CAPUG	Pugwash	CA	NS	1-------	0
CAPWE	Port Weller	CA	ON	1-3-----	0
CAPXT	Pointe-aux-Trembles	CA	QC	1-3-----	0
CAQCH	Queen Charlotte	CA	BC	1-3-----	0
CAQCS	Saint-Bernard-de-Michaudville	CA	QC	1-3-----	0
CAQLE	Les Escoumins	CA	QC	1-3-----	0
CAQTS	Quatsino	CA	BC	1-------	0
CAQUE	Quebec	CA	QC	1--4----	0
CARAM	Ramea	CA	NL	1-3-----	0
CARBN	Robinsons	CA	NL	1-------	0
CARBY	Red Bay	CA	NL	1-3-----	0
CARCD	Rockwood	CA	ON	1-3-----	0
CARDL	Rivière-du-Loup	CA	QC	1234----	0
CAREB	Resolute Bay	CA	NU	1--4----	0
CAREL	La Relance	CA	QC	1-------	0
CARIM	Rimouski	CA	QC	1--4----	0
CARIT	Rankin Inlet	CA	NU	1-3-----	0
CAROA	Roaches Line	CA	NL	1-3-----	0
CAROD	Roddickton	CA	NL	1-3-----	0
CARPO	Rossport	CA	ON	123--6--	0
CARRC	Red Rock	CA	ON	123-----	0
CARRE	Château-Richer	CA	QC	1-3-----	1
CARSV	Robertsonville	CA	QC	123--6--	0
CARTB	Robert's Bank	CA	BC	1-3-----	0
CARUI	Rupert Inlet	CA	BC	1-------	0
CARUS	Ruskin	CA	BC	123-----	0
CAS8A	Saint Albert	CA	AB	1-------	0
CASAD	Saint-Andrews	CA	NB	1-------	0
CASAG	Saguenay	CA	QC	1-3-----	0
CASAT	Saint-Anthony	CA	NL	1-34----	0
CASAU	Saint-Augustin	CA	QC	1-------	0
CASBD	Saint-Bernard	CA	QC	1-3-----	0
CASBH	Sandy Beach	CA	QC	1-3-----	0
CASBU	Shelburne	CA	NS	1-------	0
CASCA	Saint-Catharines	CA	ON	1234----	1
CASCP	Saint-Christophe-d'Arthabaska	CA	QC	1----6--	0
CASCT	Sainte-Catherine	CA	QC	1-3--6--	0
CASDM	Sainte-Anne-des-Monts	CA	QC	1-3-----	0
CASDN	Saint-Damien-de-Brandon	CA	QC	1-3--6--	0
CASDY	Sidney	CA	BC	1-------	0
CASEB	Seven Islands Bay	CA	NL	1-------	0
CASED	Sedgewick	CA	AB	12------	0
CASEI	Sept-Iles	CA	QC	1--4----	0
CASEL	Selkirk	CA	MB	1-3-----	0
CASEM	Seldom	CA	NL	1-3-----	0
CASEU	Saint-Eustache	CA	QC	123-----	0
CASF2	Sanford	CA	MB	1-------	0
CASFI	Sainte-Famille	CA	QC	1-3-----	0
CASFR	Saint-François-du-Lac	CA	QC	123-----	0
CASFX	Saint-Félix-de-Valois	CA	QC	123-----	0
CASHE	Shediac	CA	NB	1-------	0
CASHH	Sheet Harbour	CA	NS	1-3-----	0
CASHP	Shippegan	CA	NB	1-------	0
CASHV	Shannonville	CA	ON	1-3-----	0
CASIC	Simcoe	CA	ON	1-------	0
CASID	Saint-Isidore	CA	ON	1-3-----	0
CASIM	Imperial	CA	SK	1234----	0
CASIO	Sicamous	CA	BC	123-----	0
CASJB	Saint-John	CA	NB	1-34-6--	0
CASJF	Saint-John's	CA	NL	1-3-----	0
CASKE	Saint-Anne-de-Kent	CA	NB	1-3-----	0
CASKI	Charlotte (Skidegate)	CA	BC	1-------	0
CASKL	Lower Sackville	CA	NS	1-3-----	0
CASLB	Shelburne	CA	ON	123-----	0
CASLK	Split Lake	CA	MB	1-3-----	0
CASLT	Saint-Lambert	CA	QC	1-3-----	0
CASLW	Saint-Lawrence	CA	NL	1-3-----	0
CASMS	Saint-Marys	CA	NL	1-3-----	0
CASMT	Stormont	CA	NS	1-3-----	0
CASNI	Sarnia	CA	ON	1--4----	0
CASNV	Shaunavon	CA	SK	1-3-----	0
CASOM	Sombra	CA	ON	1-------	0
CASOO	Sooke	CA	BC	1-------	0
CASOR	Sorel	CA	QC	1-------	0
CASOU	Souris	CA	PE	1-------	0
CASPA	Saint-Pascal	CA	QC	123-----	0
CASPD	Springdale	CA	NL	1-3-----	0
CASPI	Saint-Pierre	CA	QC	123--6--	0
CASPN	Spaniards Bay	CA	NL	123-----	0
CASPR	Spragge	CA	ON	1-------	0
CASQA	Squamish	CA	BC	1--4----	0
CASRA	Saint-Roch-de-l'Achigan	CA	QC	1-3-----	0
CASRO	Saint-Romuald-d'Etchemin	CA	QC	1-3-----	0
CASRS	Saint-Peters	CA	NS	1-3-----	0
CASSM	Sault-Sainte-Marie	CA	ON	1--4----	0
CASSP	Sandspit	CA	BC	1--4----	0
CASST	Saint-Shotts	CA	NL	1-3-----	0
CAST3	Saint-Félix-de-Kingsey	CA	QC	1-3-----	0
CAST6	Sorel-Tracy	CA	QC	1----6--	0
CASTC	Stoney Creek	CA	ON	1-3-----	0
CASTD	Saint-Armand	CA	QC	1-3-----	0
CASTH	Saint-Thomas	CA	ON	12-4----	0
CASTK	Stockton	CA	MB	1----6--	0
CASTS	Saint-Stephen	CA	NB	1-------	0
CASTV	Stephenville	CA	NL	1-34----	0
CASTW	Stewart	CA	BC	1--4----	0
CASUD	Sudbury	CA	ON	1--4----	0
CASUM	Summerside	CA	PE	1--4----	0
CASUY	Surrey	CA	BC	1-------	0
CASVD	Sainte-Victoire-de-Sorel	CA	QC	1----6--	0
CASYD	Sydney	CA	NS	1--4----	0
CASYI	Stoney Island	CA	NS	1-3-----	0
CASYL	Sylvan Lake	CA	AB	123--6--	0
CASYW	Sayward	CA	BC	1-3-----	0
CASZT	Saint-Zotique	CA	QC	1----6--	0
CATAD	Tadoussac	CA	QC	1-------	0
CATAS	Tasu	CA	BC	1--4----	0
CATBY	Thornbury	CA	ON	1----6--	0
CATCV	Tilt Cove	CA	NL	1-------	0
CATEX	Texada Island	CA	BC	1-------	0
CATHA	Thamesford	CA	ON	123--6--	0
CATHD	Thorold	CA	ON	1-3-----	0
CATHH	Three Hills	CA	AB	123--6--	0
CATHL	Thornhill	CA	ON	1-3-----	0
CATHU	Thunder Bay	CA	ON	1--4----	0
CATJN	Tring Jonction	CA	QC	1-3--6--	0
CATLB	Tilbury Is	CA	BC	1-------	0
CATNG	Tingwick	CA	QC	1-3-----	0
CATOR	Toronto	CA	ON	1--45---	0
CATRB	Trinity Bay	CA	NL	1-------	0
CATRC	Tracy	CA	QC	1-------	0
CATRO	Trochu	CA	AB	123--6--	0
CATRR	Trois-Rivieres (Three Rivers)	CA	QC	1--4----	0
CATTC	Trenton	CA	ON	1--4----	0
CATTL	Thetis Island	CA	BC	1-3-----	0
CATUK	Tuktoyaktuk	CA	NT	1--4----	0
CATWI	Twillingate	CA	NL	1-3-----	0
CATWN	Thawwassen	CA	BC	1-3-----	0
CAUCL	Ucluelet	CA		1----6--	0
CAUPT	Upton	CA	QC	123--6--	0
CAVAN	Vancouver	CA	BC	1--45---	1
CAVCH	Verchères	CA	QC	1-------	0
CAVIC	Victoria	CA	BC	1--4----	0
CAVIH	Victoria Harbour	CA	ON	1-3-----	0
CAVLF	Valleyfield	CA	QC	1-3-----	0
CAVND	Vananda	CA	BC	1-------	0
CAVOB	Voisey's Bay	CA	NL	1-------	0
CAVOS	Prévost	CA	QC	1----6--	0
CAW4C	Saint-Gédéon	CA	QC	1----6--	0
CAWAI	Watson Is	CA	BC	1-------	0
CAWAL	Wallaceburg	CA	ON	123-----	0
CAWDR	Windsor	CA	NS	123-----	0
CAWEL	Welland	CA	ON	1-------	0
CAWEP	Welshpool	CA	NB	1-------	0
CAWEY	Weymouth	CA	NS	1-------	0
CAWHF	Whitefish	CA	ON	1-------	0
CAWHH	Whiffen Head	CA	NL	1-------	0
CAWHI	Whitby	CA	ON	123-----	0
CAWIG	Wingham	CA	ON	1-3-----	0
CAWND	Windsor	CA	ON	1--4----	0
CAWNP	Winnipeg	CA	MB	1--4----	0
CAWOO	Woodfibre	CA	BC	1-------	0
CAWTN	Walton	CA	NS	1-3-----	0
CAWTO	Westport	CA	ON	1-3-----	0
CAWVR	West Vancouver	CA	BC	123-----	0
CAWWO	Wildwood	CA	AB	123--6--	0
CAXJH	Saint-Joseph-de-Beauce	CA	QC	123--6--	0
CAXVX	Emerald Park	CA	SK	1-3-----	0
CAXZC	Saint-Isidore d'Auckland	CA	QC	1-3-----	0
CAYCB	Cambridge Bay	CA	NU	1-34----	0
CAYCS	Chesterfield Inlet	CA	NU	1--4----	0
CAYDH	Daniels Harbour	CA	NL	1-34----	0
CAYEK	Arviat	CA	NU	1--4----	0
CAYGZ	Grise Fiord	CA	NU	1--4----	0
CAYHK	Gjoa Haven	CA	NU	1--4----	0
CAYKT	Klemtu	CA	BC	1--4----	0
CAYMD	Mould Bay	CA	NT	1--4----	0
CAYMH	Mary's Harbour	CA	NL	1--4----	0
CAYRH	Yarmouth	CA	NS	1--4----	0
CAYWM	Williams Harbour	CA	NL	1--4----	0
CAYXN	Whale Cove	CA	NU	1--4----	0
CAYZS	Coral Harbour	CA	NU	1-34----	0
CAZCR	Saint-Charles-sur-Richelieu	CA	QC	1-3--6--	0
CAZEB	Zeballos	CA	BC	1-------	0
CAZFT	Forest	CA	ON	123--6--	0
CAZTI	Saint-Tite	CA	QC	123--6--	0
CAZYE	Yamachiche	CA	QC	123--6--	0
CCCCK	Cocos Islands	CC		1--45---	0
CDBNW	Banana	CD		1-3-----	0
CDBOA	Boma	CD		1--4----	0
CDFIH	Kinshasa	CD		1--45---	0
CDMAT	Matadi	CD		1--4----	0
CDMHB	Moho Bilondo	CD		1----6--	0
CDMKL	Makala	CD		123-----	0
CFTOG	Togo	CF		1234----	0
CGDJE	Djeno Terminal	CG		1-------	0
CGMOS	Mossaka	CG		1-3-----	0
CGNKO	N'Kossa Terminal	CG		1-------	0
CGOUE	Ouesso	CG		1--4----	0
CGOYO	Oyo	CG		1-3-----	0
CGPNR	Pointe Noire	CG	16	1--45---	0
CGYOM	Yombo	CG	9	1-------	0
CHBA8	Ballwil	CH	LU	1-3-----	0
CHBIB	Biberist	CH	SO	123-----	0
CHBIR	Birrwil	CH	AG	1----6--	0
CHBLY	Blonay	CH	VD	1-3-----	0
CHBRU	Brunnen	CH	SZ	123-----	0
CHBRZ	Bad Ragaz	CH	SG	123-----	0
CHBSL	Basel	CH	BS	12345---	0
CHBSM	Bretigny-sur-Morrens	CH	VD	1----6--	0
CHBTT	Brutten	CH	ZH	1----6--	0
CHBUR	Bursinel	CH	VD	1-3-----	0
CHCBL	Collonge-Bellerive	CH	GE	1----6--	0
CHCHE	Chevenez	CH	22	1----6--	0
CHCHS	Chesieres	CH	VD	1----6--	0
CHCOP	Coppet	CH	GE	123-----	0
CHCVT	Couvet	CH	NE	1----6--	0
CHDOT	Döttingen	CH	AG	123-----	0
CHDSF	Epalinges	CH	VD	1----6--	0
CHEPS	Epesses	CH	VD	123-----	0
CHERB	Erlenbach	CH	ZH	123-----	0
CHFEM	Feldmeilen	CH	ZH	123-----	0
CHFLA	Fläsch	CH	GR	1-3-----	0
CHGEL	Lancy	CH	GE	1-3--6--	0
CHGRG	Gorgier	CH	NE	1----6--	0
CHGTT	Güttingen	CH	TG	123--6--	0
CHHBG	Herrliberg	CH	ZH	123-----	0
CHHHM	Cham	CH	ZG	123-----	0
CHHTE	Hauterive	CH	NE	123-----	0
CHJJO	Melide	CH		1----6--	0
CHK3L	Kollbrunn	CH	ZH	1----6--	0
CHKPP	Koppigen	CH	BE	1----6--	0
CHKRZ	Kreuzlingen	CH	TG	1-------	0
CHKSS	Kussnacht	CH	SZ	1-------	0
CHLDO	Le Landeron	CH	NE	123-----	0
CHLLU	Le Lieu	CH	VD	123-----	0
CHMAU	Maur	CH	ZH	1-3-----	0
CHMDF	Männedorf	CH	ZH	123-----	0
CHMIG	Miege	CH	VS	1----6--	0
CHMLN	Meilen	CH	ZH	123-----	0
CHMWA	Meisterschwanden	CH	AG	1-3-----	0
CHN66	Choindez	CH	JU	1----6--	0
CHNDB	Niederbipp	CH	BE	1----6--	0
CHNEF	Näfels	CH	GL	123-----	0
CHODB	Oberried am Brienzersee	CH	BE	123-----	0
CHPOR	Porto Ronco	CH	TI	1-3-----	0
CHRGT	Rougemont	CH	VD	1----6--	0
CHRGU	Klingnau	CH	AG	1-------	0
CHRMH	Romanshorn	CH	TG	123----B	0
CHRNB	Reichenbach	CH	BE	123-----	0
CHRRN	Raron	CH	VS	123-----	0
CHSAS	Saint-Aubin-Sauges	CH	NE	1-3--6--	0
CHSEN	Schenkon	CH	LU	1-3-----	0
CHSMK	Schmerikon	CH	SG	123-----	0
CHSSV	Saint-Sulpice	CH	VD	1----6--	0
CHSTA	Stansstad	CH	NW	123-----	0
CHSTI	Steinhausen	CH	ZG	123-----	0
CHTAN	Twann	CH	BE	123-----	0
CHTTG	Salenstein	CH	TG	1----6--	0
CHTZE	Utzenstorf	CH	BE	1----6--	0
CHUKS	Uetikon am See	CH	ZH	123--6--	0
CHVAU	Vaumarcus	CH	NE	1----6--	0
CHVS5	Villaz-Saint-Pierre	CH	FR	1-------	0
CHVSX	Versoix	CH	GE	123-5---	0
CHVZU	Vitznau	CH	LU	123-----	0
CHWCW	Walchwil	CH	ZG	123--6--	0
CHWLO	Würenlos	CH	AG	123-----	0
CHXRE	Aeugst am Albis	CH	ZH	1-3-----	0
CHXXX	RIS Inland waterways	CH		1-------	0
CHXZX	Ibach	CH	SZ	1-3-----	0
CIABJ	Abidjan	CI	AB	1--45---	0
CIASS	Assinie-Mafia	CI		1-3-----	0
CIBAO	Baobab Terminal	CI		1-3-----	0
CIDAB	Dabou	CI		1-3-----	0
CIESP	Espoir	CI		1-------	0
CIFRE	Fresco	CI		1-3-----	0
CIGBA	Gbabam	CI		1-------	0
CIGLU	Grand Lahou	CI		1-3-----	0
CIJAC	Jacqueville	CI		1-------	0
CIKOS	Kosagi	CI		1-------	0
CIPBT	Port-Bouët	CI		1-------	0
CISPY	San-Pédro	CI	09	1-34----	0
CIZSS	Sassandra	CI		1--4----	0
CKAIT	Aitutaki	CK		1--45---	0
CKAIU	Atiu	CK		1--4----	0
CKARU	Arutunga	CK		1-------	0
CKMGS	Mangaia	CK		1--4----	0
CKMOI	Mitiaro Island	CK		1--4----	0
CKRAR	Rarotonga	CK		1--45---	0
CLACH	Achao	CL	LL	1-------	0
CLANF	Antofagasta	CL	AN	1--4----	0
CLARA	Arauco	CL	BI	1-3-----	1
CLARI	Arica	CL	AP	1-34----	0
CLAYA	Ayacara	CL	LL	1-------	0
CLBAG	Bahía San Gregorio	CL	MA	1-------	0
CLBAR	Barquito	CL	AT	1-------	0
CLBLR	Bahia Laredo	CL	MA	1-3-----	0
CLCAA	Calderilla	CL	AT	123-----	0
CLCAL	Caleta Patillos	CL		1-------	0
CLCBC	Calbuco	CL	LL	1-3-----	0
CLCCA	Chacao	CL	LL	1-3-----	0
CLCCP	Concepción	CL	BI	12345---	0
CLCDV	Curaco de Vélez	CL	LL	1-------	0
CLCGR	Cruz Grande	CL	CO	1-------	0
CLCHB	Chacabuco	CL	AI	1-------	0
CLCHI	Chiguayante	CL	BI	123-----	0
CLCHO	Chonchi	CL	LL	1-3-----	0
CLCHR	Cabo de Hornos	CL	MA	1-------	0
CLCIS	Puerto Cisnes	CL	AI	1-3-----	0
CLCLD	Caldera	CL	AT	1-------	0
CLCLR	Caleta Clarencia	CL	MA	1-------	0
CLCNL	Coronel	CL	BI	123-----	0
CLCNR	Chañaral	CL	AT	1234----	0
CLCNX	Cabo Negro	CL	MA	1-------	0
CLCOL	Caleta Coloso	CL	AN	1-------	0
CLCPO	Copiapó	CL	AT	1--4----	0
CLCQQ	Coquimbo	CL	CO	1-------	0
CLCRH	Carahue	CL	LL	1-3-----	0
CLCRR	Corral	CL	LL	1-34----	0
CLCST	Constitución	CL	ML	1-3-----	0
CLDCH	Dalcahue	CL	LL	1-3-----	0
CLEDE	Puerto Edén	CL	MA	1-------	0
CLGUA	Guaitecas	CL	AI	1-------	0
CLGYC	Guayacán	CL	CO	1-------	0
CLHSO	Huasco	CL	AT	1-------	0
CLHUH	Hualaihué	CL	LL	1-3-----	0
CLIPC	Isla de Pascua	CL	VS	1--4----	0
CLIQQ	Iquique	CL	TA	1--4----	0
CLISG	Isla Guarello	CL	MA	1-------	0
CLJFZ	Juan Fernández	CL	VS	1-------	0
CLKNA	Viña del Mar	CL	VS	1234----	0
CLLEB	Lebu	CL	BI	123-----	0
CLLIA	Llanquihue	CL	LL	123-----	0
CLLLI	Llico	CL	BI	1-3-----	0
CLLOH	Paso Lago O'Higgins/O'Higgins	CL	AI	1-3----B	0
CLLOS	Los Vilos	CL	CO	1-------	0
CLLQN	Lirquén	CL	BI	123-----	0
CLLSC	La Serena	CL	CO	1--4----	0
CLLTA	Lota	CL	BI	1-3-----	0
CLLVT	Los Vientos	CL	AN	123-----	0
CLMIC	Michilla	CL	AN	1-3-----	0
CLMJS	Mejillones	CL	AN	1-------	0
CLMLI	Melinka	CL	LL	1-3-----	0
CLMLL	Maullín	CL	LL	1-3-----	0
CLNAL	Nueva Aldea	CL	BI	1-3-----	0
CLOHI	O'Higgins	CL	AI	1-------	0
CLOVL	Ovalle	CL	CO	1--4----	0
CLPAG	Puerto Angamos	CL	AN	123-----	0
CLPAN	Panguipulli	CL	LL	123-----	0
CLPAT	Puerto Patache	CL	TA	1-------	0
CLPCH	Puerto Chacabuco	CL	AI	1-3-----	0
CLPCK	Pecket	CL	MA	1-------	0
CLPEO	Penco	CL	BI	123-----	0
CLPGA	Pargua	CL	LL	1-3-----	0
CLPIS	Pisagua	CL	TA	1-------	0
CLPMC	Puerto Montt	CL	LL	1234----	0
CLPNT	Puerto Natales	CL	MA	1-34----	0
CLPOC	Puerto Octay	CL	LL	1-3-----	0
CLPOS	Posesión	CL	CO	1-3-----	0
CLPPD	Punta Padrones	CL		1----6--	0
CLPPY	Puerto Percy	CL	MA	1-------	0
CLPQD	Puqueldón	CL	LL	1-------	0
CLPTC	Punta Chungo	CL	CO	123-----	0
CLPTE	Quellón (Puerto Quellón)	CL	LL	1-3-----	0
CLPTI	Patillos	CL	TA	1-------	0
CLPUQ	Punta Arenas	CL	MA	1-34----	0
CLPVS	Puerto Varas	CL	LL	123-----	0
CLQCO	Quinchao	CL	LL	1-------	0
CLQLN	Queilén	CL	LL	1-3-----	0
CLQMC	Quemchi	CL	LL	1-3-----	0
CLQTV	Quintero	CL	VS	1-3-----	0
CLQUV	Quellón Viejo	CL	LL	1-3-----	0
CLRAF	Rauco	CL	LL	1-3-----	0
CLSAA	Saavedra	CL	AR	1-3-----	0
CLSAI	San Antonio	CL	VS	123-----	0
CLSVE	San Vicente	CL	BI	1-3-----	0
CLTAL	Talcahuano	CL	BI	123-----	0
CLTLX	Talca	CL	ML	1234----	0
CLTOM	Tomé	CL	BI	123-----	0
CLTON	Tongoy	CL	CO	1-3-----	0
CLTOQ	Tocopilla	CL	AN	1--4----	0
CLTOR	Tortel	CL	AI	1-------	0
CLTPT	Tres Puentes	CL	MA	1-3-----	0
CLTTC	Taltal	CL	AN	1--4----	0
CLVAP	Valparaiso	CL	VS	1234----	0
CLVIL	Villarrica	CL	AR	123-----	0
CLVNT	Ventanas	CL	VS	1-3-----	0
CLWCA	Castro	CL	LL	1-34----	0
CLWCH	Chaitén	CL	LL	1--4----	0
CLWPA	Puerto Aisén	CL	AI	1--4----	0
CLWPU	Puerto Williams	CL	MA	1--4----	0
CLZAL	Valdivia	CL	LL	1234----	0
CLZOS	Osorno	CL	LL	1234----	0
CLZUD	Ancud	CL	LL	1-34----	0
CMDLA	Douala	CM		1--45---	0
CMGOU	Garoua	CM	NO	1-34----	0
CMKBI	Kribi	CM		1--4----	0
CMKOL	Kole Terminal	CM		1-------	0
CMKUM	Kumba	CM	SW	1----6--	0
CMLIM	Limbe	CM		123-----	0
CMLIT	Limboh Terminal	CM		1-------	0
CMMOU	Moudi Terminal	CM		1-3-----	0
CMTKC	Tiko	CM		1--4----	0
CNAIN	Huaiyin	CN	JS	1-3--6--	0
CNAJG	Aojiang Pt	CN	ZJ	1-------	0
CNANG	Huangxian	CN	33	1----6--	0
CNANQ	Anqiu	CN	SD	1-3-----	0
CNANT	Anting	CN	SH	1----6--	0
CNAPP	Anpu	CN	GD	1-------	0
CNAQG	Anqing	CN	AH	123-----	0
CNASW	Aoshanwei	CN	SD	1----6--	0
CNBAH	Bahe	CN	HB	1-------	0
CNBAU	Baxu	CN	JS	1-------	0
CNBCG	Baiceng	CN	GZ	1-------	0
CNBCO	Bacao	CN	GZ	1-------	0
CNBDG	Badong	CN	HB	1-------	0
CNBEI	Beilun	CN	ZJ	1-3-----	0
CNBHE	Buhe	CN	HB	1-------	0
CNBHT	Tieshan	CN	GX	1-------	0
CNBHX	Binhai	CN	JS	1-------	0
CNBIC	Beicun	CN	GD	1-------	0
CNBIH	Beihai Pt	CN	GX	1-------	0
CNBIJ	Beijiao	CN	GD	1-------	0
CNBIY	Beiyao	CN	GD	1-------	0
CNBLG	Beilun Pt	CN	ZJ	1-------	0
CNBLI	Bali	CN	HB	1-------	0
CNBLO	Bailuo	CN	HB	1-------	0
CNBLX	Honghai Pt	CN	GD	1-------	0
CNBMJ	Baimajing	CN	HI	1-3-----	0
CNBOA	Boao	CN	HI	1-------	0
CNBSD	Baoshan Pt	CN	SH	1-------	0
CNBSE	Baise	CN	GX	1-------	0
CNBSI	Baishi	CN	HL	1-------	0
CNBSP	Basuo Pt	CN	HI	1-------	0
CNBYA	Bayan	CN	HL	1-------	0
CNBYG	Baiyang	CN	HB	1-------	0
CNBYN	Binyang	CN	FJ	123-----	0
CNBYQ	Bayuquan	CN	LN	1-------	0
CNBZG	Bozhong	CN	TJ	1-----7-	0
CNCAH	Changhua	CN	HI	1-------	0
CNCBG	Chen Barag	CN	NM	1-------	0
CNCBI	Chibi	CN	HB	1-------	0
CNCDH	Changdianhekou	CN	LN	1-------	0
CNCFD	Caofeidian Pt	CN	HE	1-------	0
CNCFF	Suidong	CN	HL	1-------	0
CNCGJ	Changjing	CN	JS	1-------	0
CNCGM	Chongming	CN	SH	1-------	0
CNCGS	Changshu Pt	CN	JS	1-------	0
CNCGW	Cangwu	CN	GX	1-3-----	0
CNCGZ	Chongzuo	CN	GX	1-------	0
CNCHE	Chengaogang	CN	FJ	1-------	0
CNCHI	Chizhou	CN	AH	123-----	0
CNCHQ	Chongqing Pt	CN	CQ	1-------	0
CNCHS	Chuanshan	CN	ZJ	1-------	0
CNCHU	Chaohu	CN	AH	123-----	0
CNCHX	Chengxi	CN	SH	1-------	0
CNCHY	Chaoyang Pt	CN	GD	1-------	0
CNCHZ	Chuzhou	CN	AH	123-----	0
CNCIG	Chenjiagang	CN	JS	1-------	0
CNCIV	Civet / Guandong	CN	GD	1----6--	0
CNCIX	Cixi	CN	ZJ	1-3--6--	0
CNCJA	Congjiang	CN	GZ	1-------	0
CNCJG	Caojing	CN	SH	1-3-----	0
CNCJI	Chengjiang	CN	JS	1-------	0
CNCLJ	Chenglingji Pt	CN	HN	1-------	0
CNCNG	Chengde	CN	HE	123-----	0
CNCNX	Xinxu	CN	GD	1-------	0
CNCOZ	Chaozhou	CN	GD	123-----	0
CNCQI	Chongqing	CN	CQ	12-45---	0
CNCSH	Changsha	CN	HN	12-45---	0
CNCSJ	Changshou	CN	JS	1-------	0
CNCSL	Laiwu	CN	GD	1-------	0
CNCSO	Changshou	CN	CQ	1-------	0
CNCUM	Chumen	CN	ZJ	1-3-----	0
CNCUN	Chencun	CN	GD	1-3-----	0
CNCWN	Chiwan Pt	CN	GD	1-------	0
CNCYH	Haimen	CN	GD	1-------	0
CNCZX	Changzhou	CN	JS	1234----	0
CNDAA	Dagang	CN	JS	1-3-----	0
CNDAG	Dalian Pt	CN	LN	1-------	0
CNDAL	Dalian	CN	LN	12-45---	0
CNDAN	Daan	CN	JL	1-------	0
CNDAS	Dashihuagang	CN	21	1-------	0
CNDAX	Daxie Pt	CN	ZJ	1-------	0
CNDAY	Dayawan	CN	GD	1-------	0
CNDBG	Dongbang	CN	JS	1-------	0
CNDBX	Bohe	CN	GD	1-------	0
CNDCB	DA CHAN BAY	CN	GD	1----6--	0
CNDCG	Ducheng	CN	HB	1-------	0
CNDDD	Dadeng I.	CN	FJ	1-------	0
CNDDG	Dandong	CN	LN	1234----	0
CNDDK	Dadukou	CN	AH	1-------	0
CNDDP	Didu	CN	GD	1-------	0
CNDDW	Dongdaiwan	CN	FJ	1-------	0
CNDDZ	Dandong	CN	LN	123----B	0
CNDEF	Defeng	CN	GZ	1-3-----	0
CNDEZ	Dezhou	CN	SD	1-3-----	0
CNDFA	Dongfang	CN	HI	123-----	0
CNDFG	Dafeng	CN	JS	123-----	0
CNDFN	Dongfeng	CN	SD	12------	0
CNDGG	Dongguan	CN	GD	123-----	0
CNDGN	Donggang	CN	TJ	1-------	0
CNDGP	Dongping	CN	GD	1-------	0
CNDGU	Donggu	CN	FJ	1-------	0
CNDHD	Douhudi	CN	HB	1-------	0
CNDHP	Dahuangpu	CN	GD	1-------	0
CNDHU	Danzhou	CN	GX	123--6--	0
CNDIA	Digang	CN	AH	1-------	0
CNDIZ	Dadingzi	CN	HL	1-------	0
CNDJA	Dongjiakou	CN	SD	1-3-----	0
CNDJG	Dongjiang Port Area	CN	TJ	1-------	0
CNDJI	Dajing	CN	ZJ	1-------	0
CNDJK	Dongjiangkou	CN	GD	12------	0
CNDJO	Daojiao	CN	GD	1-3-----	0
CNDJT	Dongjiaotou Pt	CN	GD	1-------	0
CNDLD	Dalu Island	CN	LN	1-------	0
CNDLI	Dongliu	CN	AH	1-------	0
CNDMJ	Jingan	CN	GD	1-------	0
CNDMX	Xinhuan	CN	GD	1-------	0
CNDMY	Damaiyu	CN	ZJ	1-------	0
CNDNG	Donghai	CN	GD	1-3--6--	0
CNDNT	Dantu	CN	JS	1-------	0
CNDOP	Donglian Port	CN	GD	1-------	0
CNDOU	Doumen Pt	CN	GD	1-------	0
CNDOX	Dongxing	CN	GX	1-3----B	0
CNDOZ	Dongzhang	CN	JS	1-------	0
CNDPG	Dapeng	CN	GD	1-3-----	0
CNDQD	Daqindao	CN	SD	1-------	0
CNDSA	Dasha	CN	HB	1-------	0
CNDSB	Dongsunba	CN	CQ	1-------	0
CNDSH	Dongshi	CN	FJ	1-------	0
CNDSI	Dongshi	CN	42	1-------	0
CNDSN	Dongshan Pt	CN	FJ	1-------	0
CNDSO	Dasong	CN	ZJ	1-------	0
CNDTZ	Dataizi	CN	LN	1-------	0
CNDWN	Dawan	CN	SD	1-------	0
CNDXU	Daxu	CN	GX	1-------	0
CNDYI	Dayi	CN	JS	1-------	0
CNDYN	Dongying	CN	SD	123-----	0
CNDYW	Dayaowan	CN	LN	1-------	0
CNDZM	Danzhimatou	CN	LN	1-------	0
CNEBA	Erba	CN	AH	1-------	0
CNECG	Echeng	CN	HB	1-------	0
CNEGN	Ergun	CN	NM	1-3--6--	0
CNENP	Hengban	CN	GD	1-------	0
CNETK	Ertaokou	CN	HB	1-------	0
CNEZH	Ezhou	CN	HB	123-----	0
CNFAG	Fugang	CN	GD	1-------	0
CNFAN	Fangcheng Pt	CN	GX	1-------	0
CNFCH	Fengcheng	CN	SD	1-------	0
CNFDU	Fengdu	CN	CQ	1-------	0
CNFJE	Fengjie	CN	CQ	1-------	0
CNFKI	Fengkai	CN	GD	1-3-----	0
CNFKJ	Jiangkou	CN	GD	1-------	0
CNFLG	Fuling	CN	CQ	1-3-----	0
CNFNG	Fuyong	CN	GD	1-3-----	0
CNFQX	Xialong	CN	FJ	1-------	0
CNFRT	Foshan New Pt	CN	GD	1-------	0
CNFSA	Fushan	CN	JS	1-------	0
CNFSI	Fusui	CN	GX	1-------	0
CNFUC	Fucheng	CN	GD	1-------	0
CNFUJ	Fujin	CN	HL	1-------	0
CNFUY	Fuyuan	CN	HL	1-------	0
CNFWN	Fuwan	CN	GD	1-------	0
CNFXG	Fuxing	CN	AH	1-------	0
CNFZG	Fuzhou Pt	CN	FJ	1-------	0
CNFZH	Fuzhou	CN	FJ	1--45---	0
CNFZL	Dantou	CN	FJ	1-------	0
CNFZX	Fuzhouxingang	CN	FJ	1-------	0
CNGAO	Gaogang	CN	JS	1-------	0
CNGBG	Guanbu Pt	CN	GD	1-------	0
CNGBT	Guangbaotong	CN	GD	1-------	0
CNGCH	Guancheng	CN	GD	1-------	0
CNGDI	Gedian	CN	HB	1-------	0
CNGGK	Gongkou	CN	FJ	1-------	0
CNGGN	Gongan	CN	HB	1-------	0
CNGGU	Gongguan	CN	GX	1-------	0
CNGGZ	Guangzhou	CN	GD	12345---	0
CNGHI	Guanghai Pt	CN	GD	1-------	0
CNGIS	Guishan	CN	GD	1-------	0
CNGLG	Gaoleng	CN	HL	1-------	0
CNGLI	Guangli	CN	GD	1-------	0
CNGLN	Gaolan	CN	GS	123-----	0
CNGNA	Guang'ao	CN	GD	1-3-----	0
CNGNG	Guangning	CN	GD	1-------	0
CNGNI	Guangning	CN	LN	1-------	0
CNGOG	Gongming	CN	GD	1-3-----	0
CNGOM	Gaoming Pt	CN	GD	1-------	0
CNGON	Gaolan	CN	GD	1-3-----	0
CNGPG	Guiping	CN	GX	1-------	0
CNGSA	Cangshan	CN	SD	1-3-----	0
CNGSH	Gaosha	CN	GD	1-------	0
CNGUG	Guigang	CN	GX	1-------	0
CNGUI	Guilin	CN	GX	123-----	0
CNGUL	Gangluan	CN	SD	1-------	0
CNGUT	Guangdong Terminal	CN	GD	1-------	0
CNGYN	Nanan	CN	GD	1-------	0
CNGYO	Guanyao	CN	HB	1-------	0
CNGZC	Guangzhouchuanchang	CN	GD	1-------	0
CNGZE	Guzhen	CN	GD	1-3--6--	0
CNGZG	Guangzhou Pt	CN	GD	1-------	0
CNHAQ	Huangqi/Nanhai	CN	GD	1-------	0
CNHAS	Heshan	CN	GX	12------	0
CNHBG	Harbin Pt	CN	HL	1-------	0
CNHCN	Huachuan	CN	HL	1-------	0
CNHDG	Huadu Pt	CN	GD	1-------	0
CNHDN	Haidian	CN	HI	1-------	0
CNHEK	Heihe	CN	HL	1-----7-	0
CNHGA	Honghua	CN	HB	1-------	0
CNHGG	Hongguang Pt	CN	ZJ	1-------	0
CNHGJ	Huangjiang	CN	GX	1-3-----	0
CNHGN	Haigeng	CN	AH	1-------	0
CNHHT	Haitian Terminal/ Xiamen	CN	FJ	1-3--6--	0
CNHID	Huidong Pt	CN	GD	1-------	0
CNHIG	Haikou Pt	CN	HI	1-------	0
CNHIJ	Huaiji	CN	GD	1-3-----	0
CNHIK	Huikou	CN	AH	1-------	0
CNHIM	Haimiao	CN	SD	1-------	0
CNHJI	Huangjiang	CN	GD	1-------	0
CNHKO	Haikou	CN	HI	1--45---	0
CNHKU	Hukou	CN	JX	1-------	0
CNHLE	Hulan Ergi	CN	HL	1-------	0
CNHLI	Huailai	CN	HE	123-----	0
CNHLJ	Jinghai	CN	GD	1-------	0
CNHLW	Heliwei	CN	GD	1-------	0
CNHME	Haimen	CN	ZJ	1-------	0
CNHMN	Humen Pt	CN	GD	1-------	0
CNHNH	Huanghua	CN	ZJ	1-------	0
CNHNI	Hengli	CN	GD	1-3--6--	0
CNHNS	Huanshi	CN	HB	1-------	0
CNHOD	Hongdu	CN	GX	1-------	0
CNHOH	Honghu	CN	HB	1-------	0
CNHOQ	Hongqi	CN	GD	1-------	0
CNHOU	Houjie	CN	GD	1-3-----	0
CNHRN	Harbin	CN	HL	12-45---	0
CNHSC	Shaoguan New Pt	CN	GD	1-------	0
CNHSI	Huangshi Pt	CN	HB	1-------	0
CNHSK	Huangsangkou	CN	HB	1-------	0
CNHSN	Heshan Pt	CN	GD	1-------	0
CNHST	Heishantou	CN	NM	1-------	0
CNHTG	Hetang	CN	GD	1-------	0
CNHTO	Haitou	CN	JS	1-------	0
CNHUA	Huangpu Pt	CN	GD	1-------	0
CNHUD	Huludao	CN	LN	1234----	0
CNHUE	Huchen	CN	ZJ	1-------	0
CNHUH	Huanghua Pt	CN	HE	1-------	0
CNHUI	Huizhou	CN	GD	123-----	0
CNHUL	Hulin	CN	HL	1------B	0
CNHUM	Huma	CN	HL	1-------	0
CNHUN	Huangpu New Port	CN	GD	1-------	0
CNHUP	Huo Pt	CN	AH	1-------	0
CNHUS	Huashi	CN	JS	1-------	0
CNHUY	Huayang	CN	AH	1-------	0
CNHXA	Hengxian	CN	GX	1-------	0
CNHXE	Haoxue	CN	HB	1-------	0
CNHXG	Haikou New Pt	CN	HI	1-------	0
CNHYN	Huangyan	CN	ZJ	1-34-6--	0
CNHZH	Huzhou	CN	ZJ	123-----	0
CNHZO	Huangzhou	CN	HB	1-------	0
CNHZU	Houzhu	CN	FJ	1-3--6--	0
CNIMA	Baimao	CN	SD	1-------	0
CNING	Xinyang	CN	HA	1-------	0
CNJAA	Jiang'an	CN	SC	1-------	0
CNJAX	Jiaxing	CN	ZJ	1-------	0
CNJAY	Jiayin	CN	HL	1-------	0
CNJBI	Jianbi	CN	JS	1-------	0
CNJCH	Jiangcheng	CN	GD	1-------	0
CNJCN	Jiangchuan	CN	YN	1-------	0
CNJDR	Quxi	CN	GD	1-------	0
CNJES	Jieshi	CN	GD	1-------	0
CNJGJ	Jiangjin	CN	CQ	1-------	0
CNJGU	Jinguzhou	CN	GD	1-3-----	0
CNJGY	Jiangyin	CN	FJ	1-3-----	0
CNJHA	Jinhua	CN	ZJ	1234-6--	0
CNJHK	Jinhekou	CN	AH	1-------	0
CNJIA	Jiangyin Pt	CN	JS	1-------	0
CNJIJ	Jingjiang	CN	JS	123-----	0
CNJIP	Jiangping	CN	GX	1-3-----	0
CNJIS	Jiangshan Pt	CN	GX	1-------	0
CNJIU	Jiujiang	CN	JX	1234----	0
CNJIZ	Jiazi	CN	GD	1-------	0
CNJKO	Jiangkou	CN	HB	1-------	0
CNJLI	Jianli	CN	HB	1-------	0
CNJLP	Jiulongpo Pt	CN	CQ	1-------	0
CNJMN	Jiangmen	CN	GD	123-----	0
CNJMS	Jiamusi Pt	CN	HL	1-------	0
CNJMU	Jimusi	CN	HL	1234----	0
CNJMY	Jimiya	CN	SD	1-------	0
CNJNH	Jinhaian	CN	GD	1-------	0
CNJNL	Jinli	CN	GD	1-------	0
CNJNZ	Jinzhou Pt	CN	LN	1-------	0
CNJOG	Jinghong	CN	YN	1-------	0
CNJOK	Jiaokou	CN	GD	1-------	0
CNJPI	Jinpai	CN	HI	1-------	0
CNJPU	Jiangpu	CN	JS	1-------	0
CNJRG	Jurong	CN	JS	1-34----	0
CNJSG	Jiaoshan Pt	CN	ZJ	1-------	0
CNJTG	Jingtang Pt	CN	HE	1-------	0
CNJTO	Jiantiao	CN	ZJ	1-------	0
CNJUJ	Jiujiang	CN	GD	1-------	0
CNJUL	Jiuli	CN	JS	1-------	0
CNJUZ	Jiuzhen	CN	FJ	1-------	0
CNJXN	Jiao Xin	CN	GD	1-3-----	0
CNJZK	Jingzhou Pt	CN	HB	1-------	0
CNJZU	Jiuzhou Pt	CN	GD	1-------	0
CNKFG	Kaifeng	CN	HA	123-----	0
CNKMN	Kanmen	CN	ZJ	1-------	0
CNKZG	Kangzhou Pt	CN	GD	1-------	0
CNLAL	Laolong	CN	GD	1-------	0
CNLCP	Lucheng Pt	CN	HB	1-------	0
CNLDK	Laodukou	CN	HB	1-------	0
CNLFN	Lufeng	CN	GD	1-3-----	0
CNLGA	Long'an	CN	GX	1-------	0
CNLGI	Longhai	CN	HN	1-3-----	0
CNLGU	Longguan	CN	HE	1-3-----	0
CNLGW	Longwu	CN	SH	1-------	0
CNLGY	Longyan Pt	CN	SD	1-------	0
CNLID	Lidao	CN	SD	1-------	0
CNLIH	Lianhuashan Pt	CN	GD	1-------	0
CNLIJ	Lijiang	CN	SD	1-------	0
CNLIU	Liuyang	CN	HN	1-------	0
CNLIZ	Lianzhou	CN	GD	1-3-----	0
CNLJD	Liujiadu	CN	AH	1-------	0
CNLJK	Luanjiakou	CN	SD	1-------	0
CNLJN	Liujing	CN	GX	1-------	0
CNLJP	Liujia Pt	CN	HB	1-------	0
CNLJQ	Qianyu	CN	FJ	1-------	0
CNLJT	Luojingtan	CN	HB	1-------	0
CNLJY	Yingzai	CN	GD	1-------	0
CNLKP	Liukou Pt	CN	HB	1-------	0
CNLKU	Longkou Pt	CN	SD	1-------	0
CNLLI	Liling	CN	HN	123-----	0
CNLMG	Wenling Longmen Port	CN	ZJ	1----6--	0
CNLMN	Longmen	CN	GX	1-------	0
CNLNH	Linhai	CN	ZJ	1-3--6--	0
CNLNN	Lunan	CN	AH	1-------	0
CNLNS	Lanshi	CN	GD	1-------	0
CNLOH	Luohuang	CN	CQ	1-------	0
CNLOZ	Longzhou	CN	GX	1-------	0
CNLPG	Mouping	CN	SD	1-------	0
CNLPP	Longping Pt	CN	HB	1-------	0
CNLQI	Luoqi	CN	CQ	1-------	0
CNLSH	Lushun New Pt	CN	LN	1-------	0
CNLSN	Lanshan Pt	CN	SD	1-------	0
CNLSX	Xincun	CN	SD	1-------	0
CNLTP	Letianxi Pt	CN	HB	1-------	0
CNLUB	Luobei	CN	HL	1-------	0
CNLUD	Liudu	CN	GD	1-------	0
CNLUH	Lü-hua Shan	CN	ZJ	1-------	0
CNLUI	Lisui	CN	BJ	1-3-----	0
CNLUN	Lu'an	CN	AH	1-3-----	0
CNLUS	Lusi	CN	JS	1-------	0
CNLUZ	Luzhou	CN	SC	1-------	0
CNLXH	Laoxiahe	CN	AH	1-------	0
CNLXI	Lanxi	CN	ZJ	123-----	0
CNLXP	Luxikou Pt	CN	HB	1-------	0
CNLYG	Lianyungang	CN	JS	1-------	0
CNLYP	Liying Pt	CN	HB	1-------	0
CNLZH	Liuzhou	CN	GX	123-----	0
CNLZI	Luzhai	CN	GX	1-------	0
CNLZL	Liusha	CN	GD	1-------	0
CNLZO	Laizhou Pt	CN	SD	1-------	0
CNLZP	Liuzuo Pt	CN	HB	1-------	0
CNMAA	Ma'anshan	CN	AH	123-----	0
CNMAC	Macun	CN	HI	1-------	0
CNMAJ	Majistan/Zhoushan	CN	ZJ	1-------	0
CNMAW	Mawei Pt	CN	FJ	1-------	0
CNMAY	Mayong	CN	GD	1-------	0
CNMBI	Mabian Island	CN	GD	1-------	0
CNMGG	Meigeng	CN	AH	1-------	0
CNMHG	Minxing	CN	SH	1-3--6--	0
CNMIO	Meiao	CN	ZJ	1-------	0
CNMIY	Miyun	CN	11	1----6--	0
CNMJD	Majiadian	CN	HB	1-------	0
CNMJS	Maji Shan	CN	ZJ	1-------	0
CNMLG	Maoling	CN	GX	1-------	0
CNMLI	Meilin	CN	FJ	1-------	0
CNMOG	Maogang	CN	GD	1-3-----	0
CNMOH	Mohe	CN	HL	1-------	0
CNMOT	Miaotou	CN	GD	1-------	0
CNMPP	Maoping Pt	CN	HB	1-------	0
CNMSA	Meisha Pt	CN	GD	1-------	0
CNMSG	Meishan Pt	CN	ZJ	1-------	0
CNMSN	Meishan	CN	ZJ	1-------	0
CNMSP	Maoshan Pt	CN	HB	1-------	0
CNMTZ	Matouzhen	CN	JX	1-------	0
CNMWN	Mawan Pt	CN	GD	1-------	0
CNMYM	Moupingyangmadao	CN	SD	1-------	0
CNMZU	Muzhou	CN	GD	1-------	0
CNMZW	Meizhouwan	CN	FJ	1-------	0
CNNAD	Nandu	CN	GX	1-------	0
CNNAH	Nanhai Pt	CN	GD	1-------	0
CNNAN	Nanao Pt	CN	GD	1-------	0
CNNBG	Ningbo Pt	CN	ZJ	1-------	0
CNNBO	Ningbo	CN	ZJ	12-4----	0
CNNCA	Nicha	CN	AH	1-------	0
CNNDE	Ningde	CN	FJ	1-------	0
CNNDS	Shacheng	CN	FJ	1-------	0
CNNEG	Neigang	CN	GD	1-------	0
CNNHN	Wuhan	CN	HB	12-45---	0
CNNHS	Sanshan pt	CN	GD	1-------	0
CNNIG	Nanning Pt	CN	GX	1-------	0
CNNIN	Nanning	CN	GX	1-345---	0
CNNJG	Nanjing Pt	CN	JS	1-------	0
CNNJI	Nanjing	CN	JS	1--45---	0
CNNJK	Nanjiangkou	CN	GD	1-------	0
CNNKL	Niuguling	CN	GD	1-------	0
CNNMI	Ningming	CN	GX	1-------	0
CNNNX	Nanxi	CN	SC	1-------	0
CNNSA	Nansha Pt	CN	GD	1-------	0
CNNSY	Nianshanyapojiao	CN	GD	1-------	0
CNNTG	Nantong	CN	JS	1234----	0
CNNTN	Niutoushan	CN	AH	1-------	0
CNNUD	Nudao	CN	SD	1-------	0
CNNXI	Nanxiang	CN	GX	1-------	0
CNPAJ	Panjin	CN	LN	1-------	0
CNPDG	Pudong/Shanghai	CN	SH	1-3-----	0
CNPDX	Pudongxinqu Pt	CN	SH	1-------	0
CNPGN	Pingnan	CN	GX	1-------	0
CNPGZ	Pingzhou	CN	GD	1-------	0
CNPHB	Bijia	CN	GD	1-------	0
CNPIL	Pingle	CN	GX	1-------	0
CNPJO	Pojiao	CN	GZ	1-------	0
CNPJS	Pizhou	CN	JS	1-------	0
CNPKO	Pikou	CN	LN	1-------	0
CNPLI	Penglai Pt	CN	SD	1-------	0
CNPNT	Pantang	CN	HB	1-------	0
CNPNY	Shiqiao	CN	GD	1-------	0
CNPQA	Puqian	CN	HI	1-------	0
CNPQI	Puqi	CN	ZJ	1-------	0
CNPSH	Pingsha	CN	GD	1-------	0
CNPTJ	Jinjing	CN	FJ	1-------	0
CNPTN	Pingtan	CN	FJ	123-----	0
CNPTS	Sanjiangkou	CN	FJ	1-------	0
CNPUT	Putian	CN	FJ	1----6--	0
CNPXI	Puxi	CN	ZJ	1-------	0
CNPXM	Pingshaxinmatou	CN	GD	1-------	0
CNPYG	Puyang	CN	41	123--6--	0
CNPZE	Pengze	CN	JX	1-------	0
CNPZO	Paizhou	CN	HB	1-------	0
CNQAW	Qianwan	CN	SD	1-3-----	0
CNQDG	Qingdao Pt	CN	SD	1-------	0
CNQDL	Qindeli	CN	HL	1-------	0
CNQGG	Qingge	CN	HI	1-------	0
CNQGS	Qingshi	CN	JL	1-------	0
CNQGY	Qingyuan	CN	GD	1-------	0
CNQHE	Qinghe	CN	HL	1-------	0
CNQIG	Qingguji / Shangqiu	CN	41	1----6--	0
CNQIN	Qingdao	CN	SD	12-45---	0
CNQJG	Qinjiang	CN	GX	1-------	0
CNQJI	Qingjiang	CN	ZJ	1-------	0
CNQJO	Qiangjiao	CN	ZJ	1-------	0
CNQKE	Qike	CN	HL	1-------	0
CNQKU	Qukou	CN	HI	1-------	0
CNQLN	Qinglan Pt	CN	HI	1-------	0
CNQMN	Qimen	CN	ZJ	1-------	0
CNQNH	Tanmen	CN	HI	1-------	0
CNQSA	Qisha Pt	CN	GX	1-------	0
CNQSE	Qingshuihe/Shenzhen	CN	GD	1----6--	0
CNQSN	Qianshan/Zhuhai	CN	GD	1-3--6--	0
CNQUG	Quangang,Quanzhou	CN	FJ	123--6--	0
CNQXT	Qixingtai	CN	HB	1-------	0
CNQYA	Qingyang	CN	JS	1-------	0
CNQZC	Chongwu	CN	FJ	1-------	0
CNQZH	Qinzhou	CN	GX	123-----	0
CNQZL	Quanzhou	CN	FJ	1-------	0
CNQZO	Qizhou	CN	HB	1-------	0
CNRAG	Ruichang	CN	JX	1-------	0
CNRCG	Rongcheng	CN	SD	1-3-----	0
CNRCH	Rongcheng	CN	HB	1-------	0
CNRGA	Rong'an	CN	GX	1-------	0
CNRGC	Rongcheng	CN	GD	1-------	0
CNRIA	Ruian	CN	ZJ	1----6--	0
CNRJG	Rongjiang	CN	GZ	1-------	0
CNRJN	Runjiang	CN	JS	1-------	0
CNROH	Raohe	CN	HL	1-------	0
CNROQ	Rongqi Pt	CN	GD	1-------	0
CNRPG	Raoping	CN	GD	1-3-----	0
CNRSI	Rongshui	CN	GX	1-------	0
CNRSN	Rushankou	CN	SD	1-------	0
CNRUG	Rugao	CN	JS	123-----	0
CNRZH	Rizhao	CN	SD	123-----	0
CNSAA	Sanhua	CN	HB	1-------	0
CNSAJ	Qinzhoushajing	CN	GX	1-------	0
CNSAM	Sanming / Shanming Shi	CN	35	1----6--	0
CNSAN	Shiwan	CN	GD	1-3-----	0
CNSAP	Shaping	CN	GX	1-------	0
CNSAT	Shadi	CN	GD	1-------	0
CNSAW	Shanwai	CN	ZJ	1----6--	0
CNSBH	Shibahe	CN	AH	1-------	0
CNSBM	Sanbaimen	CN		1-------	0
CNSBN	Suibin	CN	HL	1-------	0
CNSBU	Sanbu Pt	CN	GD	1-------	0
CNSDG	Shuidong Pt	CN	GD	1-------	0
CNSDP	Sandouping	CN	HB	1-------	0
CNSEY	Sheyang	CN	JS	1-------	0
CNSEZ	Shahezi	CN	HL	1-------	0
CNSGH	Shanghai	CN	SH	12345---	0
CNSGJ	Songjiang	CN	SH	1-------	0
CNSGU	Shangyu	CN	ZJ	1-3--6--	0
CNSHD	Shidao Pt	CN	SD	1-------	0
CNSHG	Shanghai Pt	CN	SH	1-------	0
CNSHH	Shishi	CN	FJ	1-3-----	0
CNSHK	Shekou Pt	CN	GD	1-------	0
CNSHL	Shuolong	CN	GX	1-------	0
CNSHM	Mafang	CN	GD	1-------	0
CNSHO	Shajiao	CN	GD	1-------	0
CNSHP	Qinhuangdao Pt	CN	HE	1-------	0
CNSHQ	Shiqi	CN	GD	1-------	0
CNSHT	Shating	CN	GD	1-3--6--	0
CNSHX	Xinan	CN	GD	1-------	0
CNSIG	Sanjiang	CN	JS	1-------	0
CNSIJ	Shijing	CN	FJ	1-------	0
CNSIK	Shuikou	CN	GD	1-------	0
CNSIP	Shiqu Pt	CN	SH	1-------	0
CNSIQ	Saiqi	CN	FJ	1-------	0
CNSIU	Shizhu	CN	CQ	1-------	0
CNSIZ	Suizhong	CN	LN	1-------	0
CNSJJ	Shijingjiaoxin	CN	GD	1-------	0
CNSJO	Shijitou	CN	HB	1-------	0
CNSJQ	Sanshui	CN	GD	1-------	0
CNSJT	Sijitun	CN	23	1-------	0
CNSJU	Shijiu Pt	CN	SD	1-------	0
CNSKS	Sikuaishi	CN	LN	1-------	0
CNSLG	Shiliugang	CN	GD	1-------	0
CNSLO	Shilou	CN	GD	1-3--6--	0
CNSMN	Songmen	CN	ZJ	1-------	0
CNSNA	Sanyang	CN	JS	1-------	0
CNSNH	Shenhu	CN	FJ	1-------	0
CNSNN	Suining	CN	SC	1-------	0
CNSNS	Sansha	CN	FJ	1-------	0
CNSNW	Shenwan	CN	GD	1-------	0
CNSNZ	Shenzhen	CN	GD	12345---	0
CNSOG	Songgai	CN	CQ	1-------	0
CNSON	Songxia Pt	CN	FJ	1-------	0
CNSPA	Shapa	CN	GD	1-------	0
CNSPI	Shipai	CN	AH	1-3-----	0
CNSQN	Shenquan	CN	GD	1-------	0
CNSRG	Sanrong	CN	GD	1----6--	0
CNSSG	Shashangang	CN	44	1-3-----	0
CNSSN	Shashan	CN	ZJ	1-------	0
CNSSP	Shuangshui	CN	GD	1-------	0
CNSTB	Shitoubu Pt	CN	GX	1-------	0
CNSTG	Shantou	CN	GD	123-----	0
CNSTI	Shatian	CN	GD	1-------	0
CNSUD	Shunde Pt	CN	GD	1-------	0
CNSUW	Sunwu	CN	HL	1------B	0
CNSWE	Shanwei	CN	GD	123-----	0
CNSWI	Shiwei	CN	NM	1-------	0
CNSXB	Beitan	CN	GD	1-------	0
CNSXJ	Shanshan	CN	XJ	1-34----	0
CNSYA	Sanya Pt	CN	HI	1-------	0
CNSYC	Shayuchong	CN	GD	1-------	0
CNSYG	Shiyang	CN	AH	1-------	0
CNSYM	Simao	CN	YN	1-------	0
CNSZA	Sanzao	CN	GD	1-3-----	0
CNSZG	Suzhou Pt	CN	JS	1-------	0
CNSZH	Suzhou	CN	JS	1---56--	0
CNSZK	Songzikou	CN	HB	1-------	0
CNSZO	Sanzhou	CN	HB	1-------	0
CNSZP	Shenzhen Pt	CN	GD	1-------	0
CNTAC	Taicang Pt	CN	JS	1-------	0
CNTAP	Taiping	CN	GD	1-------	0
CNTAZ	Taizhou Pt	CN	ZJ	1-------	0
CNTBS	Tianjinbaoshuiqu	CN	TJ	1-------	0
CNTFG	Tuanfeng	CN	HB	1-------	0
CNTGG	Tanggu	CN	TJ	1-------	0
CNTGS	Tangshan Pt	CN	HE	1-------	0
CNTID	Tiandong	CN	GX	1-------	0
CNTIS	Taishan	CN	GD	1-------	0
CNTIY	Tianyang	CN	GX	1-------	0
CNTJA	Tangjia	CN	GD	1-------	0
CNTJD	Tuojidao	CN	SD	1-------	0
CNTJG	Taijiang	CN	FJ	1-3--6--	0
CNTNC	Lintao	CN	GS	1-------	0
CNTNG	Tianjin Pt	CN	TJ	1-------	0
CNTNJ	Tianjin	CN	TJ	12345---	0
CNTNO	Tanggou	CN	AH	1-------	0
CNTOH	Tonghe	CN	HL	1-------	0
CNTOJ	Tongjiang	CN	HL	1-------	0
CNTOL	Tongling	CN	AH	123-----	0
CNTOX	Tongxing	CN	AH	1-------	0
CNTOZ	Tongzhao	CN	ZJ	1-------	0
CNTPK	Taipingkou	CN	HB	1-------	0
CNTPW	Taipingwan	CN	LN	1-------	0
CNTQO	Tuqiao	CN	AH	1-------	0
CNTSG	Gongyi	CN	GD	1-------	0
CNTXG	Tianjin Xingang Pt	CN	TJ	1-------	0
CNTXI	Tengxian	CN	GX	1-------	0
CNTXZ	Tongxiang	CN	ZJ	1-3-----	0
CNTZE	Tianzhen	CN	HB	1-------	0
CNTZO	Taizhou	CN	JS	1-3-----	0
CNTZU	Taizhou	CN	JS	123-----	0
CNUBU	Lubu	CN	GD	1-------	0
CNUIA	Hui'an,Quanzhou	CN	FJ	123--6--	0
CNWAS	Wanshan Pt	CN	GD	1-------	0
CNWAX	Wanxian	CN	CQ	1-------	0
CNWAZ	Wanzai	CN	GD	1-------	0
CNWCH	Huangpo	CN	GD	1-------	0
CNWEF	Weifang	CN	SD	1234----	0
CNWEG	Weihai Pt	CN	SD	1-------	0
CNWEH	Weihai Dashuipo Apt	CN	SD	1--45---	0
CNWEI	Weihai	CN	SD	1--45---	0
CNWGQ	Waigaoqiao Pt	CN	SH	1-------	0
CNWHE	Wuhe	CN	GD	1-------	0
CNWHG	Wuhan Pt	CN	HB	1-------	0
CNWHI	Wuhu	CN	AH	123-----	0
CNWHR	Rushan	CN	SD	1-------	0
CNWHU	Wuchuan	CN	GD	1-3-----	0
CNWHZ	Zhangjiabu	CN	SD	1-------	0
CNWIG	Waigang	CN	SH	1-------	0
CNWIH	Waihai	CN	GD	1-------	0
CNWIT	Weitou	CN	FJ	1-------	0
CNWJG	Wangjiang	CN	AH	1-------	0
CNWJI	Wujin	CN	JS	1-------	0
CNWNZ	Wenzhou	CN	ZJ	1234----	0
CNWSA	Wusha	CN	AH	1-------	0
CNWSH	Wenshan	CN	YN	1-3-----	0
CNWSN	Wushan	CN	CQ	1-------	0
CNWUC	Wu Chong Kou	CN	GD	1-3-----	0
CNWUG	Wusong Pt	CN	SH	1-------	0
CNWUK	Wukan	CN	GD	1-------	0
CNWUZ	Wuzhou	CN	GX	123-----	0
CNWXA	Wuxuan	CN	GX	1-3-----	0
CNWXP	Wuxue Pt	CN	HB	1-------	0
CNWXS	Wuxi	CN	JS	1--4-6--	0
CNWYK	Weiyuankou	CN	HB	1-------	0
CNWYP	Wuyapao	CN	HL	1-------	0
CNWZH	Wanzhou	CN	CQ	1-------	0
CNWZO	Wenzhou Pt	CN	ZJ	1-------	0
CNXAG	Xianguojilugang	CN	SN	123-56--	0
CNXAM	Xiamen	CN	FJ	12-45---	0
CNXAN	Xiang'an, Xiamen	CN	FJ	1----6--	0
CNXAO	Xiaolan	CN	GD	1-------	0
CNXAS	Xiashan	CN	GD	1-------	0
CNXCE	Xingcheng	CN	LN	1-------	0
CNXCG	Xichong Pt	CN	GD	1-------	0
CNXCI	Xiaochi	CN	HB	1-------	0
CNXCU	Xiaocuo Pt	CN	FJ	1-------	0
CNXDI	Xindian	CN	HL	1-------	0
CNXDJ	Xiadaiji	CN	JL	1-------	0
CNXDU	Xindu	CN	GX	1-------	0
CNXEO	Xueao	CN	ZJ	1-------	0
CNXEX	Xiexu	CN	GX	1-------	0
CNXGA	Xingang	CN	GD	1-------	0
CNXGD	Xingdong	CN	HL	1-3--6-B	0
CNXGK	Xiangkou	CN	AH	1-------	0
CNXGZ	Xiangzhou	CN	GD	1-3-----	0
CNXHH	Hekou	CN	GD	1-------	0
CNXHK	Xinhekou	CN	HB	1-------	0
CNXHO	Xiaohudao	CN	GD	1-------	0
CNXHT	Xilin Hot	CN	NM	1-------	0
CNXIA	Xian	CN	SN	12-456--	0
CNXID	Xindi	CN	HB	1-------	0
CNXIH	Xiahai	CN	GD	1-------	0
CNXIJ	Xijiang	CN	GX	1-------	0
CNXIK	Xinkai	CN	HB	1-------	0
CNXIN	Xinhui Pt	CN	GD	1-------	0
CNXIP	Xingang	CN	AH	1-------	0
CNXIT	Xintang Pt	CN	GD	1-------	0
CNXJB	Xiaojiangba	CN	AH	1-------	0
CNXJD	Xuejiadao	CN	SD	1-------	0
CNXLS	Xiliangshan	CN	AH	1-------	0
CNXMG	Xiamen Pt	CN	FJ	1-------	0
CNXMH	Haicang, Xiamen	CN	FJ	1----6--	0
CNXML	Liuwudian	CN	FJ	1-------	0
CNXNA	Xinsha	CN	GD	1-3-----	0
CNXNG	Xianing	CN	HN	1-------	0
CNXNI	Xinxing	CN	JS	1-------	0
CNXOT	Xiaotang	CN	GD	123-----	0
CNXSI	Xiangshui	CN	JS	1-3-----	0
CNXSP	Shipu	CN	ZJ	1-------	0
CNXTA	Xiangtan	CN	HN	1-3-----	0
CNXTI	Xidi	CN	GD	1-------	0
CNXTN	Xiantan	CN	SC	1-3-----	0
CNXTO	Xitou	CN	GD	1-------	0
CNXTZ	Xuetangzhou	CN	HB	1-------	0
CNXUA	Xiahua	CN	GD	1-3-----	0
CNXUK	Xunke	CN	HL	1-------	0
CNXUL	Xiulin	CN	HB	1-------	0
CNXUM	Xuanmen	CN	ZJ	1-------	0
CNXWH	Haian	CN	GD	1-------	0
CNXXY	Xiangyu Terminal/ Xiamen	CN	FJ	1-3--6--	0
CNXYG	Xiuyu Pt	CN	FJ	1-------	0
CNXYI	Xinying	CN	HI	1-3-----	0
CNXYN	Xiaying	CN	SD	1-------	0
CNXZI	Xiangzhi	CN	FJ	1-------	0
CNXZU	Xiangzhou	CN	GX	1-------	0
CNYAT	Yantai	CN	SD	123456--	0
CNYBG	Yabagou	CN	LN	1-------	0
CNYCA	Yingchuan	CN	JS	1-------	0
CNYCG	Yichang Pt	CN	HB	1-------	0
CNYFU	Yongfu	CN	GX	1-3-----	0
CNYGD	Yingde	CN	GD	1-------	0
CNYGK	Yangkou	CN	SD	1-------	0
CNYGN	Yongan	CN	ZJ	1-------	0
CNYGO	Yaogou	CN	AH	1-------	0
CNYGX	Yangxi	CN	HB	1-------	0
CNYHG	Yuecheng	CN	GD	1-------	0
CNYIB	Yibin	CN	SC	1-------	0
CNYIK	Yinkou	CN	LN	1234----	0
CNYIZ	Yizheng	CN	JS	1-3-----	0
CNYJA	Yanjia	CN	GZ	1-------	0
CNYJC	Yangjiachang	CN	HB	1-------	0
CNYJI	Yangjiang	CN	GD	123-----	0
CNYJP	Yaojia Pt	CN	HB	1-------	0
CNYKG	Yangkou Pt	CN	JS	1-------	0
CNYKU	Taokou	CN	AH	1-------	0
CNYLA	Yuelai	CN	HL	1-------	0
CNYLI	Yangli	CN	GZ	1-------	0
CNYLO	Yonglong	CN	JS	1-------	0
CNYMD	Yangmadao	CN	SD	1-------	0
CNYNG	Yangzhong	CN	JS	1-3-----	0
CNYNN	Yongning	CN	GX	1-------	0
CNYPE	Yangpeng	CN	AH	1-------	0
CNYPG	Yangpu Pt	CN	HI	1-------	0
CNYSA	Yangshan	CN	ZJ	1-------	0
CNYSH	Yuanshi	CN	HB	1-------	0
CNYSN	Yangshan	CN	GD	1-------	0
CNYSO	Yangshuo	CN	GX	1-------	0
CNYTG	Yantai Pt	CN	SD	1-------	0
CNYTI	Yongtai	CN	GD	1-------	0
CNYTN	Yantian Pt	CN	GD	123--6--	0
CNYUH	Yuhuan	CN	ZJ	1-------	0
CNYXS	Yixing	CN	JS	1-3-----	0
CNYXT	Yangxifengtou	CN	GD	1-------	0
CNYYA	Yueyang	CN	HN	1-3--6--	0
CNYYP	Yuyue Pt	CN	HB	1-------	0
CNYZH	Yangzhou	CN	JS	1234----	0
CNYZU	Yuzhu	CN	GD	1-3-----	0
CNZAG	Zhanghu	CN	AH	1-------	0
CNZCG	Zhicheng	CN	HB	1-------	0
CNZDO	Zhaodong	CN	HL	123--6--	0
CNZEL	Zhelin	CN	GD	1-------	0
CNZGS	Zhangshan	CN	JS	1-3-----	0
CNZGT	Zhongtang	CN	GD	1-------	0
CNZGW	Zhangwan	CN	FJ	1-------	0
CNZHE	Zhenjiang	CN	JS	1234----	0
CNZHG	Zhaogang	CN	AH	1-3-----	0
CNZHH	Zhuanghe Pt	CN	LN	1-------	0
CNZHI	Zhenhai Pt	CN	ZJ	1-------	0
CNZHY	Zhaoyuan	CN	HL	1-3-----	0
CNZIY	Ziyuan Pt	CN	GX	1-------	0
CNZJB	Zhangjiabian	CN	GD	1-3--6--	0
CNZJG	Zhangjiagang	CN	JS	1-------	0
CNZLO	Zhuliao	CN	GD	1-3--6--	0
CNZNG	Zhanjiang Pt	CN	GD	1-------	0
CNZNZ	Naozhou	CN	GD	1-------	0
CNZOS	Zhoushan	CN	ZJ	123-----	0
CNZPG	zhengpugang Pt	CN	AH	1-------	0
CNZPI	Zhaoping	CN	GD	1-------	0
CNZPK	Zhapoyouku	CN	GD	1-------	0
CNZPO	Zhapo	CN	GD	1-------	0
CNZPU	Zhapu Pt	CN	ZJ	1-------	0
CNZQG	Zhaoqing	CN	GD	123-----	0
CNZQJ	Zhouqujia	CN	AH	1-------	0
CNZSM	Shima	CN	FJ	1-------	0
CNZSN	Zhongshan	CN	GD	123-----	0
CNZUH	Zhuhai	CN	GD	123-----	0
CNZUS	Zhushan	CN	GX	1-------	0
CNZUY	Zhuyang	CN	CQ	1-------	0
CNZXI	Zhexiang	CN	GZ	1-------	0
CNZXN	Zhongxian	CN	CQ	1-------	0
CNZXZ	Xiazhai	CN	FJ	1-------	0
CNZYG	Zongyang	CN	AH	1-------	0
CNZYO	Zhuangyuanao	CN	ZJ	1-------	0
CNZZG	Zhouzhuang	CN	JS	1-------	0
CNZZU	Zhangzhou	CN	FJ	123-----	0
COACM	Arica	CO		1-3-----	0
COBAL	Balboa	CO	CAU	1-------	0
COBAQ	Barranquilla	CO		1--45---	0
COBUN	Buenaventura	CO		1--4----	0
COCNR	Contecar	CO	BOL	1-3--6--	0
COCOV	Covenas Offshore Terminal	CO	SUC	1-------	0
COCRC	Cartago	CO		1--4----	0
COCTG	Cartagena	CO		1--4----	0
COEBQ	El Bosque	CO		1-------	0
COEJA	Barrancabermeja	CO		1--4----	0
COENV	Envigado	CO	ANT	1-3-----	0
COLET	Leticia	CO	AMA	1--4----	0
COMAM	Mamonal	CO	BOL	1-------	0
COMAU	Manaure	CO	LAG	1-3-----	0
COMIN	Mingueo	CO	LAG	1-3--6--	0
COPBE	Puerto Berrio	CO		1--4----	0
COPBO	Puerto Bolívar	CO	LAG	1-------	0
COPCR	Puerto Carreño	CO	VID	1-34----	0
COPNM	Puerto Limón	CO		1-3-----	0
COPOC	Pozos Colorados	CO		1-------	0
COPSB	Simon Bolivar	CO		1----6--	0
COPUC	Puerto Colombia	CO		1-3-----	0
COPUL	Puerto Limón	CO		1-3-----	0
COPUU	Puerto Asís	CO	PUT	1-34----	0
COPYA	Puerto Boyaca	CO	BOY	1-34----	0
CORCH	Riohacha	CO		1--4----	0
CORCO	Rio Cordoba	CO		1-------	0
COSMR	Santa Marta	CO		1--4----	0
COSPC	Sociedad Portuaria Regional Cartagena	CO	BOL	1-3--6--	0
COTCO	Tumaco	CO		1--4----	0
COTLU	Tolú	CO	SUC	1--4----	0
COTRB	Turbo	CO	ANT	1--4----	0
COYMB	Yumbo	CO		1-3-----	0
CRABG	Abangares	CR	G	1----6--	0
CRBAT	Batan	CR	L	1-------	0
CRCAB	Cabo Blanco	CR	P	1-3--6--	0
CRCAI	Caimital	CR	G	1-3--6--	0
CRCAL	Caldera	CR	P	123-----	0
CRCDN	Neily	CR	P	1-3--6--	0
CRCIR	Ciruelas	CR	A	1-3--6--	0
CRCOM	Chomes	CR	P	1-3--6--	0
CRCRR	Curridabat	CR	SJ	1----6--	0
CRCTC	Moravia	CR	C	1----6--	0
CRCUT	Cutris	CR	A	1-3-----	0
CRCYL	Coyol	CR	A	123--6--	0
CRFIL	Filadelfia	CR	G	1-3--6--	0
CRFPN	Fraijanes	CR	A	1-3--6--	0
CRGDA	Guardia	CR	G	1-3--6--	0
CRGDP	Golfo de Papagayo	CR	G	1-3-----	0
CRGLF	Golfito	CR	P	1-34----	0
CRGUA	Guatuso	CR	C	1-3--6--	0
CRHSA	Horluetas/Sarapiqui	CR	H	1----6--	0
CRJIC	Jicaral	CR	P	1-3-----	0
CRLAF	La Fortuna	CR	A	1-3--6--	0
CRLIO	Puerto Limón	CR	L	1-3-----	0
CRMAT	Matina	CR	L	1-------	0
CRMOB	Moín	CR	L	1-3-----	0
CRMTZ	San Marcos de Tarrazu	CR	SJ	1----6--	0
CRMUE	Muelle de San Carlos	CR	A	1-3--6--	0
CRNAN	Nandayure	CR	G	1-3--6--	0
CRNAR	Naranjo	CR	SJ	1-3--6--	0
CRORO	Orotina	CR	A	1-3--6--	0
CRPAN	Palmar Norte	CR	P	1-3--6--	0
CRPAR	Parrita	CR	P	123-----	0
CRPAS	Puntarenas	CR	P	123-----	0
CRPEN	Penshurst	CR	L	1-------	0
CRPIT	Pital	CR	P	1-3--6--	0
CRPMN	Puerto Moin	CR	L	1-------	0
CRPOA	Poas	CR	A	1----6--	0
CRPTC	Puerto Caldera	CR	P	1-------	0
CRPUM	Punta Morales	CR	P	1-------	0
CRQGG	Quebrada Grande	CR	G	1-3-----	0
CRRCD	Río Cuarto	CR	A	1-3--6--	0
CRRIO	Río Frío	CR	P	1-3--6--	0
CRRJI	Rio Jimenez	CR	L	1----6--	0
CRROX	Roxana	CR	L	1----6--	0
CRSAM	Sámara	CR	G	1-3--6--	0
CRSAN	San Ignacio de Acosta	CR	SJ	1-3--6--	0
CRSIX	Sixaola/Talamanca	CR	L	1----6--	0
CRSJO	San José	CR	SJ	12345---	0
CRSMP	Santa Maria/Pocosol	CR	A	1-------	0
CRSPI	Sarapiquí	CR	H	1-3--6--	0
CRSRG	San Rafael Guatuso	CR	A	1----6--	0
CRSRI	Sarchí	CR	A	1-3--6--	0
CRSRP	Santa Rosa/Pocosol	CR	A	1----6--	0
CRSSP	San Pedro de Poas	CR	A	1-3--6--	0
CRTIG	La Tigra	CR	P	1-3--6--	0
CRTRE	Tres Ríos	CR	C	1-3--6--	0
CRTUA	Turrubares	CR	A	1----6--	0
CRVDT	Puerto Viejo	CR	L	1-3-----	0
CRXQP	Quepos (Puerto Quepos)	CR		1--4----	0
CRZAR	Zarcero / Naranjo	CR	A	1----6--	0
CUBAN	Banes	CU		123-----	0
CUBCA	Baracoa	CU		1--4----	0
CUBHO	Bahía Honda	CU		1-------	0
CUBOG	Boca Grande	CU		1-------	0
CUBUF	Bufadero	CU		123-----	0
CUCAB	Cabañas	CU		1-------	0
CUCAI	Caibarién	CU		1-------	0
CUCAR	Cárdenas	CU		123-----	0
CUCAS	Casilda	CU		1-3-----	0
CUCEI	Ceiba Hueca	CU		1-3-----	0
CUCFG	Cienfuegos	CU		1--4----	0
CUCMW	Camagüey	CU		1--4----	0
CUGER	Nueva Gerona	CU		1--4----	0
CUGIB	Gibara	CU		123--6--	0
CUGUB	Guantanamo Bay	CU		1-3-----	0
CUGYB	Guayabal	CU		1-------	0
CUHAV	La Habana	CU	03	12345---	0
CUICR	Nicaro	CU		1--4----	0
CUIDS	Isabela de Sagua	CU		1-------	0
CUJUC	Júcaro	CU		123-----	0
CUMAR	Mariel	CU		1234----	0
CUMEL	Media Luna	CU		1-3-----	0
CUMNT	Puerto Manatí	CU		123-----	0
CUMZO	Manzanillo	CU		1--4----	0
CUNIQ	Niquero	CU		123-----	0
CUNVT	Nuevitas	CU		123-----	0
CUPAL	Palo Alto	CU		1-3-----	0
CUPAS	Puerto de Pastelillo	CU		1-3-----	0
CUPPA	Puerto Padre	CU		123-----	0
CUPTA	Puerto Tarafa	CU		123-----	0
CUQCO	Colon	CU		1-34----	0
CUQMA	Matanzas	CU		1--4----	0
CURSL	Sagua la Grande	CU		1234----	0
CUSCS	Santa Cruz del Sur	CU		1-------	0
CUSCU	Santiago de Cuba	CU		1--4----	0
CUSDT	Sagua de Tánamo	CU	11	1-------	0
CUSNU	Santa Clara	CU		1-------	0
CUTDZ	Tunas de Zaza	CU		123-----	0
CUVIT	Puerto da Vita	CU		123-----	0
CVGRA	Porto Grande	CV	SV	1-------	0
CVMIN	Mindelo	CV	SV	1-3-----	0
CVRAI	Praia	CV		1--4----	0
CVVXE	Sao Vicente	CV		1--45---	0
CWBUB	Bullenbaai	CW		1-------	0
CWCRB	Caracas Baai	CW		1-------	0
CWCUR	Curaçao	CW		1--45---	0
CWFUI	Fuikbaai	CW		1-------	0
CWSMB	Sint Michielsbaai	CW		1-------	0
CWWIL	Willemstad	CW		1-------	0
CXFFC	Flying Fish Cove	CX		1-------	0
CYAKT	Akrotiri	CY	02	1--4----	0
CYANM	Ayia Napa	CY	04	1-3-----	0
CYDHK	Dhekelia	CY	03	1-3-----	0
CYFMG	Famagusta	CY	04	1-3-----	0
CYKAR	Karavostasi	CY	01	1-------	0
CYKYR	Kyrenia	CY	06	1-------	0
CYLAT	Latchi	CY	05	1-3-----	0
CYLCA	Larnaca	CY	03	1--45---	0
CYLMS	Limassol	CY	02	1-3-5---	0
CYMOI	Moni	CY	02	1-3-----	0
CYNIC	Nicosia	CY	01	1---5---	0
CYPFO	Paphos	CY	05	1--4----	0
CYVAS	Vasilikos	CY	03	1-------	0
CYZYY	Zyyi	CY	03	1-------	0
CZBAR	Bartosovice	CZ	MO	1-3-----	0
CZBBC	Babice	CZ	JM	1-3-----	0
CZBBE	Dolní Berkovice	CZ		123-----	0
CZBDC	Bohdalice	CZ	JM	1-------	0
CZBLN	Bílina	CZ		123-----	0
CZBOL	Bolatice	CZ		1-3-----	0
CZBRA	Stribrna Skalice	CZ	ST	1----6--	0
CZBTC	Boretice	CZ		1-3-----	0
CZBUB	Bubovice	CZ	ST	1-------	0
CZBYS	Bysice	CZ	PR	1-------	0
CZC7V	Cervená Voda	CZ	PA	1-------	0
CZCCN	Chocen	CZ		123-----	0
CZCEP	Cepi	CZ	PR	123-----	0
CZCEV	Ceská Ves	CZ	OL	1-3-----	0
CZCHU	Chudobín	CZ		1-3-----	0
CZCHZ	Chrustenice	CZ	OL	1-------	0
CZCRS	Smilovice	CZ	MO	1----6--	0
CZCUL	Chrastava	CZ		123-----	0
CZDCB	Decín	CZ		123-5---	0
CZDDD	Dobroviz	CZ	ST	1----6--	0
CZDEK	Hradek	CZ	PL	1----6--	0
CZDIS	Divisov	CZ	PR	123-----	0
CZDIV	Divisov	CZ		1-3--6--	0
CZDKV	Drzkov	CZ		123-----	0
CZDOB	Dolní Benesov	CZ		123-----	0
CZDOH	Destne v Orlickych Horach	CZ	KR	1-------	0
CZDOL	Dolní Lhota	CZ		1-3-----	0
CZDRN	Drnholec	CZ	JM	1----6--	0
CZDRO	Dobromerice	CZ	US	1----6--	0
CZDRS	Dobris	CZ		123--6--	0
CZG44	Chvalatice	CZ	JM	1----6--	0
CZHLP	Hlubocepy	CZ	ST	1-------	0
CZHLU	Hluk	CZ	ZL	123-----	0
CZHOT	Hostomice	CZ	ZL	1-------	0
CZHRN	Hradesin	CZ	ST	123-----	0
CZHRU	Hrusky/Breclav	CZ	JM	1----6--	0
CZHSA	Hrensko	CZ		1-3----B	0
CZHST	Hostinne	CZ	JC	1-------	0
CZHTV	Horni Tresnovec	CZ	PA	1-------	0
CZJAB	Jablonné nad Orlicí	CZ		123-----	0
CZJEN	Jencice	CZ	US	1----6--	0
CZJIE	Jevisovice	CZ	JM	1-3-----	0
CZJK6	Sakvice	CZ	JM	1-3-----	0
CZKAD	Kadan	CZ	US	123-----	0
CZKKA	Kyselka	CZ	KA	1----6--	0
CZKNV	Kralupy nad Vltavou	CZ		123-----	0
CZKOQ	Kosor	CZ	ST	1----6--	0
CZKOR	Korycany	CZ	JM	123-----	0
CZKRB	Dobruska	CZ	KR	1-------	0
CZKSL	Kostelec nad Labem	CZ	ST	123-----	0
CZKUV	Karolinka	CZ		123-----	0
CZLBC	Lubenec	CZ		1-3-----	0
CZLCC	Lulec	CZ	JC	1-------	0
CZLEC	Lechovice	CZ		1-3-----	0
CZLOB	Lobodice	CZ	OL	1----6--	0
CZLOD	Lodenice	CZ		1-------	0
CZLOE	Letovice	CZ		1-3-----	0
CZLUK	Lochovice	CZ		123-----	0
CZMCE	Cimelice	CZ	JM	1-------	0
CZMIB	Milotice nad Becvou	CZ	OL	123-5---	0
CZMNV	Michnov	CZ	JM	123--6--	0
CZMOR	Moravicany	CZ	OL	1-3-----	0
CZMRA	Moravsky Pisek	CZ	JM	1-3-----	0
CZMYT	Myto/Cesky Krumlov	CZ	JC	1----6--	0
CZNEH	Nehvizdy	CZ	ST	1----6--	0
CZNET	Netolice	CZ	JC	1-3-----	0
CZNKN	Sedlec	CZ	JC	1-3-----	0
CZNRT	Neratovice	CZ	ST	123-----	0
CZNVV	Nový Vestec	CZ		1-3-----	0
CZOCX	Opocno	CZ	KR	1----6--	0
CZODO	Odolena Voda	CZ		1-3-----	0
CZOSI	Osice	CZ	KR	1----6--	0
CZOVK	Smrzovka	CZ		123-----	0
CZOVV	Novy Knin	CZ	ST	1----6--	0
CZPAO	Osik	CZ	PA	1-------	0
CZPAU	Plana u Marianskych Lazni	CZ	PL	123-----	0
CZPNA	Polna	CZ	VY	1----6--	0
CZPNJ	Police nad Metují	CZ		123-----	0
CZPOP	Popuvky	CZ	OL	1-3-----	0
CZRAJ	Rajhrad	CZ	JM	123-----	0
CZRAU	Radonice	CZ	US	1-------	0
CZRDN	Radonice	CZ	ST	1-------	0
CZRNH	Kralice na Hané	CZ		1-3-----	0
CZSDO	Sviadnov	CZ		123--6--	0
CZSEM	Semcice	CZ		1----6--	0
CZSK5	Dolní Jircany	CZ	ST	1-3-----	0
CZSKJ	Dehtary	CZ	ST	1----6--	0
CZSMO	Smíchov	CZ		1-3-----	0
CZSPC	Stary Plzenec	CZ		1-3-----	0
CZSTA	Slatina	CZ		1-3-----	0
CZSTE	Stechovice	CZ	ST	1-3-----	0
CZSTT	Stetí	CZ		123--6--	0
CZTIS	Tisnov	CZ	JM	123-----	0
CZTNN	Blatna	CZ	JC	1-------	0
CZTOM	Touzim	CZ		123-----	0
CZTUC	Tuchomerice	CZ	PR	1----6--	0
CZTVA	Tanvald	CZ		123--6--	0
CZULN	Ustí nad Labem	CZ		123-5---	0
CZVAA	Veverská Bityska	CZ		123-----	0
CZVES	Velika Ves	CZ	JC	1-------	0
CZVKA	Trnavka	CZ	PA	1----6--	0
CZVRY	Volary	CZ		1-3-----	0
CZXUY	Prague-Vinohrady	CZ	ST	1-3-----	0
CZXXX	RIS Inland waterways	CZ		1-------	0
CZZLY	Kvasice	CZ	ZL	1-3-----	0
DE23A	Leinatal	DE	TH	1----6--	0
DE2RO	Rödersheim	DE	RP	1----6--	0
DE3L4	Hoppegarten	DE	BB	1-3-----	0
DE64Z	Niendorf Ostsee	DE	SH	1-3-----	0
DE69S	Wittdün	DE	SH	1-3-----	0
DE6NK	Langsur	DE	RP	1-3-----	0
DE73A	Langballig	DE	SH	1-3-----	0
DEAAD	Landkreis Ammerland	DE	NI	1----6--	0
DEAAH	Aachen	DE	NW	1234-6--	0
DEABF	Abbenfleth	DE	NI	1-3-----	0
DEABH	Abbehausen	DE	NI	1-3-----	0
DEABL	Abbesbüttel	DE	NI	123-----	0
DEABO	Alt Bork	DE	BB	1-3-----	0
DEABR	Abenberg	DE	BY	1-3-----	0
DEADT	Weinstadt	DE	BW	123-----	0
DEAEB	Babelsberg	DE	BB	1-3-----	0
DEAGB	Augsburg	DE	BY	123-----	0
DEAGE	Wangerooge	DE	NI	1-34----	0
DEAHC	Ahlbeck	DE	MV	1-3-----	0
DEAHH	Walderbach	DE	BY	1-------	0
DEAHO	Ahlhorn	DE	NI	1-3-----	0
DEAHU	Am Hund	DE	RP	1-------	0
DEAIT	Aitrach	DE	BW	123-----	0
DEALF	Alfeld/Leine	DE	NI	123-----	0
DEALT	Altena	DE	NW	123-----	0
DEAMB	Amberg	DE	BY	123-----	0
DEAML	Amelsbüren	DE	NW	123-----	0
DEAMR	Achmer	DE	NI	123-----	0
DEAND	Andernach	DE	RP	123-----	0
DEANE	Wanne-Eickel	DE	NW	1-------	0
DEANK	Anklam	DE	MV	123-----	0
DEANR	Altenbruch Reede	DE	NI	1-------	0
DEAPE	Apen	DE	NI	123-----	0
DEAPN	Apensen	DE	NI	1-3-----	0
DEAQ2	Pförring	DE	BY	1-3-----	0
DEAQF	Alf	DE	RP	123-----	0
DEARL	Ammerland	DE	BY	1-3--6--	0
DEARN	Arnsberg	DE	NW	123-----	0
DEASC	Aschaffenburg	DE	BY	123-----	0
DEASE	Arendsee	DE	ST	123-----	0
DEASR	Babelsberg	DE	BY	1-3-----	0
DEASS	Assel	DE	NI	1-3-----	0
DEATL	Altenlingen	DE	NI	1-3-----	0
DEAUG	Augustfehn	DE	NI	1-3-----	0
DEAUL	Aulendorf	DE	BW	123-----	0
DEAUO	Audorf	DE	SH	1-------	0
DEAUR	Aurich	DE	NI	123-----	0
DEAWI	Zwiefalten	DE	BW	1-------	0
DEAWR	Achterwehr	DE	SH	1-3-----	0
DEAXB	Alsleben	DE	ST	1-3-----	0
DEB85	Schwindegg	DE	BY	1-3-----	0
DEBAM	Bamberg	DE	BY	123-----	0
DEBAS	Basbeck	DE	NI	1-3-----	0
DEBBG	Brandenburg	DE	BB	123-----	0
DEBBH	Barth	DE	MV	1-3-----	0
DEBBI	Bietigheim-Bissingen	DE	BW	123-----	0
DEBBV	Bad Bevensen	DE	NI	123-----	0
DEBCO	Bockholdt	DE	NI	123-----	0
DEBCT	Borschütz	DE	BB	1-3-----	0
DEBCW	Brachwitz	DE	ST	1-3-----	0
DEBDA	Brodenbach	DE	RP	123-----	0
DEBDF	Bendorf/Rhein	DE	RP	123-----	0
DEBDS	Bad Schandau	DE	SN	123-----	0
DEBEI	Beidenfleth	DE	SH	1-3-----	0
DEBEK	Bernkastel-Kues	DE	RP	1-3-----	0
DEBEN	Bensersiel	DE	NI	1-3-----	0
DEBER	Berlin	DE	BE	12345---	0
DEBES	Bad Essen	DE	NI	1-3-----	0
DEBEU	Bullenhausen	DE	NI	1-3-----	0
DEBEV	Beverungen	DE	NW	123-----	0
DEBEZ	Bahlingen	DE	BW	123-----	0
DEBFF	Boffzen	DE	NI	123--6--	0
DEBFH	Bad Friedrichshall	DE	BW	1-3-----	0
DEBFL	Borsfleth	DE	SH	1-3-----	0
DEBGL	Bergisch Gladbach	DE	NW	123-----	0
DEBGO	Bad Godesberg	DE	NW	123-----	0
DEBHE	Bad Hersfeld	DE	HE	123-----	0
DEBIN	Bingen am Rhein	DE	RP	123-----	0
DEBIW	Bindow	DE	BB	1-3-----	0
DEBKE	Brake	DE	NI	123-----	0
DEBKF	Biedenkopf	DE	HE	123-----	0
DEBKW	Beeskow	DE	BB	123-----	0
DEBLD	Burglengenfeld	DE	BY	123-----	0
DEBLM	Blumenthal/Bremen	DE	HB	1-3-----	0
DEBMK	Borkum	DE	NI	1--4----	0
DEBMN	Bermatingen	DE	BW	123-----	0
DEBMO	Börgemoor	DE	NI	1-3-----	0
DEBMR	Baltrum	DE	NI	1-34----	0
DEBMV	Bremervörde	DE	NI	123-----	0
DEBNK	Brink	DE	NI	123-----	0
DEBOC	Bockhorst	DE	NW	1-3-----	0
DEBOE	Böblingen	DE	BW	123-----	0
DEBOF	Berndshof	DE	MV	1-------	0
DEBOI	Boizenburg	DE	MV	1----6--	0
DEBOK	Bokel	DE	NI	1-3-----	0
DEBON	Bonn	DE	NW	1234----	0
DEBOT	Bottrop	DE	NW	123-----	0
DEBOY	Bad Oeynhausen	DE	NW	123-----	0
DEBQ2	Birklar	DE	HE	1-3-----	0
DEBRA	Bramel	DE	NI	1-3-----	0
DEBRB	Brunsbüttel	DE	SH	123-----	0
DEBRE	Bremen	DE	HB	12345---	0
DEBRG	Burg/Dithmarschen	DE	SH	1-3-----	0
DEBRI	Brilon	DE	NW	1-3-----	0
DEBRK	Barnkrug	DE	NI	1-3-----	0
DEBRM	Bramsche	DE	NI	1-3-----	0
DEBRN	Börnsen	DE	SH	1-3-----	0
DEBRO	Brohl-Lützing	DE	RP	123-----	0
DEBRT	Breitenberg	DE	BY	1-3-----	0
DEBRV	Bremerhaven	DE	HB	1234----	0
DEBSA	Bad Säckingen	DE	BW	123-----	0
DEBSH	Breisach	DE	BW	123-----	0
DEBSI	Bubsheim	DE	BW	1-3-----	0
DEBSK	Burgstaaken/Fehmarn	DE	SH	123-----	0
DEBTA	Bortfeld	DE	NI	1-3-----	0
DEBTC	Bodenteich	DE	NI	123-----	0
DEBTF	Brahlstorf	DE	MV	1-3-----	0
DEBTI	Bertingen	DE	ST	1-3-----	0
DEBUL	Bühl	DE	BW	123-----	0
DEBUM	Büsum	DE	SH	123-----	0
DEBUT	Butjadingen	DE	NI	1-3-----	0
DEBUX	Buxtehude	DE	NI	123-----	0
DEBUZ	Bützfleth	DE	NI	1-3-----	0
DEBWE	Braunschweig	DE	NI	123-----	0
DEBWJ	Niebelsbach	DE	BW	1-3-----	0
DEBWQ	Birkweiler	DE	RP	1----6--	0
DEBXB	Boxberg	DE	BW	1-3-----	0
DEBYT	Borgstedt	DE	SH	1-3--6--	0
DEBYW	Weissenbrunn	DE	BY	1-------	0
DEBZQ	Burgstädt	DE	SN	123--6--	0
DEBZR	Binz	DE	MV	1-------	0
DEBZS	Beddingen	DE	NI	123-----	0
DECAR	Carolinensiel	DE	NI	123-----	0
DECCC	Leimbach	DE	NI	1-------	0
DECGN	Köln	DE	NW	12345---	0
DECH5	Niederkaina	DE	SN	1-3-----	0
DECHI	Chiemsee	DE	BY	1-3-----	0
DECHL	Schulau	DE	SH	123-----	0
DECKH	Blankenheim	DE	NW	1-3-----	0
DECKK	Bockenem	DE	NI	123-----	0
DECKL	Kiel Canal	DE	SH	1----6--	0
DECOC	Cochem	DE	RP	123-----	0
DECPZ	Copitz	DE	SN	123-----	0
DECRL	Castrop-Rauxel	DE	NW	123-----	0
DECRR	Crossen an der Elster	DE	TH	123-----	0
DECUM	Cumlosen	DE	BB	1-------	0
DECUX	Cuxhaven	DE	NI	123-----	0
DECWN	Schwaan	DE	MV	1-3-----	0
DECYN	Castell	DE	BY	1-------	0
DEDAD	Daaden	DE	RP	1-------	0
DEDAG	Dagebüll	DE	SH	123-----	0
DEDAN	Dangast	DE	NI	1-3-----	0
DEDAP	Damp	DE	SH	1-3-----	0
DEDAT	Datteln	DE	NW	1-3-----	0
DEDCH	Bacharach	DE	RP	123-----	0
DEDDD	Letmathe	DE	NW	123-----	0
DEDE3	Dombühl	DE	BY	1-3-----	0
DEDE8	Laubenheim	DE	RP	1----6--	0
DEDEB	Deuben	DE	ST	1-------	0
DEDEE	Senden	DE	NW	1-------	0
DEDEG	Deggendorf	DE	BY	123-----	0
DEDEO	Oberthal	DE	SL	1-3-----	0
DEDEU	Dernau	DE	RP	123-----	0
DEDFN	Dettighofen	DE	BW	1-------	0
DEDFX	Niederdollendorf	DE	NW	123-----	0
DEDGA	Deggenau	DE	BY	123-----	0
DEDHM	Diersheim	DE	BW	1-3-----	0
DEDIA	Dierhagen	DE	MV	1-3-----	0
DEDIN	Dinslaken	DE	NW	123-----	0
DEDIT	Ditzum	DE	NI	1-3-----	0
DEDMG	Dormagen	DE	NW	123-----	0
DEDMN	Demmin	DE	MV	1-------	0
DEDNR	Derenburg	DE	ST	1-3-----	0
DEDNT	Dorenthe	DE	NW	1-3-----	0
DEDOB	Dornbusch	DE	NI	1-3-----	0
DEDON	Dorsten	DE	NW	123-----	0
DEDOW	Donauwörth	DE	BY	123-----	0
DEDR5	Drebber	DE	NI	1-3-----	0
DEDRA	Dranske	DE	MV	1-3-----	0
DEDRO	Drochtersen	DE	NI	1-3-----	0
DEDRP	Dörpen	DE	NI	1-3-----	0
DEDRS	Dresden	DE	SN	12345---	0
DEDSB	Diesbar	DE	SN	1-3-----	0
DEDSC	Dinkelscherben	DE	BY	123-----	0
DEDSU	Dersum	DE	NI	1----6--	0
DEDT8	Dittersdorf	DE	TH	1-3-----	0
DEDTM	Dortmund	DE	NW	1234----	0
DEDUI	Duisburg	DE	NW	1234----	0
DEDUL	Dusslingen	DE	BW	123-----	0
DEDUS	Düsseldorf	DE	NW	12345---	0
DEDVE	Dörverden	DE	NI	123-----	0
DEDWD	Dannenwalde	DE	BB	1-3-----	0
DEDYK	Dyckhausen	DE	NI	1-3-----	0
DEEAM	Erlenbach am Main	DE	BY	123-----	0
DEEAU	Erlau	DE	SN	1----6--	0
DEEAX	Effeldorf	DE	BY	1-3-----	0
DEEBB	Eberbach	DE	BW	123-----	0
DEEBI	Ehrenbreitstein	DE	RP	1-3-----	0
DEECK	Eckernförde	DE	SH	123-----	0
DEEDD	Eiderdeich	DE	SH	1-3-----	0
DEEDI	Edingen	DE	BW	1-3-----	0
DEEEM	Leimersheim	DE	RP	1-------	0
DEEFE	Gräfenhainichen	DE	ST	1----6--	0
DEEGC	Eching/Landshut	DE	BY	1-3-----	0
DEEGJ	Eggermühlen	DE	NI	1----6--	0
DEEGL	Eggenstein-Leopoldshafen	DE	BW	123-----	0
DEEHI	Ehingen	DE	BW	123-----	0
DEEHM	Senheim	DE	RP	1-3-----	0
DEEHS	Eisenhüttenstadt	DE	BB	123-----	0
DEELB	Ellerbek	DE	SH	1-3-----	0
DEELF	Elsenfeld	DE	BY	123-----	0
DEELG	Belgern	DE	SN	123-----	0
DEELM	Elmshorn	DE	SH	123-----	0
DEELS	Elsfleth	DE	NI	123-----	0
DEEM4	Emersacker	DE	BY	1----6--	0
DEEME	Emden	DE	NI	1234----	0
DEEMM	Emmerich	DE	NW	123-----	0
DEEOM	Eggolsheim	DE	BY	123-----	0
DEERA	Watzerath	DE	RP	123-----	0
DEERX	Biere	DE	ST	1----6--	0
DEERY	Ering	DE	BY	1-------	0
DEESF	Estorf/Weser	DE	NI	123-----	0
DEESS	Essen	DE	NW	1234----	0
DEESU	Emmelsum	DE	NW	1-------	0
DEETN	Elten	DE	NW	123-----	0
DEETY	Ettal	DE	BY	1----6--	0
DEEUT	Eutin	DE	SH	123-----	0
DEEZH	Elzach	DE	BW	123-----	0
DEEZN	Lenzen	DE	MV	1-3-----	0
DEFBR	Falkenberg	DE	BB	1----6--	0
DEFDH	Friedrichshafen	DE	BW	1234----	0
DEFER	Neu-Kupfer	DE	BW	1-------	0
DEFES	Freistett	DE	BW	1-3-----	0
DEFFO	Frankfurt/Oder	DE	BB	123-----	0
DEFHE	Frielendorf	DE	HE	1----6--	0
DEFHL	Friedrichsfeld	DE	NW	123-----	0
DEFHM	Fellheim	DE	BY	123-----	0
DEFLF	Flensburg	DE	SH	1234----	0
DEFNW	Fritzdorf	DE	NW	1----6--	0
DEFRA	Frankfurt am Main	DE	HE	12345---	0
DEFRE	Fresenburg	DE	NI	1-3-----	0
DEFRI	Friedrichstadt	DE	SH	1-3-----	0
DEFRR	Frauenau	DE	BY	123-----	0
DEFSH	Framersheim	DE	RP	1----6--	0
DEFWH	Friedrich-Wilhelmshutte	DE	NW	1-3-----	0
DEFYE	Friesoythe	DE	NI	1-3-----	0
DEGAO	Gau Odernheim	DE	RP	123-----	0
DEGBX	Barbing	DE	BY	1----6--	0
DEGDO	Godorf	DE	NW	123-----	0
DEGDZ	Gudderath	DE	NW	1----6--	0
DEGEK	Gelsenkirchen	DE	NW	123-----	0
DEGEL	Gelting	DE	SH	1-3-----	0
DEGEM	Gemünden	DE	BY	123-----	0
DEGER	Germersheim	DE	RP	123-----	0
DEGEV	Geversdorf	DE	NI	1-3-----	0
DEGFD	Gersfeld	DE	HE	1-3-----	0
DEGFF	Grafschaft	DE	RP	1----6--	0
DEGHM	Gernsheim	DE	HE	123-----	0
DEGHZ	Gersheim	DE	SL	123-----	0
DEGIG	Ginsheim-Gustavsburg	DE	HE	123-----	0
DEGIT	Gittelde	DE	NI	123-----	0
DEGJ9	Mengkofen	DE	BY	1----6--	0
DEGKG	Gross Krotzenburg	DE	HE	123-----	0
DEGKR	Goldkronach	DE	BY	1----6--	0
DEGL3	Müglitztal	DE	SN	1-3-----	0
DEGLK	Glücksburg	DE	SH	1-------	0
DEGLU	Glückstadt	DE	SH	123-----	0
DEGMN	Grimmen	DE	MV	123-----	0
DEGMR	Grimberg	DE	NW	1-3-----	0
DEGMV	Graal-Müritz	DE	MV	1-------	0
DEGNL	Gelbensande	DE	MV	1-------	0
DEGNP	Ginepp	DE	SN	1-3-----	0
DEGNR	Grau Rheindorf	DE	NW	1-3-----	0
DEGNU	Gronau	DE	NW	123-----	0
DEGNX	Gutenberg	DE	RP	1-------	0
DEGO4	Gössenheim	DE	BY	1----6--	0
DEGPR	Groppenbruch	DE	NW	123-----	0
DEGRD	Greifswald	DE	MV	123-----	0
DEGRE	Greetsiel	DE	NI	1-3-----	0
DEGRO	Grossenbrode	DE	SH	123-----	0
DEGS5	Gilserberg	DE	HE	1----6--	0
DEGSA	Grosslehna	DE	ST	123-----	0
DEGSI	Grossensiel	DE	NI	123-----	0
DEGST	Geeste	DE	NI	1-3-----	0
DEGTR	Gohlis	DE	SN	1-3-----	0
DEGUE	Gusen	DE	ST	1-3-----	0
DEGUG	Günzburg	DE	BY	123-----	0
DEGUZ	Urmitz	DE	RP	123-----	0
DEGXG	Gager	DE	MV	1-3-----	0
DEGXN	Gimmeldingen	DE	RP	1----6--	0
DEGXR	Gröde	DE	SH	1-------	0
DEGXS	Gaussig	DE	SN	1----6--	0
DEGYM	Mainzlar	DE	HE	1-3-----	0
DEGZG	Grosszerlang	DE	BB	1-3-----	0
DEHAF	Hafenlohr	DE	BY	1-3-----	0
DEHAJ	Hannover	DE	NI	12345---	0
DEHAM	Hamburg	DE	HH	12345---	0
DEHAN	Hameln	DE	NI	123-----	0
DEHAO	Hasloch	DE	BY	123-----	0
DEHAS	Hassfurt	DE	BY	1234----	0
DEHAU	Hanau	DE	HE	123-----	0
DEHBO	Homberg	DE	NW	123-----	0
DEHBR	Herbrum	DE	NI	123-----	0
DEHBU	Harburg	DE	HH	1-------	0
DEHCS	Höchst/Frankfurt am Main	DE	HE	123-----	0
DEHD8	Hitdorf	DE	NW	1-3-----	0
DEHDI	Hiddingsel	DE	NW	1-3-----	0
DEHE5	Heimersheim	DE	RP	1----6--	0
DEHED	Heikendorf	DE	SH	1-3-----	0
DEHEE	Herne	DE	NW	123--6--	0
DEHEI	Heidelberg	DE	BW	123-----	0
DEHEN	Heilbronn	DE	BW	123-----	0
DEHGE	Hooge	DE	SH	1-3-----	0
DEHGL	Helgoland	DE	SH	1--4----	0
DEHGZ	Hergatz	DE	BY	123-----	0
DEHH7	Hauneck	DE	HE	1----6--	0
DEHHF	Heiligenhafen	DE	SH	123-----	0
DEHHL	Hehlen	DE	NI	123-----	0
DEHHO	Grosseichholzheim	DE	BW	1----6--	0
DEHHS	Hohenhorn	DE	SH	1-3-----	0
DEHHV	Altenwerder	DE	HH	1-3-----	0
DEHIE	Hille	DE	NW	1-3-----	0
DEHJK	Roschbach	DE	RP	1----6--	0
DEHLH	Haldensleben	DE	ST	123-----	0
DEHLN	Hollenstedt	DE	NI	123-----	0
DEHLO	Haseldorf	DE	SH	1-3-----	0
DEHLP	Hiltrup	DE	NW	123-----	0
DEHME	Hattenheim	DE	HE	123-----	0
DEHML	Helmlingen	DE	BW	1-3-----	0
DEHMM	Hamm	DE	NW	123-----	0
DEHMO	Hemmoor	DE	NI	123-----	0
DEHNF	Hennigsdorf	DE	BB	123-----	0
DEHO4	Hochstadt	DE	RP	1-3-----	0
DEHOB	Horb	DE	BW	123-----	0
DEHOD	Hochdonn	DE	SH	1-3-----	0
DEHOJ	Hohenhameln	DE	NI	1----6--	0
DEHOO	Hooksiel	DE	NI	1-3-----	0
DEHOS	Horumersiel	DE	NI	1-3-----	0
DEHOX	Höxter	DE	NW	123-----	0
DEHPE	Hoopte	DE	NI	1-3-----	0
DEHRB	Horneburg	DE	NI	123-----	0
DEHRC	Heinrichsberg	DE	ST	1-3-----	0
DEHRE	Hirzenhain	DE	HE	123-----	0
DEHRM	Hörnum/Sylt	DE	SH	1-3-----	0
DEHRN	Haren/Ems	DE	NI	123-----	0
DEHRO	Hubertushöhe	DE	BB	1-3-----	0
DEHRT	Herten	DE	NW	123-----	0
DEHRX	Hallig	DE	SH	1-------	0
DEHSA	Hohensaaten	DE	BB	1-3-----	0
DEHSB	Hörselberg	DE	TH	123--6--	0
DEHSI	Heidesheim	DE	RP	123-----	0
DEHSJ	Steinhorst	DE	NI	1----6--	0
DEHSU	Hundsmühlen	DE	NI	1-3-----	0
DEHSX	Harlesiel	DE	NI	123-----	0
DEHTJ	Hamburg-Mitte	DE	HH	1-3-----	0
DEHTU	Holtenau	DE	SH	1-3-----	0
DEHUB	Berggiesshübel	DE	SN	123-----	0
DEHUS	Husum	DE	SH	123-----	0
DEHUX	Hünsborn	DE	NW	1----6--	0
DEHZN	Holzminden	DE	NI	123-----	0
DEHZZ	Huttingen	DE	BW	123-----	0
DEIAM	Amrum	DE	SH	1-------	0
DEIEN	Biene	DE	NI	1-3-----	0
DEIEW	Schwielowsee	DE	BB	123-----	0
DEIGH	Igersheim	DE	BW	123-----	0
DEIHL	Ihlow	DE	BB	1-------	0
DEILE	Albersweiler	DE	RP	1----6--	0
DEILH	Lich	DE	HE	123-----	0
DEING	Ingolstadt	DE	BY	123-----	0
DEINM	Ingelheim	DE	RP	123-----	0
DEISP	Ispringen	DE	BW	1----6--	0
DEISU	Issum	DE	NW	1-3-----	0
DEITH	Grieth	DE	NW	1-3-----	0
DEITN	Weitnau	DE	BY	123-----	0
DEITZ	Itzehoe	DE	SH	123-----	0
DEIWN	Weinbergen	DE	TH	1-------	0
DEJEM	Jemgum	DE	NI	1-3-----	0
DEJIV	Kettenheim	DE	RP	1----6--	0
DEJSN	Jössen	DE	NW	123-----	0
DEJTN	Jettingen	DE	BY	123-----	0
DEJUI	Juist	DE	NI	1--4----	0
DEJUY	Hohenau	DE	BY	1-------	0
DEKAE	Karlsruhe	DE	BW	1234----	0
DEKAM	Kahl am Main	DE	BY	123-----	0
DEKAP	Kappeln	DE	SH	123-----	0
DEKAR	Karnin	DE	MV	1-3-----	0
DEKB6	Kosbach	DE	BY	1----6--	0
DEKBN	Karben	DE	HE	1-3-----	0
DEKBR	Kinderbeuern	DE	RP	123-----	0
DEKCO	Kirchmöser	DE	BB	123-----	0
DEKDT	Kallstadt	DE	RP	1----6--	0
DEKEB	Kelsterbach	DE	HE	123-----	0
DEKEH	Kehl	DE	BW	123-----	0
DEKEL	Kiel	DE	SH	1234----	0
DEKEM	Kelheim	DE	BY	1-3-----	0
DEKEZ	Kellmünz	DE	BY	123-----	0
DEKFT	Segnitz	DE	BY	1-------	0
DEKGM	Königsmoor	DE	NI	1-3-----	0
DEKGU	Kriegenbrunn	DE	BY	123-----	0
DEKHN	Kellinghusen	DE	SH	1-3-----	0
DEKHO	Kochendorf	DE	BW	1-3-----	0
DEKHU	Karthaus	DE	NW	1-3-----	0
DEKIE	Kietz	DE	BB	123-----	0
DEKIT	Kitzingen	DE	BY	123-----	0
DEKKU	Kunkemühle	DE	NI	1-3-----	0
DEKLS	Kesselstadt	DE	HE	123-----	0
DEKLX	Klusserath	DE	RP	1-------	0
DEKMT	Kaimt	DE	RP	1-3-----	0
DEKNT	Kreinitz	DE	SN	1-3-----	0
DEKOB	Koblenz am Rhein	DE	RP	123-----	0
DEKOF	Kolenfeld	DE	NI	1-3-----	0
DEKOL	Kollmar	DE	SH	1-3-----	0
DEKON	Konstanz	DE	BW	123-----	0
DEKOW	Königswinter	DE	NW	123-----	0
DEKPE	Kampe	DE	NI	1-3-----	0
DEKPF	Kipfenberg	DE	BY	1-3-----	0
DEKR9	Kronskamp	DE	MV	1----6--	0
DEKRA	Krautsand	DE	NI	1-3-----	0
DEKRE	Krefeld	DE	NW	123-----	0
DEKRV	Kröv	DE	RP	1-3-----	0
DEKTN	Kösten	DE	BY	1-3-----	0
DEKUP	Kuppenheim	DE	BW	123-----	0
DEKUT	Kurten	DE	NW	1-3-----	0
DEKVG	Kövenig	DE	RP	1-3-----	0
DEKWH	Königs Wusterhausen	DE	BB	123-----	0
DEKZB	Kranzberg	DE	BY	1-3-----	0
DELAB	Laboe	DE	SH	1-3-----	0
DELAD	Landau in der Pfalz	DE	RP	123-----	0
DELAE	Lägerdorf	DE	SH	1-3-----	0
DELAM	Lampertheim	DE	HE	123-----	0
DELAT	Lathen	DE	NI	123-----	0
DELAW	Langewiesen	DE	TH	123-----	0
DELBC	Lübeck	DE	SH	12345---	0
DELBM	Lubmin	DE	MV	123-----	0
DELCW	Loschwitz	DE	SN	1-3-----	0
DELDH	Landshut	DE	BY	123-----	0
DELDM	Langendamm	DE	MV	1-3-----	0
DELEE	Leer	DE	NI	123-----	0
DELER	Elster	DE	ST	1-3-----	0
DELEV	Leverkusen	DE	NW	123-----	0
DELEW	Lemwerder	DE	NI	1-34----	0
DELGB	Langenbach	DE	BW	1-3-----	0
DELGO	Langeoog	DE	NI	1-34----	0
DELGX	Ludwigshöhe	DE	RP	123-----	0
DELHD	Lahde	DE	NW	123-----	0
DELIA	Leina	DE	TH	123-----	0
DELIB	Liebenau	DE	NI	123-----	0
DELIG	Lingen	DE	NI	123-----	0
DELIN	Lintelermarsch	DE	NI	1-3-----	0
DELIS	List/Sylt	DE	SH	1-3-----	0
DELIU	Lindau	DE	BY	123-----	0
DELIZ	Leissnitz	DE	BB	1-3-----	0
DELKI	Lankwitz	DE	BE	123-----	0
DELLI	Gallin	DE	ST	1-3-----	0
DELLS	Lülsdorf	DE	NW	1-3-----	0
DELNH	Löhnerheide	DE	NW	123-----	0
DELNU	Lauenburg/Elbe	DE	SH	123-----	0
DELON	Longuich	DE	RP	1-3-----	0
DELOW	Lunow	DE	BB	1-------	0
DELPH	Leipheim	DE	BY	123-----	1
DELPQ	Liepgarten	DE	MV	1-3-----	0
DELRC	Lembruch	DE	NI	123-----	0
DELRN	Linz am Rhein	DE	RP	123--6--	0
DELS4	Laussig	DE	SN	1----6--	0
DELSA	Lassan	DE	MV	1-3-----	0
DELSH	Limeshain	DE	HE	1----6--	0
DELSR	Lieser	DE	RP	1-3-----	0
DELSU	Ludwigsau	DE	HE	123-----	0
DELT9	Lütgenrode	DE	NI	1-3-----	0
DELTF	Lichterfelde	DE	BB	1-3-----	0
DELUH	Ludwigshafen	DE	RP	123-----	0
DELYY	Bullay	DE	RP	1-------	0
DELZ6	Dölzig	DE	SN	1----6--	0
DELZG	Wolzig	DE	BB	1-3-----	0
DEM5B	Munchsdorf	DE	BY	1----6--	0
DEMAG	Magdeburg	DE	ST	123-----	0
DEMAI	Mainz	DE	RP	123-----	0
DEMAM	Malente	DE	SH	123-----	0
DEMAO	Maasholm	DE	SH	1-------	0
DEMDI	Meiderich	DE	NW	123-----	0
DEME8	Meineweh	DE	ST	1----6--	0
DEMEI	Meissen	DE	SN	123-----	0
DEMEL	Meldorf	DE	SH	123-----	0
DEMEM	Memmert	DE	NI	1-------	0
DEMFL	Malsfeld	DE	HE	123-----	0
DEMGW	Mögglingen	DE	BW	1----6--	0
DEMHA	Schmedehausen	DE	NW	1-3-----	0
DEMHG	Mannheim	DE	BW	1234----	0
DEMHM	Monheim	DE	NW	1-3-----	0
DEMHR	Mehring	DE	RP	1-3-----	0
DEMIB	Misburg	DE	NI	1-3-----	0
DEMID	Minden	DE	NW	123-----	0
DEMIL	Miltenberg	DE	BY	123-----	0
DEMIM	Meisenheim	DE	RP	1-3-----	0
DEMIN	Minsen	DE	NI	1-3-----	0
DEMLO	Marlow	DE	MV	1-3-----	0
DEMMF	Mammendorf	DE	BY	1----6--	0
DEMMI	Mamming	DE	BY	1-3-----	0
DEMMM	Mommenheim	DE	RP	123-----	0
DEMMO	Mülheim	DE	RP	1-3-----	0
DEMNF	Mondorf	DE	NW	1-3-----	0
DEMNM	Minheim	DE	RP	1-3-----	0
DEMNQ	Münster-Sarmsheim	DE	RP	123-----	0
DEMOE	Mölln	DE	SH	123-----	0
DEMOZ	Motzen	DE	NI	1-3-----	0
DEMRM	Marcardsmoor	DE	NI	1-3-----	0
DEMRS	Mariensiel	DE	NI	1-3-----	0
DEMRU	Mehrum	DE	NI	1-3-----	0
DEMSB	Mittelsbüren	DE	HB	1-3-----	0
DEMSH	Mescherin	DE	BB	1-3-----	0
DEMSK	Martinskirchen	DE	BB	1-3-----	0
DEMSR	Münster	DE	NW	1234----	0
DEMTD	Marktrodach	DE	BY	1-------	0
DEMUH	Mülheim an der Ruhr	DE	NW	123-----	0
DEMUK	Mukran	DE	MV	123-----	0
DEMUN	Munster	DE	NI	123-----	0
DEMV5	Ferdinandshof	DE	MV	1-3-----	0
DEMVD	Dassow	DE	MV	1-3-----	0
DEMWF	Mittelherwigsdorf	DE	SN	123-----	0
DEMWW	Monchweiler	DE	BW	1----6--	0
DEMXA	Maxau	DE	BW	123-----	0
DEMXB	Mühlberg	DE	BB	1-------	0
DEMXM	Maximiliansau	DE	RP	123-----	0
DEMZE	Mellensee	DE	BB	1-3-----	0
DENBD	Neunkirchen am Brand	DE	BY	1-------	0
DENCA	Neuscharrel	DE	NI	123-----	0
DENCZ	Nieschütz	DE	SN	1-3-----	0
DENDQ	Dreisbach	DE	RP	1----6--	0
DENED	Neuwied	DE	RP	123-----	0
DENEF	Neufeld	DE	SH	1-3-----	0
DENEH	Neuhaus an der Oste	DE	NI	123-----	0
DENEL	Neuland/Elbe	DE	NI	1-3-----	0
DENES	Nessmersiel	DE	NI	1-3-----	0
DENFE	Neef	DE	RP	123-----	0
DENGH	Niederneuching	DE	BY	1-3-----	0
DENGL	Neustadt-Glewe	DE	MV	123--6--	0
DENHA	Nordenham	DE	NI	123-----	0
DENHE	Nordheim	DE	BW	123-----	0
DENHL	Niehl/Köln	DE	NW	123-----	0
DENHN	Nordhorn	DE	NI	123-----	0
DENHO	Neustadt in Holstein	DE	SH	123-----	0
DENHS	Neuharlingersiel	DE	NI	1-3-----	0
DENIE	Nienburg	DE	NI	123-----	0
DENIH	Hasbergen	DE	NI	1-------	0
DENMN	Neumagen-Dhron	DE	RP	1-3-----	0
DENN4	Neuleiningen	DE	RP	1-3-----	0
DENNH	Neuendorf-Hiddensee	DE	MV	1-------	0
DENNP	Kenn	DE	RP	1-3-----	0
DENO9	Nöbdenitz	DE	TH	1-3-----	0
DENOD	Norden	DE	NI	1234----	0
DENOE	Norddeich	DE	NI	1234----	0
DENOR	Nordstrand	DE	SH	1-3-----	0
DENRD	Norderney	DE	NI	1-34----	0
DENSC	Neuenschleuse	DE	NI	1-3-----	0
DENSE	Neuessen	DE	NW	1-3-----	0
DENSS	Neuss	DE	NW	123-----	0
DENST	Neckarsteinach	DE	HE	123-----	0
DENSV	Neumarkt-Sankt Veit	DE	BY	123-----	0
DENSY	Nersingen	DE	BY	1-------	0
DENTA	Neckartailfingen	DE	BW	1-3-----	0
DENUE	Nürnberg	DE	BY	1234----	0
DENWC	Kirchhellen	DE	NW	1----6--	0
DENZE	Neckarzimmern	DE	BW	123-----	0
DENZM	Nahmitz	DE	BB	1-3-----	0
DEOAB	Ober-Abtsteinach	DE	HE	1----6--	0
DEOAN	Oberhausen an der Nahe	DE	RP	123-----	0
DEOBE	Oberhausen	DE	NW	123-5---	0
DEOEE	Oberwesel	DE	RP	123-----	0
DEOEX	Obereiderhafen	DE	SH	1-------	0
DEOFF	Offenbach	DE	HE	123-----	0
DEOGO	Ostseebad Goehren	DE	MV	1-3-----	0
DEOHE	Rothensee	DE	ST	1-3-----	0
DEOHL	Wohlenberg	DE	MV	1-3-----	0
DEOIN	Blossin	DE	BB	1-3-----	0
DEOKE	Schönebeck	DE	ST	123-----	0
DEOKG	Ostseebad Kuhlungsborn	DE	MV	1-3-----	0
DEOKY	Oberkotzau	DE	BY	123-----	0
DEOLB	Oldenbüttel	DE	SH	1-3-----	0
DEOLD	Oldendorf	DE	NI	1-3-----	0
DEOLK	Wolkenstein	DE	SN	123-----	0
DEOLM	Ober-Olm	DE	RP	1-------	0
DEOLO	Oldenburg	DE	NI	123-----	0
DEOLP	Olpenitz	DE	SH	123-----	0
DEOLU	Oldersum	DE	NI	1-------	0
DEONG	Longen	DE	RP	1-3-----	0
DEOPP	Oppenheim	DE	RP	123-----	0
DEORM	Ober-Mörlen	DE	HE	1-3--6--	0
DEORS	Orsoy	DE	NW	1-3-----	0
DEORT	Orth/Fehmarn	DE	SH	1-3-----	0
DEOSB	Ossenberg	DE	NW	1-3-----	0
DEOSL	Osloss	DE	NI	1-3-----	0
DEOSN	Osnabrück	DE	NI	123-----	0
DEOSR	Ostermoor	DE	SH	1-3-----	0
DEOSW	Oestrich-Winkel	DE	HE	123-----	0
DEOTK	Oortkaten	DE	HH	1-3-----	0
DEOTT	Otterndorf	DE	NI	123-----	0
DEOWH	Hohenwarthe	DE	ST	1-3-----	0
DEOWT	Oberwinter	DE	RP	123-----	0
DEPAH	Pahlhude	DE	SH	1-------	0
DEPAP	Papenburg	DE	NI	123-----	0
DEPAS	Passau	DE	BY	123-----	0
DEPCE	Pruchten	DE	MV	1-3-----	0
DEPEF	Peenemünde	DE	MV	1-34----	0
DEPEI	Peine	DE	NI	123-----	0
DEPEL	Pellworm	DE	SH	1-3-----	0
DEPEN	Pente	DE	NI	1-3-----	0
DEPFR	Pfronten	DE	BY	123-----	0
DEPIN	Pinneberg	DE	SH	123-----	0
DEPJQ	Nusplingen	DE	BW	1----6--	0
DEPKU	Putzkau	DE	SN	123-----	0
DEPLL	Pollhagen	DE	NI	1-3-----	0
DEPLS	Pliezhausen	DE	BW	1-3-----	0
DEPOT	Potsdam	DE	BB	123-----	0
DEPPT	Piesport	DE	RP	1-3-----	0
DEPRA	Pirna	DE	SN	123-----	0
DEPRC	Perrich	DE	NW	1-3-----	0
DEPRN	Prettin	DE	ST	1-3-----	0
DEPRW	Prerow	DE	MV	1-3-----	0
DEPRY	Parey	DE	BB	1-3-----	0
DEPSA	Plessa	DE	BB	123-----	0
DEPSB	Piesberger	DE	NI	123-----	0
DEPSH	Sankt Peter-Ording	DE	SH	123-----	0
DEPSR	Piesteritz	DE	ST	123-----	0
DEPSW	Petershagen/Weser	DE	NW	123-----	0
DEPTD	Petersdorf	DE	BY	1-3-----	0
DEPTN	Parkentin	DE	MV	123-----	0
DEPUT	Puttgarden	DE	SH	123-----	0
DEPYK	Spyck	DE	NW	1-3-----	0
DEPZI	Pautzfeld	DE	BY	123-----	0
DERAD	Radolfzell	DE	BW	123-----	0
DERAR	Ruhstorf an der Rott	DE	BY	1-3--6--	0
DERBF	Rotenburg an der Fulda	DE	HE	123-----	0
DERBI	Grambin	DE	MV	1-3-----	0
DERBK	Riesenbeck	DE	NW	1-3-----	0
DERCI	Rechlin	DE	MV	1-34----	0
DERCK	Recke	DE	NW	1-3-----	0
DERDL	Riedlhütte	DE	BY	123-----	0
DERDT	Rot an der Rot	DE	BW	1-3-----	0
DERDU	Radeburg	DE	SN	123-----	0
DERDW	Rudow	DE	BE	123-----	0
DERE5	Rech	DE	RP	1----6--	0
DEREE	Reepsholt	DE	NI	1-3-----	0
DEREG	Regensburg	DE	BY	123-----	0
DEREM	Remagen	DE	RP	123-----	0
DEREN	Rendsburg	DE	SH	123-----	0
DERET	Rethem	DE	NI	123-----	0
DERFI	Reichenbach an der Fils	DE	BW	123-----	0
DERFT	Kirschfurt	DE	BY	1-------	0
DERHB	Rheinberg	DE	NW	123-----	0
DERHE	Rheine	DE	NW	123-----	0
DERHL	Rheinbrohl	DE	RP	123-----	0
DERHX	Bad Dürrheim	DE	BW	1----6--	0
DERIC	Werrich	DE	NW	1-3-----	0
DERIK	Rieneck	DE	BY	123-----	0
DERIZ	Britz	DE	BE	1-3-----	0
DERKQ	Dornach	DE	BY	1----6--	0
DERLB	Grauelsbaum	DE	BW	1-3-----	0
DERLZ	Bralitz	DE	BB	1-3-----	0
DERNT	Rünthe	DE	NW	123-----	0
DEROS	Rosenheim	DE	BY	123-5---	0
DERP7	Flemlingen	DE	RP	1----6--	0
DERPD	Derschen	DE	RP	1-------	0
DERPL	Lonsheim	DE	RP	1-------	0
DERRE	Rerik	DE	MV	1-3-----	0
DERRG	Rheinsberg	DE	BB	1-3-----	0
DERRP	Weisenheim am Sand	DE	RP	1----6--	0
DERRT	Thörnich	DE	RP	1-------	0
DERSK	Rostock	DE	MV	12345---	0
DERTJ	Reichartshausen	DE	BW	1----6--	0
DERU7	Rüdesheim	DE	RP	1----6--	0
DERUB	Rusbend	DE	NI	1-3-----	0
DERUE	Rüdesheim am Rhein	DE	HE	123-----	0
DERUM	Rüsselsheim	DE	HE	123-----	0
DERZB	Rettenbach / Gunzburg	DE	BY	1-3-----	0
DERZE	Wriezen	DE	BB	1-3-----	0
DES3B	Schechingen	DE	BW	1-3-----	0
DESAA	Saarlouis	DE	SL	123-----	0
DESAG	Saarburg	DE	RP	123-----	0
DESAR	Salzgitter	DE	NI	123-----	0
DESAS	Sassnitz	DE	MV	123-----	0
DESAU	Schacht-Audorf	DE	SH	123-----	0
DESCJ	Lommatzsch	DE	SN	1----6--	0
DESCN	Saarbrücken	DE	SL	12345---	0
DESCV	Schleiden	DE	NW	123-----	0
DESCW	Schweinfurt	DE	BY	123-----	0
DESDD	Steenodde, Amrum	DE	SH	1-------	0
DESDE	Sande, Friesland	DE	NI	123-----	0
DESDI	Schalding	DE	BY	123-----	0
DESDT	Schwedt	DE	BB	123-----	0
DESE8	Seeshaupt	DE	BY	1----6--	0
DESEF	Schelldorf	DE	ST	1-3-----	0
DESEH	Sehestedt/Eider	DE	SH	123-----	0
DESEP	Söstrop	DE	SH	123-----	0
DESFL	Schönfeld	DE	SN	123-----	0
DESGW	Schwelgern	DE	NW	1-3-----	0
DESH2	Schaprode	DE	MV	1-3-----	0
DESH4	Altengörs	DE	SH	1----6--	0
DESKN	Stephanskirchen	DE	BY	123-----	0
DESKS	Salbke	DE	ST	1-3-----	0
DESL5	Stahlbrode	DE	MV	1-------	0
DESLQ	Schluettsiel	DE	SH	1-------	0
DESLS	Schleswig	DE	SH	123-----	0
DESLZ	Sulzbach-Laufen	DE	BW	123-----	0
DESMA	Sankt Margarethen	DE	SH	1-3-----	0
DESN2	Stein	DE	BY	1----6--	0
DESNC	Sünching	DE	BY	123-----	0
DESNE	Sehnde	DE	NI	123-----	0
DESNP	Stolpe	DE	MV	1-3-----	0
DESNR	Schnackenburg	DE	NI	1-3-----	0
DESOC	Stollhofen	DE	BW	1-3-----	0
DESPD	Schopsdorf	DE	ST	1-3-----	0
DESPE	Speyer	DE	RP	123-----	0
DESPI	Spiekeroog	DE	NI	1-3-----	0
DESPS	Schülper Neuensiel	DE	SH	1-3-----	0
DESQJ	Sesslach	DE	BY	1-3-----	0
DESRA	Serrig	DE	SL	123-----	0
DESRI	Schweringen	DE	NI	1-3-----	0
DESRP	Stockhausen-Illfurth	DE	RP	1----6--	0
DESSL	Hesselte	DE	NI	1-3-----	0
DESTA	Stade	DE	NI	123-----	0
DESTB	Straubing	DE	BY	123-----	0
DESTD	Strande	DE	SH	1-3-----	0
DESTL	Stralsund	DE	MV	123-----	0
DESTS	Stader Sand	DE	NI	1-3-----	0
DESUD	Süderstapel	DE	SH	1-3-----	0
DESWF	Schwaigern	DE	BW	123-----	0
DESWQ	Schwanfeld	DE	BY	1-3-----	0
DESWS	Steinwiesen	DE	BY	1----6--	0
DESWT	Schwentinental	DE	SH	1----6--	0
DESWW	Wedtlenstedt	DE	NI	1----6--	0
DESWZ	Schwarzenbruck	DE	BY	123--6--	0
DESXD	Ottendorf	DE	BY	1-------	0
DESXE	Seelbach	DE	BW	1----6--	0
DESZ8	Schozach	DE	BW	1----6--	0
DETAE	Tangermünde	DE	ST	123--6--	0
DETAR	Taben	DE	RP	123-----	0
DETBN	Trebbin	DE	BB	123-----	0
DETCH	Toepchin	DE	BE	1-------	0
DETCN	Teuchern	DE	ST	1-------	0
DETEJ	Ballrechten	DE	BW	1----6--	0
DETER	Osterwald	DE	NI	123-----	0
DETGM	Thüngersheim	DE	BY	123-----	0
DETHR	Thierhaupten	DE	BY	1----6--	0
DETHU	Thune	DE	NI	1-3-----	0
DETJE	Lutjenburg	DE	SH	1----6--	0
DETKD	Treis-Karden	DE	RP	123-----	0
DETLB	Strehla/Elbe	DE	SN	1-3-----	0
DETLD	Bresteland	DE	BE	1-------	0
DETLT	Teltow	DE	BB	123-----	0
DETMH	Torfmoorhölle	DE	BY	1-3-----	0
DETMM	Temmels	DE	RP	123-----	0
DETNR	Wittenberge	DE	BB	123-----	0
DETOE	Tönning	DE	SH	1-------	0
DETOS	Tossens	DE	NI	1-3-----	0
DETOY	Tholey	DE	SL	1-------	0
DETRD	Osterrönfeld	DE	SH	123-----	0
DETRF	Trochtelfingen	DE	BW	1-3-----	0
DETRH	Trechtingshausen	DE	RP	123-----	0
DETRI	Trier	DE	RP	123-5---	0
DETRT	Traben-Trarbach	DE	RP	123-----	0
DETRV	Travemünde	DE	SH	123-----	0
DETSH	Albertshofen	DE	BY	123-----	0
DETSU	Tiessau	DE	NI	1-3-----	0
DETTP	Platten	DE	RP	1----6--	0
DETTR	Wettringen	DE	RP	1-------	0
DETWZ	Thallwitz	DE	SN	123-----	0
DETYN	Thurnau	DE	BY	1-------	0
DEUBG	Bad Dürrenberg	DE	ST	123-----	0
DEUBT	Laubegast	DE	SN	1-3-----	0
DEUCK	Ueckermünde	DE	MV	123-----	0
DEUDF	Braunsdorf	DE	BB	1-3-----	0
DEUEB	Überlingen	DE	BW	123-----	0
DEUEL	Uelzen	DE	NI	123-----	0
DEUES	Uesen	DE	NI	123-----	0
DEUET	Uetersen	DE	SH	123-----	0
DEUH7	Udenheim	DE	RP	1----6--	0
DEUHF	Suhrendorf	DE	MV	1-3-----	0
DEUKI	Neukieritzsch	DE	SN	1----6--	0
DEULM	Ulm	DE	BW	123-----	0
DEULS	Mulsen	DE	SN	1----6--	0
DEUND	Gmund am Tegernsee	DE	BY	123-----	0
DEUPS	Upschört	DE	NI	1-3-----	0
DEURR	Burladingen	DE	BW	1----6--	0
DEUSD	Usedom	DE	MV	1-3-----	0
DEUSF	Büdelsdorf	DE	SH	123-----	0
DEUTA	Lauta	DE	SN	1----6--	0
DEUTT	Schuttertal	DE	BW	1-3-----	0
DEV44	Vinn	DE	NW	1-3-----	0
DEVAR	Varel	DE	NI	123-----	0
DEVBS	Vilsbiburg	DE	BY	123-----	0
DEVEJ	Vetschau	DE	BB	123-----	0
DEVEN	Venne	DE	NI	1-3-----	0
DEVGF	Vilgertshofen	DE	BY	1-3-----	0
DEVIU	Vienenburg	DE	NI	1----6--	0
DEVIW	Vierow	DE	MV	1-------	0
DEVNA	Venhaus	DE	NI	1-3-----	0
DEVOC	Vockfey	DE	NI	1-3-----	0
DEVOE	Völklingen	DE	SL	123-----	0
DEVOL	Volkach	DE	BY	123-----	0
DEVRD	Voerde	DE	NW	123-----	0
DEVRW	Viewrow	DE	MV	1-------	0
DEVTT	Vitte (Hiddensee)	DE	MV	1-------	0
DEVTZ	Vielitz	DE	BB	1-3-----	0
DEVVH	Hohn	DE	RP	1----6--	0
DEWAC	Westeraccumersiel	DE	NI	1-3-----	0
DEWAR	Warnemünde	DE	MV	123-----	0
DEWAZ	Wabern	DE	HE	123-----	0
DEWB2	Willmersdorf	DE	BB	1----6--	0
DEWE5	Wester-Ohrstedt	DE	SH	1-3-----	0
DEWED	Wedel	DE	SH	123-----	0
DEWEE	Weener	DE	NI	123-----	0
DEWES	Wesel	DE	NW	123-----	0
DEWEW	Wewelsfleth	DE	SH	1-3-----	0
DEWFA	Wutha-Farnroda	DE	TH	1-------	0
DEWGQ	Wehingen	DE	BW	1----6--	0
DEWHP	Wipperdorf	DE	TH	1----6--	0
DEWIB	Wiesbaden	DE	HE	1234----	0
DEWIE	Wiesens	DE	NI	1-3-----	0
DEWIF	Wischhafen	DE	NI	1-3-----	0
DEWIH	Wisch	DE	SH	1-3-----	0
DEWIK	Wiek	DE	MV	1-3-----	0
DEWIL	Wilster	DE	SH	123-----	0
DEWIM	Wimmer	DE	NI	1-3-----	0
DEWIS	Wismar	DE	MV	123-----	0
DEWIT	Wittlage	DE	NI	1-3-----	0
DEWKE	Wankendorf	DE	SH	123-----	0
DEWKK	Weikersheim	DE	BW	123-----	0
DEWKZ	Wickrath	DE	NW	1----6--	0
DEWLE	Walheim	DE	BW	123-----	0
DEWLM	Walsum	DE	NW	123-----	0
DEWMM	Wemmetsweiler	DE	SL	123-----	0
DEWNG	Weissenburg in Bayern	DE	BY	123--6--	0
DEWNH	Windheim	DE	NW	123-----	0
DEWNI	Winnweiler	DE	RP	123--6--	0
DEWNL	Wandersleben	DE	TH	123-----	0
DEWNT	Wedlenstedt	DE	NI	1-3-----	0
DEWNU	Weissenthurm	DE	RP	123-----	0
DEWOB	Wolfsburg	DE	NI	123-----	0
DEWOE	Wörth am Rhein	DE	RP	123-----	0
DEWOG	Worringen	DE	NW	123-----	0
DEWOL	Wolgast	DE	MV	123-----	0
DEWOR	Worms	DE	RP	123-----	0
DEWRI	Wrist	DE	SH	123-----	0
DEWRY	Wremen	DE	NI	1-------	0
DEWTA	Wörth an der Donau	DE	BY	1-3-----	0
DEWTG	Wittenberg	DE	ST	123-----	0
DEWTM	Wertheim	DE	BW	123-----	0
DEWTP	Waltrop	DE	NW	123-----	0
DEWTU	Wittichenau	DE	SN	123-----	0
DEWUE	Würzburg	DE	BY	123-----	0
DEWVN	Wilhelmshaven	DE	NI	1234----	0
DEWWH	Windsbach	DE	BY	1-------	0
DEWWI	Weilerswist	DE	NW	123-----	0
DEWYK	Wyk auf Föhr	DE	SH	1-3-----	0
DEXAX	Euerfeld	DE	BY	1-3-----	0
DEXFW	Finkenwerder	DE	HH	1-34----	0
DEXMP	Monheim	DE	BY	1-3-----	0
DEXRT	Herbertingen	DE	BW	1----6--	0
DEXXX	RIS Inland waterways	DE		1-------	0
DEXZS	Handeloh	DE	NI	1----6--	0
DEYSF	Seifhennersdorf	DE	SN	123-----	0
DEYWX	Waxweiler	DE	RP	1-3-----	0
DEZ4Z	Michelbach am Heuchelberg	DE	BW	1-3-----	0
DEZAI	Zaisertshofen	DE	BY	1-------	0
DEZB4	Sulzberg	DE	BY	1-------	0
DEZH8	Zehren	DE	SN	1-3-----	0
DEZHA	Zahna	DE	ST	123--6--	0
DEZHD	Zehdenick	DE	BE	123-----	0
DEZIN	Zinnowitz	DE	MV	123-----	0
DEZIS	Zingst	DE	MV	1-3-----	0
DEZIZ	Zaisenhausen	DE	BW	1----6--	0
DEZLT	Zeltingen-Rachtig	DE	RP	1-3-----	0
DEZMU	Salzmünde	DE	ST	1-3-----	0
DEZOR	Zorge	DE	NI	1-3-----	0
DEZRH	Zechlinerhütte	DE	BB	1-3-----	0
DEZTH	Zeuthen	DE	BB	123-----	0
DEZVE	Ihrlerstein	DE	BY	1----6--	0
DEZZH	Zuzenhausen	DE	BW	123-----	0
DEZZL	Zellertal	DE	RP	1-3-----	0
DJDCT	Doraleh Container Terminal	DJ	DJ	1-3-----	0
DJDMJ	Damerjog	DJ	AR	1-3-----	0
DJJIB	Djibouti	DJ		1--45---	0
DJPOD	Djibouti	DJ	DJ	123-----	0
DKAAB	Åbenrå	DK	83	1-3-----	0
DKAAL	Aalborg	DK		12345---	0
DKAAR	Aarhus	DK	82	12345---	0
DKAGE	Allinge	DK		1-3-----	0
DKAGH	Agger Havn	DK		1-3-----	0
DKAGO	Agersø	DK		1-------	0
DKAK3	Åkirkeby	DK	84	1-3-----	0
DKANH	Anholt	DK		1-------	0
DKARD	Årosund	DK		1-------	0
DKARK	Ærøskøbing	DK		1-------	0
DKARO	Åro	DK	83	1-------	0
DKASA	Asaa	DK		1-3-----	0
DKASH	Aggersund	DK		1-------	0
DKASK	Askø	DK		1-------	0
DKASN	Assens	DK		12------	0
DKASV	Asnæsværkets Havn	DK		1-------	0
DKAUB	Augustenborg	DK		1-------	0
DKAVE	Avedøreværkets Havn	DK		1-------	0
DKAVK	Avernak By	DK		1-------	0
DKAVN	Avernakke Havn	DK	83	1-------	0
DKBAG	Bagenkop	DK		1-------	0
DKBAL	Ballen	DK		1-------	0
DKBBG	Bøvlingbjerg	DK		1-3-----	0
DKBDX	Bandholm	DK		1-------	0
DKBGO	Baagø	DK		1-------	0
DKBGZ	Bogense	DK		1-3-----	0
DKBLA	Blavand	DK		1----6--	0
DKBLB	Ballebro	DK		1-------	0
DKBLU	Baelum	DK		1-3--6--	0
DKBOG	Bogo By	DK		1-------	0
DKBOS	Bøjden	DK		1-3-----	0
DKBRB	Brabrand	DK		1-------	0
DKBRH	Branden Havn	DK		1-------	0
DKCPH	København	DK	84	12345---	0
DKCSO	Christiansø Havn	DK	84	1-------	0
DKDAN	Cementfabriken Dania	DK		1-------	0
DKDAS	Dansk Salts Havn	DK		1-------	0
DKDN6	Dannemare	DK	85	1-3-----	0
DKDRA	Dragør	DK		1-------	0
DKDYS	Dyssegard	DK		1----6--	0
DKEBJ	Esbjerg	DK		1234----	0
DKEBT	Ebeltoft	DK		1-------	0
DKEDL	Endelave	DK		1-------	0
DKEGN	Egense	DK		1-------	0
DKEK4	Eskilstrup	DK	85	1-3-----	0
DKEND	Egernsund	DK		1-3-----	0
DKENS	Enstedværket Havn	DK		1-------	0
DKEOT	Styrtom	DK		1-------	0
DKFAA	Faaborg	DK		1-------	0
DKFAK	Fakse Ladeplads Havn	DK		1-------	0
DKFDH	Frederikshavn	DK		12------	0
DKFDS	Frederikssund	DK	84	123-----	0
DKFDV	Frederiksværk	DK		12------	0
DKFEJ	Fejø	DK		1-------	0
DKFER	Ferritslev	DK		1-3-----	0
DKFGS	Feggesund	DK		1-------	0
DKFMO	Femø	DK		1-------	0
DKFRC	Fredericia	DK		12--5---	0
DKFRK	Føvling	DK	83	1-3-----	0
DKFUH	Fur	DK		1-------	0
DKFYH	Fynshav	DK		1-3-----	0
DKGDM	Gudhjem	DK		1-3-----	0
DKGED	Gedser	DK		12------	0
DKGFH	Gulfhavn	DK		1-------	0
DKGLY	Glyngøre	DK		1-------	0
DKGRA	Gråsten	DK		1-------	0
DKGRE	Grenaa	DK		123-----	0
DKGTS	Glatved Strand	DK	82	1-------	0
DKHAD	Haderslev	DK		1-------	0
DKHAN	Hanstholm	DK		1-3-----	0
DKHAS	Hals	DK		1-------	0
DKHBA	Humlebæk	DK		123-----	0
DKHBK	Holbæk	DK		1-------	0
DKHBO	Hobro	DK		1-------	0
DKHDH	Hardeshøj	DK		1-------	0
DKHEJ	Hejls	DK	83	1-------	0
DKHER	Herning	DK		1-------	0
DKHHV	Hammerhavn	DK		1-------	0
DKHIR	Hirtshals	DK		1-------	0
DKHJ3	Højby	DK	85	1-3-----	0
DKHJT	Hjerting	DK		1-3-----	0
DKHLS	Helsingør	DK		12------	0
DKHNB	Havneby	DK		1-------	0
DKHOH	Hou Havn	DK		1-------	0
DKHOR	Horsens	DK		1-------	0
DKHSB	Holstebro	DK		1-------	0
DKHSL	Hasle	DK		1-------	0
DKHSU	Hadsund	DK	81	1-3-----	0
DKHUN	Hundested	DK		123-----	0
DKHVA	Hvalpsund	DK		1-------	0
DKHVN	Havnsø	DK		1-------	0
DKHVS	Hvide Sande	DK		1-3-----	0
DKHVT	Hellebæk	DK	81	1-3-----	0
DKHWO	Hov	DK		1-------	0
DKJEL	Jelling	DK	83	1-------	0
DKJUE	Juelsminde	DK	82	1-------	0
DKKAL	Kalundborg	DK		12------	0
DKKAR	Karlslunde	DK	85	1-3-----	0
DKKBG	Klintebjerg	DK	83	1-3-----	0
DKKBK	Karrebæksminde	DK	85	1-3-----	0
DKKBY	Kyndbyvaerkets Havn	DK		1-------	0
DKKDM	Kollund Mole	DK		1-3-----	0
DKKGL	Kongsdal Harbour	DK		1-------	0
DKKHV	Knudshoved	DK		1-------	0
DKKII	Saint Kilian	DK	81	1-------	0
DKKK4	Åbybro	DK	81	1-3-----	0
DKKLH	Klintholm Havn	DK	85	1-------	0
DKKLP	Kleppen	DK	82	1-3-----	0
DKKOG	Køge	DK		12------	0
DKKOK	Kolby Kås	DK	82	1-------	0
DKKOL	Kolding	DK		123-----	0
DKKON	Cementfabrikken Kongsdal Havn	DK		1-------	0
DKKRA	Kragenæs	DK		1-------	0
DKKRR	Korsør	DK		12------	0
DKKT4	Kettinge	DK	85	1-3-----	0
DKKTD	Kerteminde	DK		1-------	0
DKKTP	Kastrup	DK		1-------	0
DKKVR	Kværndrup	DK		1-------	0
DKLGR	Løgstør	DK		1-------	0
DKLHH	Lindholm Havn	DK	83	1-------	0
DKLIN	Lindø Havn	DK		1-------	0
DKLOH	Lohals	DK		1-------	0
DKLUN	Lundeborg	DK	83	1-3-----	0
DKLVG	Lemvig	DK		1-------	0
DKLYO	Lyngs Odde Havn	DK		1-------	0
DKMAS	Masnedø	DK		1-------	0
DKMID	Middelfart	DK		12------	0
DKMKH	Masnedovaerkets Havn/Vordingborg	DK	85	1-3-----	0
DKMNS	Masnedsund	DK	85	1-3-----	0
DKMOM	Mommark	DK		1-------	0
DKMRB	Marbæk Havn	DK		1-------	0
DKMRR	Mariager	DK		123-----	0
DKMRS	Marstal	DK		1-------	0
DKN3S	Nykobing Sjaelland	DK	85	1-3-----	0
DKNAK	Nakskov	DK		12------	0
DKNBG	Nyborg	DK		12------	0
DKNDB	Nordby Havn, Fanø	DK		1-------	0
DKNEX	Neksø	DK		1-------	0
DKNGB	Nagbol	DK		123-----	0
DKNHN	Nordhavn	DK	84	1-------	0
DKNR4	Nyrup	DK	85	1-3-----	0
DKNRE	Nørre Aaby	DK		12------	0
DKNRS	Nørresundby	DK		12------	0
DKNSD	Nørre Snede	DK		1-3-----	0
DKNTD	Nysted	DK		1-------	0
DKNUD	Næssund	DK		1-------	0
DKNVD	Næstved	DK	85	123--6--	0
DKNYB	Nyborg Lystbådehavn	DK	83	1-------	0
DKNYF	Nykøbing Falster	DK	85	123-----	0
DKNYM	Nykøbing Mors	DK	81	1-3-----	0
DKODE	Odense	DK		1234----	0
DKOMO	Omø	DK		1-------	0
DKOOT	Charlottenlund	DK		1-------	0
DKORE	Orehoved, Falster	DK		1-------	0
DKORO	Orø	DK		1-------	0
DKOTB	Østerby Havn	DK	81	1-3-----	0
DKRAN	Randers	DK		123-----	0
DKRD4	Rude	DK	85	1-3-----	0
DKRDH	Rødvig Havn	DK	85	1-------	0
DKRDK	Rødekro	DK		123-----	0
DKRKB	Rudkøbing	DK		1-------	0
DKRKE	Roskilde	DK		1234----	0
DKRMO	Romo	DK	83	1-3-----	0
DKRNN	Rønne	DK		1--4----	0
DKROD	Rødbyhavn	DK	85	123--6--	0
DKROF	Rødby	DK	85	1-3-----	0
DKROR	Aalborg Portland Cementfabrikk	DK		1-------	0
DKRRV	Rørvig	DK		1-------	0
DKRYS	Ryslinge	DK	83	1-------	0
DKSAE	Sæby	DK		123-----	0
DKSAX	Sakskøbing	DK		1-------	0
DKSB2	Strøby	DK	85	1-3-----	0
DKSBK	Stubbekøbing	DK	85	1-------	0
DKSD7	Sandved	DK	85	1-3-----	0
DKSDA	Sydals	DK		1-3--6--	0
DKSDO	Skarø/Drejø	DK		1-------	0
DKSEO	Sejerø	DK		1-------	0
DKSF2	Store Fuglede	DK	85	1-3-----	0
DKSGD	Sønderborg	DK	83	1234----	0
DKSH6	Store Heddinge	DK	85	1-3-----	0
DKSIT	Stigsnaes Inter Terminal	DK	85	1-------	0
DKSK3	Skodsborg	DK	84	1-3-----	0
DKSKA	Skagen	DK		12------	0
DKSKH	Skovshoved	DK	84	1-------	0
DKSKV	Skive	DK		12------	0
DKSL2	Søllested	DK	83	1-3-----	0
DKSLB	Silkeborg	DK		123-----	0
DKSLV	Sælvig Havn	DK		1-------	0
DKSM6	Store Merløse	DK	85	1-3-----	0
DKSN2	Snertinge	DK	85	1-3-----	0
DKSN7	Stensved	DK	85	1-3-----	0
DKSNE	Snekkersten	DK		1-------	0
DKSNO	Strynø	DK		1-------	0
DKSNY	Sundby/Mors	DK	81	1-3-----	0
DKSOB	Søby Havn	DK		1-------	0
DKSPB	Spodsbjerg Havn	DK		1-------	0
DKSSK	Skælskør	DK		1-------	0
DKSSV	Studstrupværkets Havn	DK		1-------	0
DKSTA	Stavning	DK		1--4----	0
DKSTB	Strib Havn	DK		1-------	0
DKSTE	Stege	DK		1-------	0
DKSTG	Stignæsværkets Havn	DK		1-------	0
DKSTN	Stigsnæs	DK		1-------	0
DKSTP	Stevns Pier	DK	85	1-------	0
DKSTR	Struer	DK		12------	0
DKSTT	Statoil-Havnen	DK		1-------	0
DKSUE	Sundsøre	DK		1-------	0
DKSVA	Svaneke	DK		1-3-----	0
DKSVE	Svendborg	DK		12------	0
DKSVG	Sandvig	DK		1-3-----	0
DKSVV	Stålvalseværket	DK		1-------	0
DKTB4	Toreby	DK	85	1-3-----	0
DKTED	Thisted	DK		12-4----	0
DKTJL	Tjele	DK	82	1-------	0
DKTKB	Tikøb	DK	84	1-3-----	0
DKTMD	Torsminde	DK	82	1-3-----	0
DKTN3	Tune	DK	85	1-3-----	0
DKTNO	Tunø	DK		1-------	0
DKTRG	Torrig	DK	85	1-3-----	0
DKTRO	Troense	DK	83	1-------	0
DKTRS	Tårs	DK		1-------	0
DKTUB	Tuborg	DK		12------	0
DKTYB	Tyborøn	DK		12------	0
DKUNX	Masnedsund Godningshamn	DK	85	1-------	0
DKVAE	Vallensbæk	DK	84	123-----	0
DKVB2	Vejby	DK	84	1-3-----	0
DKVBN	Vordingborg Nordhavnen	DK	85	1-------	0
DKVBS	Vordingborg Sydhavnen	DK	85	1-------	0
DKVEJ	Vejle	DK		12------	0
DKVEN	Venø Havn	DK		1-------	0
DKVES	Vesterø Havn, Læsø	DK		1-------	0
DKVG4	Væggerløse	DK	85	1-3-----	0
DKVK7	Veksø	DK	84	1-3-----	0
DKVM2	Vemmelev	DK	85	1-3-----	0
DKVNG	Vang Havn	DK		1-------	0
DKVOR	Vordingborg	DK	85	12------	0
DKVRE	Avedore	DK		1-------	0
DKVSV	Norjyllandsvarkets havn	DK		1-------	0
DKVT2	Vesterborg	DK	85	1-3-----	0
DMADM	Anse du Mai	DM		1-------	0
DMBEL	Belfast	DM		1-------	0
DMPOR	Portsmouth	DM		1-3-----	0
DMRSU	Roseau	DM		1-------	0
DOAZU	Azua	DO	02	1-3--6--	0
DOBAN	Baní	DO		1-3-----	0
DOBAV	Bavaro	DO	18	1-------	0
DOBCC	Boca Chica	DO		1-------	0
DOBQL	Barcequillo	DO	21	1-------	0
DOBRX	Barahona	DO		1--4----	0
DOCAI	Catalina Island	DO	12	1-------	0
DOCAL	Cayo Levantado	DO	20	1-------	0
DOCAU	Caucedo	DO	01	1-3--6--	0
DOCBJ	Cabo Rojo	DO		1--4----	0
DOCDC	Casa de Campo	DO	12	1-------	0
DOHAI	Rio Haina	DO		1-------	0
DOHIG	Higüey	DO	21	1-------	0
DOINA	Bajos de Haina	DO	21	1-------	0
DOLRM	La Romana	DO		1-------	0
DOMAN	Manzanillo	DO		123-----	0
DOOCO	Ocoa Bay	DO		1-------	0
DOPAL	Puerto Palenque	DO		1-3-----	0
DOPDR	Pedernales	DO		1-------	0
DOPOP	Puerto Plata	DO		1-------	0
DOPUO	Puerto Libertador	DO		1-------	0
DOPVA	Puerto Viejo de Azua	DO		1-------	0
DOSDQ	Santo Domingo	DO	01	1-345---	0
DOSFN	San Francisco de Macorís	DO		1-------	0
DOSNX	Sabana de la Mar	DO		1--4----	0
DOSNZ	Sánchez	DO		123-----	0
DOSPM	San Pedro de Macorís	DO		1-------	0
DOSTI	Santiago de los Caballeros	DO		1-3-----	0
DOVAL	Villa Altagracia	DO	21	1-3-----	0
DZ2ON	Oran Dry Port	DZ	31	1----6--	0
DZAAE	Annaba (ex Bone)	DZ		1--4----	0
DZALG	Alger (Algiers)	DZ	16	123456--	0
DZAZW	Arzew	DZ		123-----	0
DZBHA	Bethioua	DZ	31	1-------	0
DZBIU	Bouinane	DZ	09	1-3-----	0
DZBJA	Bejaia (ex Bougie)	DZ		1--4----	0
DZBSF	Benisaf	DZ		1-------	0
DZBTA	Bethoula	DZ		1-------	0
DZCHE	Cherchell	DZ		1-3-----	0
DZCOL	Collo	DZ		1-3-----	0
DZDEL	Dellys	DZ		1-3-----	0
DZDJE	Djen-Djen	DZ		1-------	0
DZDJI	Jijel (ex Djidjelli)	DZ		1-------	0
DZGHA	Ghardaïa	DZ		1-34----	0
DZGHZ	Ghazaouet	DZ	13	123-----	0
DZKHE	Kherrata	DZ		1-3-----	0
DZMOS	Mostaganem	DZ		1-------	0
DZORN	Oran	DZ		1--4----	0
DZROU	Rouiba	DZ	16	1----6--	0
DZSKI	Skikda (ex Philippeville)	DZ		1--4----	0
DZTBS	Tebessa	DZ	12	1----6--	0
DZTEN	Ténès	DZ		1-------	0
DZTLM	Tlemcen	DZ	13	1234-6--	0
ECAYO	Puerto Ayora, Isla Santa Cruz	EC	W	1-------	0
ECBAQ	Puerto Baquerizo Moreno	EC	W	1-------	0
ECBHA	Bahía de Caráquez	EC	M	1--4----	0
ECBLI	Bartolome Island	EC	W	1-------	0
ECCAR	Pedro Carbo	EC		1-3-----	0
ECCAT	Caleta Tagus	EC	W	1-------	0
ECDUN	Durán	EC	G	1-------	0
ECEBL	Balao	EC		1-------	0
ECESM	Esmeraldas	EC	E	1--4----	0
ECESP	Espanola Island	EC	W	1-------	0
ECFLO	Floreana Island	EC	W	1-------	0
ECGUA	Guayas	EC	G	1----6--	0
ECGYE	Guayaquil	EC	G	1--45---	0
ECLLD	La Libertad	EC	G	1-------	0
ECLPT	La Puntilla	EC		1-3--6--	0
ECMEC	Manta	EC	M	1--4----	0
ECOCC	Coca	EC	N	1-34-6--	0
ECPBG	Puerto Balao Grande	EC	G	1-------	0
ECPBO	Puerto Bolívar	EC	O	1-------	0
ECPEG	Puerto Egas	EC	W	1-------	0
ECPEV	Puerto Nuevo	EC		1----6--	0
ECPSJ	Posorja	EC	G	1-3--6--	0
ECPUN	Puná	EC	G	1-3-----	0
ECRAB	Rabida Island	EC	W	1-------	0
ECSLR	San Lorenzo	EC	E	1-------	0
ECSNC	Salinas	EC	G	1-------	0
ECSYM	Seymour	EC	W	1-------	0
ECTEP	Tepre	EC		1-------	0
ECVIL	Puerto Villamil, Isla Isabela	EC	W	1-------	0
ECZTL	Zapotal	EC	G	1----6--	0
EEABJ	Abaja Sadam	EE	74	1-------	0
EEABR	Abruka	EE	74	1-------	0
EEADV	Admirali Väikesadam	EE	68	1-------	0
EEAEN	Aegna	EE	37	1-------	0
EEAHO	Ahoi Jõesadam	EE	74	1-------	0
EEAKS	Alajõe Kalasadam	EE	45	1-------	0
EEASE	Aseri	EE	45	1-3-----	0
EEASV	Aseri Väikesadam	EE	60	1-------	0
EEATL	Atla	EE	74	1-------	0
EEBEK	Bekkeri	EE	37	1------B	0
EEDIR	Dirhami	EE	56	1------B	0
EEEIS	Eisma	EE	60	1-------	0
EEHAA	Haapsalu	EE	56	123-----	0
EEHII	Hiiessaare	EE	39	1-------	0
EEHLD	Haldi	EE	39	1-------	0
EEHLT	Heltermaa	EE	39	1------B	0
EEHRA	Hara Sadam	EE	56	1-------	0
EEHRS	Hara Sadam	EE	37	1-------	0
EEHUN	Hundipea	EE	37	1-------	0
EEHVV	Haapsalu Veskiviigi	EE	56	1-------	0
EEJAP	Japsi Kalasadam	EE	68	1-------	0
EEJEP	Jõe Paadisadam	EE	79	1-------	0
EEJGP	Jaagupi	EE	68	1-------	0
EEJHT	Juheta	EE	68	1-------	0
EEJKR	Jõekääru	EE	45	1-------	0
EEJOS	Narva Linnasadam	EE	45	1-------	0
EEKAK	Kakumäe	EE	37	1-------	0
EEKAL	Kalana	EE	39	1-------	0
EEKAM	Kalmaküla Sadam	EE	45	1-------	0
EEKAP	Karlova Paadisadam	EE	79	1-------	0
EEKAS	Kalasadam	EE	37	1-------	0
EEKBN	Kaberneeme Sadam	EE	37	1-------	0
EEKDL	Kärdla	EE	39	1--4----	0
EEKDR	Kudruküla Sadam	EE	45	1-------	0
EEKEJ	Kesse-Jaani	EE	74	1-------	0
EEKEL	Kelvingi	EE	37	1-------	0
EEKGS	Kõiguste	EE	74	1-------	0
EEKGV	Koguva	EE	74	1-------	0
EEKHN	Kihnu	EE	68	1-------	0
EEKII	Kiideva	EE	56	1-------	0
EEKJK	Kalevi Jahtklubi	EE	37	1-------	0
EEKKE	Kurkse	EE	37	1-------	0
EEKKS	Kassari Sadam	EE	39	1-------	0
EEKLD	Kaldu	EE	74	1-------	0
EEKLE	Kallaste	EE	74	1-3-----	0
EEKLK	Koljunuki	EE	37	1-------	0
EEKLL	Kallaste	EE	79	1-3-----	0
EEKLN	Kelnase	EE	37	1-------	0
EEKLR	Kallaste Rannasadam	EE	79	1-------	0
EEKND	Kunda	EE	60	1------B	0
EEKNG	Kungla	EE	74	1-------	0
EEKOL	Kolkja	EE	79	1-------	0
EEKPA	Karepa Sadam	EE	60	1-------	0
EEKRG	Kõrgessaare	EE	39	1-------	0
EEKSA	Kärsa	EE	74	1-------	0
EEKSN	Kastna	EE	68	1-------	0
EEKSP	Kaunispe	EE	74	1-------	0
EEKUG	Narva Kulgu Sadam	EE	45	1-------	0
EEKUI	Kuivastu	EE	74	1------B	0
EEKUR	Kuressaare sadam	EE	74	1------B	0
EEKVI	Kaavi Paadisadam	EE	74	1-------	0
EEKVR	Kavaru	EE	68	1-------	0
EELAN	Lääne	EE	68	1-------	0
EELAO	Lao	EE	68	1-------	0
EELAT	Läätsa	EE	74	1-------	0
EELAU	Lautri	EE	39	1-------	0
EELEN	Lennusadam	EE	37	1-------	0
EELEP	Leppneeme	EE	37	1-3-----	0
EELHK	Lehtma Kalurisadam	EE	39	1-------	0
EELHS	Lahesuu	EE	37	1-3----B	0
EELHT	Lehtma	EE	39	1------B	0
EELIN	Lindi	EE	68	1-------	0
EELIU	Liu	EE	68	1-------	0
EELKS	Laaksaare	EE	79	1-------	0
EELMA	Lõmala	EE	74	1-------	0
EELNR	Lõunaranna	EE	74	1-------	0
EELPN	Leppneeme Kalasadam	EE	37	1-------	0
EELPS	Lõpesuu	EE	74	1-------	0
EELSA	Loksa	EE	37	1------B	0
EELSL	Lohusalu	EE	37	1------B	0
EELUI	Luige Väikesadam	EE	56	1-------	0
EEMAH	Mahu Sadam	EE	60	1-------	0
EEMAN	Manilaiu	EE	68	1-------	0
EEMDR	Miiduranna	EE	37	1------B	0
EEMEH	Mehikoorma Sadam	EE	79	1-------	0
EEMIH	Mihkli Sadam	EE	50	1-------	0
EEMNI	Männi	EE	68	1-------	0
EEMNT	Mõntu	EE	74	1------B	0
EEMNV	Mõntu Väikelaevade Sadam	EE	74	1-------	0
EEMRL	Merelaiu	EE	68	1-------	0
EEMRS	Meeruse	EE	37	1------B	0
EEMTV	Mustvee	EE	50	1-------	0
EEMUG	Muuga	EE	37	1------B	0
EEMUN	Munalaiu	EE	68	1-------	0
EEMUR	Muratsi Sadam	EE	74	1-------	0
EENAI	Naissaare	EE	37	1------B	0
EENAS	Nasva	EE	74	1------B	0
EENJD	Nasva Jõesadam	EE	74	1-------	0
EENJS	Narva-Jõesuu Sadam	EE	45	1-------	0
EENME	Neeme	EE	37	1-------	0
EENOB	Noblessneri	EE	37	1-------	0
EENRM	Nurme	EE	37	1-------	0
EENST	Naistlaiu Sadam	EE	39	1-------	0
EENVA	Nõva Sadam	EE	56	1-------	0
EEOIU	Oiu	EE	84	1-------	0
EEOMR	Omedu Rand	EE	50	1-------	0
EEORI	Orissaare	EE	74	1-------	0
EEORJ	Orjaku	EE	39	1-------	0
EEOSM	Osmussaare Sadam	EE	56	1-------	0
EEOST	Österby	EE	56	1-------	0
EEOTI	Oti	EE	37	1-------	0
EEOTS	Otsa	EE	79	1-------	0
EEPAA	Paatsalu	EE	68	1-------	0
EEPAP	Papissaare Sadam	EE	74	1-------	0
EEPAR	Patareisadam	EE	37	1-3----B	0
EEPAS	Paljassaare	EE	37	1------B	0
EEPHL	Pihelgalaiu	EE	68	1-------	0
EEPIR	Pirita	EE	37	1------B	0
EEPLN	Paldiski Põhjasadam	EE	37	1------B	0
EEPLS	Paldiski Lõunasadam	EE	37	1------B	0
EEPRE	Piirissaare Sadam	EE	79	1-------	0
EEPRI	Peerni	EE	68	1-------	0
EEPRJ	Purtse Jahisadam	EE	45	1-------	0
EEPRK	Purtse Kalasadam	EE	45	1-------	0
EEPRL	Prangli Lõunasadam	EE	37	1-------	0
EEPRN	Pärnu	EE	68	1------B	0
EEPRV	Pärnu Sadama Väikesadam	EE	68	1-------	0
EEPSM	Pae Sadam	EE	74	1-------	0
EEPSV	Paslepa-Viigi Sadam	EE	56	1-------	0
EEPUR	Purtse	EE	45	1-3-----	0
EEPUS	Pusi	EE	79	1-------	0
EEPVS	Piirivalvesadam	EE	37	1-------	0
EERAJ	Raja	EE	50	1-------	0
EERBS	Rebase Paadisadam	EE	79	1-------	0
EERGR	Roograhu	EE	39	1-------	0
EERHK	Rohuküla	EE	56	1------B	0
EERJS	Ristna Jahisadam	EE	39	1-------	0
EERLB	Rälby Sadam	EE	56	1-------	0
EERLS	Ristna Lõunasadam	EE	39	1-------	0
EERMS	Roomassaare	EE	74	1------B	0
EERNG	Ringsu	EE	74	1-3----B	0
EERNM	Rannametsa	EE	68	1-------	0
EERNV	Rohuneeme Väikesadam	EE	37	1-------	0
EERON	Rohuneeme	EE	37	1-3-----	0
EEROO	Roopa	EE	74	1-------	0
EERPI	Räpina	EE	64	1-------	0
EERST	Ristna	EE	37	1-3-----	0
EERUV	Ruhve	EE	74	1-------	0
EERVS	Remniku Vanasadam	EE	45	1-------	0
EESAM	Salmistu	EE	74	1-------	0
EESAS	Sassukvere	EE	50	1-------	0
EESGS	Saaga Sadam	EE	79	1-------	0
EESHL	Suur-Holmi	EE	56	1-------	0
EESIG	Sigatsuaru Väikesadam	EE	68	1-------	0
EESLE	Salme Jõesadam	EE	74	1-------	0
EESLM	Sillamäe	EE	45	123----B	0
EESLN	Salinõmme	EE	39	1-------	0
EESMA	Saaremaa sadam	EE	74	1-3----B	0
EESNK	Salinõmme Kalasadam	EE	39	1-------	0
EESNP	Salinõmme Paadisadam	EE	39	1-------	0
EESOE	Soela	EE	74	1-------	0
EESRA	Saarepera	EE	64	1-------	0
EESRU	Sõru	EE	39	1------B	0
EESRV	Sõru Väikelaevasadam	EE	39	1-------	0
EESSO	Soo	EE	50	1-------	0
EESUA	Suaru	EE	68	1-------	0
EESUK	Suaru Kalasadam	EE	68	1-------	0
EESUL	Suur-Lootsi	EE	45	1-------	0
EESUR	Suurpea	EE	37	1-------	0
EESUS	Suursadam	EE	39	1-------	0
EESVI	Sviby	EE	56	1-------	0
EESVS	Saastna Vanasadam	EE	56	1-------	0
EETAL	Taaliku Sadam	EE	74	1-------	0
EETGI	Triigi	EE	74	1-------	0
EETIL	Tilgu	EE	37	1-------	0
EETJA	Turja Sadam	EE	74	1-------	0
EETJS	Tori Jõesadam	EE	74	1-------	0
EETLL	Tallinn	EE	37	12345---	0
EETLT	Tuletorni	EE	39	1-------	0
EETLV	Talvesadam	EE	68	1-------	0
EETMA	Tärkma	EE	39	1-------	0
EETMN	Tammneeme Sadam	EE	37	1-------	0
EETOI	Toila	EE	45	1-3-----	0
EETPL	Tapurla	EE	37	1-3-----	0
EETRE	Treimani	EE	68	1-------	0
EETRU	Turusadam	EE	79	1-------	0
EETRV	Tarvastu	EE	84	1-------	0
EEUIS	Uisusadam	EE	74	1-------	0
EEURE	Kuressaare	EE	74	1-34----	0
EEURG	Ürgoru Paadisadam	EE	79	1-------	0
EEVAN	Vanasadam	EE	37	1------B	0
EEVAR	Värssu	EE	39	1-------	0
EEVDU	Võidu	EE	68	1-------	0
EEVEB	Vene-Balti	EE	37	1-3----B	0
EEVEE	Veere	EE	74	1------B	0
EEVER	Vergi	EE	60	1-------	0
EEVIK	Vikati Sadam	EE	74	1-------	0
EEVIN	Viinistu Sadam	EE	37	1-------	0
EEVIR	Virtsu	EE	56	1------B	0
EEVIS	Virtsu Kalasadam	EE	56	1-------	0
EEVLR	Valmeranna	EE	74	1-------	0
EEVNA	Vasknarva	EE	45	1-3-----	0
EEVNJ	Varnja Sadam	EE	79	1-------	0
EEVOI	Võiste	EE	68	1-------	0
EEVOK	Võõpsu Külasadam	EE	87	1-------	0
EEVOP	Võõpsu	EE	64	1-------	0
EEVOS	Võsu	EE	60	1-------	0
EEVPA	Vahtrepa Sadam	EE	39	1-------	0
EEVPS	Varbla Puhkeküla	EE	68	1-------	0
EEVRA	Värska Sadam	EE	87	1-------	0
EEVRI	Värati	EE	68	1-------	0
EEVRK	Võrkaia	EE	74	1-------	0
EEVRS	Varese Sadam	EE	74	1-------	0
EEVSG	Vana-Sauga Sadam	EE	68	1-------	0
EEVTR	Väike-Turu	EE	79	1-------	0
EEVUS	Vasknarva Uussadam	EE	45	1-------	0
EEVVM	Veere Vanasadam	EE	74	1-------	0
EEVVN	Vasknarva Paadisadam	EE	45	1-------	0
EEVVS	Virtsu Vanasadam	EE	56	1-------	0
EEWJS	Westmeri Jahisadam	EE	56	1-------	0
EEWST	Westmeri	EE	56	1-------	0
EGADA	Al Adabiyah	EG		123-----	0
EGAGN	Abu Ghosoun	EG		1-3-----	0
EGAIS	Ain Sukhna	EG		1-------	0
EGAKI	Abu Kir	EG		1-------	0
EGALY	El Iskandariya (Alexandria)	EG	ALX	1--45---	0
EGAQU	Al Qusayr	EG	BA	1-3-----	0
EGARY	Al Amriyah	EG	KFS	1-3-----	0
EGAUE	Abu Rudeis	EG		1--4----	0
EGAZA	Abu Zenimah	EG	JS	1-------	0
EGBGB	Atakka Dry Port	EG	SUZ	1-------	0
EGDAM	Dumyat (Damietta)	EG		1234----	0
EGDOM	Dome Marina	EG	SUZ	1-3-----	0
EGEDK	El Dekheila	EG		1-------	0
EGEPP	Marsa Egyptian Propylene & Polypropylene	EG	PTS	1-3-----	0
EGGAL	Galala Marina	EG	SUZ	1-3-----	0
EGGEI	Geisum Terminal	EG		1-------	0
EGGLB	Port Ghalib	EG	BA	1-3-----	0
EGGUA	El-Guna (El Gouna)	EG	BA	1-3-----	0
EGHAM	Hamrawein	EG		1-------	1
EGHRG	Hurghada	EG		1-------	0
EGIKU	Idku	EG		123-----	0
EGMAH	Mersa El Hamra	EG		1-------	0
EGMEA	Porto Marina El Alamein	EG	MT	1-3-----	0
EGNUW	Nuwaiba	EG	JS	1-------	0
EGOPT	Marsa Oriental Petrochemicals	EG	SUZ	1-3-----	0
EGPIB	Port Ibrahim	EG		1-------	0
EGPSD	Port Said	EG		1--4----	0
EGPSE	Port Said East	EG	SUZ	123--6--	0
EGPTK	Port Tewfik	EG		1-------	0
EGRAB	Ras Budran	EG		1-------	0
EGRAG	Ras Gharib	EG		1-------	0
EGRSH	Ras Shukheir	EG		1-------	0
EGRSU	Ras Sudr	EG		1-------	0
EGSBY	Soma Bay Marina	EG	BA	1-3-----	0
EGSGA	Safaga	EG		1-------	0
EGSIN	South Sinai (Ganoub Sinai)	EG	SUZ	1----6--	0
EGSOK	Sokhna Port	EG		1-------	0
EGSSH	Sharm ash Shaykh	EG	JS	1--4----	0
EGSUZ	As Suways (Suez)	EG	SUZ	1-3-----	0
EGTOR	El Tor	EG	SIN	1-------	0
EGWAF	Wadi Feiran	EG		1-------	0
EHEAI	Ejbei Uad el Aabd	EH		1-3-----	0
ERASA	Assab	ER	DK	1-34----	0
ERMSW	Massawa (Mitsiwa)	ER	SK	1234----	0
ES2BL	Lloseta	ES	PM	1----6--	0
ES2TT	Ametlla	ES	T	1----6--	0
ES2VA	Vallecillo	ES	LE	1----6--	0
ES4SS	Santurtz	ES	BI	1-3-----	0
ES8TC	Rejected	ES	MU	1-3-----	0
ESAAQ	Santiago del Campo	ES	CC	1-3-----	0
ESAAW	Sa Canal	ES	PM	1-------	0
ESABH	Abanto	ES		1-------	0
ESACA	Alcanar	ES	T	1-3-----	0
ESACE	Lanzarote	ES	GC	1--4----	0
ESACH	Aceuchal	ES	BA	1-------	0
ESAD6	Nuevo Baztán	ES	M	1-3-----	0
ESADR	Adra	ES		1-3-----	0
ESADS	Alameda de La Sagra	ES	TO	1-------	0
ESADT	Alcaudete de la Jaya	ES		12345-7-	0
ESAGA	Agaete	ES	GC	1-------	0
ESAGD	La Guardia	ES	PO	1-3-----	0
ESAGG	Argelaguer	ES	GI	1-------	0
ESAGP	Málaga	ES	MA	1--45---	0
ESAGU	Aguilas	ES		1-------	0
ESALA	Villarreal de Álava	ES	VI	1234-6--	0
ESALC	Alicante	ES		12345---	0
ESALG	Algeciras	ES		1-------	0
ESALT	Algorta	ES	BI	123-----	0
ESALX	Almendricos	ES	MU	1----6--	0
ESAMP	Ampuero	ES		123-----	0
ESAMX	Almorox	ES		1-------	0
ESARI	Arguineguin	ES		1-------	0
ESARN	Arenys de Mar	ES		1-------	0
ESARZ	Allaríz	ES		1-3-----	0
ESAS8	Cabueñes	ES	O	1-3-----	0
ESASL	Andosilla	ES		1-3--6--	0
ESATO	El Astillero	ES		123-----	0
ESATQ	Ataquines	ES		1-------	0
ESAVS	Aviles	ES		1-------	0
ESAXO	A Baiuca	ES		1-3-----	0
ESAYA	Ayamonte	ES		1-------	0
ESAYR	Ayora	ES		1-------	0
ESB8C	Bacáicoa	ES	NA	1-------	0
ESBAT	La Batlloria	ES	B	123-----	0
ESBBJ	Breña Baja	ES		1-------	0
ESBCN	Barcelona	ES		12345---	0
ESBDA	Benegida	ES		1-------	0
ESBDF	Barbate	ES	CA	1-3-----	0
ESBDP	Banyeres del Penedes	ES	T	1----6--	0
ESBEM	Benidorm	ES		1-------	0
ESBGG	Berlanga	ES	BA	1----6--	0
ESBGJ	Berguenda	ES	VI	1----6--	0
ESBIO	Bilbao	ES	BI	12345---	0
ESBLA	Blanes	ES		1-------	0
ESBLR	Begur	ES	GI	1-------	0
ESBMO	Benimodo	ES	V	123-----	0
ESBOA	Boadilla del Monte	ES	M	1-------	0
ESBOS	Burgo de Osma	ES	SO	1-------	0
ESBPM	Porreras	ES	PM	1----6--	0
ESBRL	Burela	ES		1-------	0
ESBRM	Bermeo	ES	BI	123-----	0
ESBRX	Burriana	ES		1-------	0
ESBS3	Binissalem	ES	PM	1----6--	0
ESBSL	Bermiyo Sallago	ES		1-------	0
ESBU3	Benicull	ES	V	1-3-----	0
ESBVN	Buenavista del Norte	ES	TF	1-3-----	0
ESC9A	Calles	ES	V	1-3-----	0
ESCAD	Cadiz	ES		1-------	0
ESCAQ	Riudecanyes	ES	T	1-3-----	0
ESCAR	Cartagena	ES	MU	123-----	0
ESCAS	Castellón de la Plana	ES	V	123-----	1
ESCBD	Cambados	ES		1-------	0
ESCBL	Cambrils	ES	T	123-----	0
ESCBP	Cabo de Palos	ES	MU	1-------	0
ESCBS	Cala Sabina	ES		1-------	0
ESCBZ	Cabezuela	ES		1-------	0
ESCC7	Escorca	ES	PM	1----6--	0
ESCCN	Corcubión	ES		1-------	0
ESCCX	Carcaixent	ES		1-------	0
ESCDI	Carrizal	ES		1-3-----	0
ESCDK	Las Casas de Alcanar	ES	T	1-3-----	0
ESCED	Cedeira	ES	A	1-3-----	0
ESCEE	Cee	ES		1-3--6--	0
ESCEL	Celeiró	ES		1-------	0
ESCES	Capellades	ES	B	1----6--	0
ESCEU	Ceuta	ES		1-------	0
ESCFL	Casillas Flores	ES	SA	1-------	0
ESCGE	Calonge	ES	GI	1-------	0
ESCGG	Campllong	ES	GI	1-------	0
ESCGR	Consuegra	ES		1-------	0
ESCHR	Caleta de Sebo	ES	GC	1-------	0
ESCHZ	Puebla de Sancho Pérez	ES	BA	1----6--	0
ESCIV	Ciervana	ES	BI	1-------	0
ESCJE	Costa Adeje	ES	TF	1-------	0
ESCNO	Cariño	ES	C	1-3-----	0
ESCOI	Catoira	ES	PO	123-----	0
ESCPA	Campoamor	ES	A	1-------	0
ESCPL	Campanillas	ES		1-3--6--	0
ESCQU	Carranque	ES	TO	1-------	0
ESCRG	Cabo Roig	ES	A	1-------	0
ESCRI	Cierbena	ES	AB	1-3-----	0
ESCRP	Carpio Tajo	ES		1-------	0
ESCRS	Carboneras	ES	AL	1-3-----	0
ESCSN	Cisneros	ES	P	12------	0
ESCSO	Castropol	ES	O	1-3--6--	0
ESCUD	Cuarte de Huerva	ES	Z	1-3-----	0
ESCUR	Castro-Urdiales	ES	S	1-3-----	0
ESCUT	Morro del Jable	ES	GC	1-3-----	0
ESCVJ	Victoria de Acentejo	ES	A	1-------	0
ESCZT	Camarzana Tera	ES		1-------	0
ESDAG	Dos Aguas	ES	V	1----6--	0
ESDBA	Deba	ES	SS	123-----	0
ESDBO	Playa Den Bossa	ES	PM	1-------	0
ESDEJ	Valdetorres de Jarama	ES	M	1-3-----	0
ESDGS	Villandangos	ES	A	1-------	0
ESDNA	Denia	ES		1-------	0
ESDRI	Derio	ES		1-------	0
ESEAS	San Sebastian	ES		1--4----	0
ESEBO	Cebolla	ES		1-------	0
ESECT	El Casar de Talamanca	ES	GU	123-567-	0
ESEDL	Estadilla	ES	HU	1----6--	0
ESEGR	Grove	ES	PO	1-3-----	0
ESEJC	Ejea de los Caballeros	ES		123-----	0
ESEKZ	Eskoriatza	ES	SS	1-------	0
ESELV	Elvillar	ES	VI	1----6--	0
ESEMP	Empuriabrava	ES	GI	1-------	0
ESENG	Enguera	ES		1-------	0
ESENT	Entoma	ES	OR	1-------	0
ESEOO	El Pedernoso	ES	CU	1----6--	0
ESESC	Escombreras	ES		1-------	0
ESETH	Huete	ES	CU	123-56--	0
ESEUG	Santa Eugenia	ES	C	1-3-----	0
ESEWE	Fuenterrabía	ES	SS	1-3-----	0
ESEZC	Ezcaray	ES		123-----	0
ESFAL	Fuente-Álamo	ES	AB	1----6--	0
ESFLD	Formentera Island	ES		1-------	0
ESFNC	La Font den Carros	ES		1-------	0
ESFRA	Frades	ES	C	1-------	0
ESFRM	Fermoselle	ES		1-------	0
ESFRO	Ferrol	ES	C	123-----	0
ESFSL	Fuensalida	ES		1-------	0
ESFUE	Puerto del Rosario-Fuerteventura	ES		1--4----	0
ESGAN	Gandía	ES	V	123-----	0
ESGAR	Garrucha	ES		1-------	0
ESGCR	Santa Maria de Guia de Gran Canaria	ES	GC	1-------	0
ESGCS	El Grao	ES	CS	123-----	0
ESGDL	Godella	ES	V	1-------	0
ESGDM	Salvaterra de Mino	ES		1-------	0
ESGDR	Grajal de Ribera	ES	LE	1----6--	0
ESGGA	Garriguella	ES	GI	1----6--	0
ESGIJ	Gijón	ES	O	1234----	0
ESGLE	La Escala (L'Escala)	ES	GI	1-3-----	0
ESGND	Puerto de Granadilla	ES	TF	1-------	0
ESGRC	Garachico	ES	TF	1-------	0
ESGRT	Lagartera	ES		1-------	0
ESGRY	Grao	ES		1-------	0
ESGTL	Gran Tarajal	ES	GC	1-------	0
ESGTX	Getxo	ES		1-------	0
ESGU6	Fontanar	ES	GU	1-3-----	0
ESGVA	Cigales	ES	VA	1----6--	0
ESGYA	Granyanella	ES	L	1-3-----	0
ESHDA	Horta de Avinyo	ES	B	1-------	0
ESHDD	Hinojosa del Duque	ES	CO	1-------	0
ESHHU	Castillazuelo	ES	HU	1----6--	0
ESHIE	Puerto de la Estaca	ES		1-3-----	0
ESHIG	Higuera la Real	ES	BA	1-------	0
ESHLL	Hormilla	ES	LO	1----6--	0
ESHSN	Hermisende	ES		1-------	0
ESHTY	Hontanaya	ES	CU	12--5---	0
ESHUR	Humilladero	ES	MA	1-------	0
ESHUV	Huelva	ES		123-----	0
ESHVC	Sanxenxo	ES	PO	1-3-----	0
ESIAS	Camariñas	ES	C	1-3--6--	0
ESIBZ	Ibiza	ES	PM	1--4----	0
ESITE	Belchite	ES		1-------	0
ESITR	Iturriotz	ES	SS	1-------	0
ESIUA	Iurreta	ES	BI	1-3-----	0
ESJAV	Jávea	ES	A	1-3-----	0
ESJON	Burujon	ES		1-------	0
ESJRM	San Julián de Ramis	ES	GI	1-3-----	0
ESJUE	Guijuelo	ES	SA	1-3-----	0
ESKLL	La Ametlla de Mar	ES	T	1-3-----	0
ESL4O	Lodoso	ES	BU	1----6--	0
ESLAN	Lanciego	ES	AV	1-------	0
ESLAP	Lapuebla de Labarca	ES		1-3-----	0
ESLAX	Lage	ES	C	1-3-----	0
ESLCG	La Coruña (A Coruña)	ES	C	1234----	0
ESLCR	Los Cristianos	ES		1-------	0
ESLE6	Torrente	ES	V	1-3-----	0
ESLEC	Lecumberri	ES	NA	123--6--	0
ESLEI	Almería	ES	AL	1234----	0
ESLEK	Lekeitio	ES		1-------	0
ESLEL	Calella	ES	B	1-3-----	0
ESLES	La Estaca	ES		1-------	0
ESLGC	La Graciosa	ES	GC	1-------	0
ESLGU	Legutiano	ES		1-3-----	0
ESLIT	Lizartza	ES	SS	1----6--	0
ESLIU	San Felíu de Buxalleu	ES	GI	1-3-----	0
ESLJO	La Llagosta	ES		1-------	0
ESLLO	Lloret de Mar	ES	GI	1-3-----	0
ESLMN	La Minosa	ES	GU	1-------	0
ESLPA	Las Palmas de Gran Canaria	ES	GC	1-3456--	0
ESLPC	Puebla del Caramiñal	ES	C	1-3-----	0
ESLPF	La Poble de Farnals	ES		1-------	0
ESLRT	La Restinga	ES	TF	1-------	0
ESLSD	Los Santos de la Humosa	ES	M	1-3-----	0
ESLSI	Los Silos	ES		1-------	0
ESLSL	La Seu d'Urgell	ES		1-3-----	0
ESLTV	Moral de Calatrava	ES	CR	1-3-----	0
ESLUQ	Luque	ES	CO	1-------	0
ESLZR	La Zarza	ES	BA	1-3-----	0
ESM8M	San Mames De Meruelo	ES	S	1----6--	0
ESM8U	Mourente	ES	LU	1----6--	0
ESMAH	Mahón, Menorca	ES	PM	1-34----	0
ESMAI	Malpica (Malpica de Bergantiños)	ES	C	1-3-----	0
ESMAT	La Matanza	ES	MU	1-------	0
ESMBY	Mombuey	ES		1-------	0
ESMCZ	Mozoncillo	ES	SG	12------	0
ESMEC	Meco	ES	M	1-------	0
ESMED	El Medano	ES	GC	1-3-----	0
ESMET	Miguel Esteban	ES		1-------	0
ESMGA	Mugia	ES	C	1---56--	0
ESMGN	Magan	ES		1-------	0
ESMGR	Mugardos	ES	C	1-3-----	0
ESMIA	Mesia	ES	C	1-------	0
ESMIC	Miraclamp	ES	L	1-------	0
ESMIR	Miramar	ES		1-------	0
ESMIX	Miranda de Ebro	ES		1-------	0
ESMLJ	Murillo de Río Leza	ES	LO	1----6--	0
ESMLN	Melilla	ES	ML	1-34----	0
ESMLO	Maliaño	ES		123-----	0
ESMMA	Malgrat de Mar	ES		123--6--	0
ESMNF	Montefrio	ES	GR	12---67-	0
ESMOA	Moaña	ES	PO	1-3-----	0
ESMOG	Mogarraz	ES	SA	1-3-----	0
ESMOI	Montiel	ES	CR	1-------	0
ESMOJ	Mojácar	ES		1-3-----	0
ESMOT	Motril	ES		1-------	0
ESMPG	Marin, Pontevedra	ES		1-------	0
ESMQU	Mascaraque	ES	TO	1----6--	0
ESMRJ	Madridejos	ES	TO	1-3-----	0
ESMRN	Maracena	ES		12--56--	0
ESMRS	Muros	ES		1-------	0
ESMSN	Masnou	ES		1-------	0
ESMTC	Montblanc	ES		123--6--	0
ESMTQ	Montesquiu	ES		123-----	0
ESMTU	Motrico (Mutriku)	ES	SS	1-3-----	0
ESMUN	Munguía	ES		123-----	0
ESMUS	Musel-Arnao	ES	O	1-3-----	0
ESNAA	Ayegui	ES	NA	1----6--	0
ESNBL	Noblejas	ES		1-------	0
ESNCA	Inca	ES	PM	1-------	0
ESNCO	Coristanco	ES	C	1-------	0
ESNDD	Las Noras de Daza	ES	AL	1-3-----	0
ESNJE	Nájera	ES	LO	1-3-----	0
ESNLL	Santa Olalla	ES	TO	1-------	0
ESNNN	Bunuiel	ES	A	1-------	0
ESNRA	Salinas De Pamplona	ES	NA	1-3-----	0
ESNRT	Monserrat	ES		1-------	0
ESNTR	Mentrida	ES		1-------	0
ESNVS	Noves	ES	TO	1-------	0
ESOLY	Olias del Rey	ES		1-------	0
ESOLZ	Olazagutía	ES		123-----	0
ESOMR	Mora	ES		1-------	0
ESOND	Ondárroa	ES	BI	1-3-----	0
ESONS	Obanos	ES		1-3-----	0
ESOOP	Cadaqués	ES	GI	1-3-----	0
ESORJ	Órjiva	ES	GR	1-------	0
ESOSR	Oroso	ES	C	1-------	0
ESOTG	Ortigueira	ES	C	1-3-----	0
ESOTO	Rotova	ES	V	1----6--	0
ESOUT	Outes	ES	C	1-3-----	0
ESOZL	Orzola	ES	GC	1-------	0
ESPAF	Pajara Fuerteventura	ES	A	1-------	0
ESPAL	Palamós	ES		1-------	0
ESPAN	Pantoja	ES		12------	0
ESPAS	Pasajes	ES		1-------	0
ESPAZ	Pilar de la Horadada	ES	A	1-------	0
ESPBU	Pancorbo	ES	BU	1-3-----	0
ESPCN	Picassent	ES		1-------	0
ESPCO	Puerto Colom	ES		1-------	0
ESPD3	Puerto de la Selva	ES		1----6--	0
ESPDS	Puerto de Sagunto	ES	V	123-----	0
ESPET	Petra	ES	PM	1----6--	0
ESPEV	Pontevedra	ES		1-3-----	0
ESPGU	Puerto de Guimar	ES	TF	1-3-----	0
ESPIT	Pitillas	ES	NA	1-3-----	0
ESPJC	Poliña Jucar	ES		1-------	0
ESPLC	Polanco	ES	S	1-------	0
ESPLI	Playa Ingles	ES	GC	1---5---	0
ESPMI	Palma de Mallorca	ES		12345---	0
ESPNY	Sant Antoni de Portmany	ES		1-------	0
ESPOR	Portugalete	ES		1-------	0
ESPPS	Puerto de Playa de Santiago	ES	TF	1---5---	0
ESPRE	Puerto Calero	ES	GC	123-56--	0
ESPRG	Puig-reig	ES		123--6--	0
ESPRO	Puerto Rosario	ES	GC	1---5---	0
ESPRT	Portosin	ES	C	123-56--	0
ESPSJ	Playa San Juan	ES	TF	1-------	0
ESPSL	Posada de Llanera	ES	LU	1-------	0
ESPSM	Puerto de Santa Maria	ES		1-------	0
ESPSO	Pola de Siero	ES	O	123-----	0
ESPTM	Puertomarin	ES	LU	1-3-----	0
ESPTN	Son (Puerto del Son)	ES	C	123-----	0
ESPUC	Puerto del Carmen	ES	GC	1-3-----	0
ESPVA	Puras	ES	VA	1----6--	0
ESPVG	Puerto de Vega	ES	O	1-3-----	0
ESQFU	Corralejo	ES		1--4----	0
ESQIS	Quismondo	ES		1-------	0
ESQIU	Ciudadela	ES		1--4----	0
ESQLY	Playa Blanca	ES		1-------	0
ESRA5	Rajadell	ES	B	1-3-----	0
ESRAL	Sarral	ES	T	1-3-----	0
ESRBI	Ribeira (Santa Uxia)	ES		1-3-----	0
ESRBS	Ribadesella	ES		1-------	0
ESRDA	Alcala del Rio	ES	SE	1----6--	0
ESRDE	Rubielos de Mora	ES	TE	1----6--	0
ESRDP	Renedo de Pielago	ES	S	1-------	0
ESREG	Rioseco de Guriezo	ES	S	1-------	0
ESRES	Casar de Cáceres	ES	CC	1-3-----	0
ESRIB	Ribadeo	ES		1-------	0
ESROM	El Rompido	ES	H	123-567-	0
ESRON	Lantaron	ES	S	1-------	0
ESROS	Rosas	ES		1-------	0
ESROT	Rota	ES		1-------	0
ESRPL	Ripoll	ES		123-----	0
ESRRS	Ferreras	ES		1-------	0
ESRTA	Rentería	ES	SS	1-3-----	0
ESRUE	Rueda	ES		1-3-----	0
ESRUM	Santo Angel	ES	MU	1-3-----	0
ESRUZ	Puerto de la Cruz	ES	TF	1-3-----	0
ESS8C	Santervas De Campos	ES	VA	1-------	0
ESS9S	Salinas de Oro	ES	NA	1-3-----	0
ESSAA	San Antonio	ES		1-------	0
ESSAD	Sada	ES		1-------	0
ESSAG	Sagunto	ES	V	123-----	0
ESSAP	San Pedro Pescador	ES	GI	123-----	0
ESSAS	San Asensio	ES		1-3-----	0
ESSAT	Salinetas	ES		1-------	0
ESSBT	San Bartolomé de Tirajana	ES	GC	1-3-----	0
ESSCI	San Ciprian	ES		1-------	0
ESSCR	San Carlos de la Rápita	ES	T	123-----	0
ESSCT	Santa Cruz de Tenerife	ES		1---5---	0
ESSDG	Sallent de Gallego	ES	HU	1-------	0
ESSDR	Santander	ES		1234----	0
ESSEO	San Esteban de Pravia	ES		1-------	0
ESSER	Serra	ES	V	1-------	0
ESSEW	Seña	ES	S	1-3-----	0
ESSFL	Sant Feliu de Llobregat	ES		123-----	0
ESSFO	San Fernando	ES	CA	123-----	0
ESSFU	Sant Feliu de Guixols	ES	GI	1-------	0
ESSGD	Santa Agueda	ES		1-------	0
ESSGT	San Agustin	ES		1-------	0
ESSID	San Isidro de Dueñas	ES	P	1-------	0
ESSIO	Casasimarro	ES	CU	123456--	0
ESSIS	Sils	ES	GI	1-------	0
ESSIT	Sitges	ES	B	123-----	0
ESSJ2	Sant Jordi	ES	PM	1-3-----	0
ESSJN	San Juan de Nivea	ES		1-------	0
ESSJO	Sant Joan Despí	ES		123-----	0
ESSL4	Sant Lluís	ES	PM	1----6--	0
ESSL8	Sobradelo	ES	PO	1----6--	0
ESSMD	Sant Miquel de Fluvià	ES	GI	1-------	0
ESSNR	Santurce	ES	BI	123-----	0
ESSO8	San Miguel Del Arroyo	ES	VA	1----6--	0
ESSOL	El Port	ES	PM	1-3-----	0
ESSOV	Sollana	ES	V	1-3-----	0
ESSP4	Sanguineda	ES	PO	1----6--	0
ESSPC	Santa Cruz de La Palma	ES	GC	1--4----	0
ESSPO	Santa Pola	ES		1-------	0
ESSPP	San Pedro del Pinatar	ES		1-------	0
ESSPQ	San Pedro Ceque	ES	ZA	1-------	0
ESSRH	San Román de Hornija	ES	VA	1----6--	0
ESSSG	San Sebastian de la Gomera	ES		1--4----	0
ESSTE	Santa Eulalia del Río	ES	PM	1-------	0
ESSUM	Sumarcarcer	ES		1-------	0
ESSUR	Santa Úrsula	ES	TF	1----6--	0
ESSVB	San Vicente de la Barquera	ES	S	1-3-----	0
ESSVI	San Vicente	ES	OR	1-------	0
ESSVQ	Sevilla	ES		12345---	0
ESSXX	Sangenjo	ES	PO	1-3-----	0
ESTAL	El Tarajal	ES	CO	1-------	0
ESTAR	Tarragona	ES		1234----	0
ESTAZ	Tazacorte	ES	TF	1-3-----	0
ESTBR	Tabara	ES	ZA	1-------	0
ESTBZ	Tabuenca	ES	Z	1----6--	0
ESTDC	Trobajo del Cerecedo	ES	LE	1-3-----	0
ESTDY	Tordoya	ES	C	1-------	0
ESTEM	Tembleque	ES	TO	1-3-----	0
ESTG2	Les Borges del Camp	ES	T	1----6--	0
ESTHO	Torre Horadada	ES	A	1-------	0
ESTJF	Tijarafe	ES	TF	1-3-----	0
ESTJI	La Tejita	ES		1-------	0
ESTJQ	Tejina	ES	TF	1----6--	0
ESTKG	Tossa (Tossa de Mar)	ES	GI	1-3-----	0
ESTMS	Torre de Miguel Sesmero	ES	BA	1-------	0
ESTO9	Palomeque	ES	TO	1-3-----	0
ESTOR	Torrevieja	ES		1-------	0
ESTOT	Tortosa	ES		1-------	0
ESTRE	Trebujena	ES	CA	1-------	0
ESTRF	Tarifa	ES	CA	1-------	0
ESTRR	Torredembarra	ES	T	1-------	0
ESTRU	Trubia	ES	O	123--6--	0
ESTRY	Real de Montroy	ES		1-------	0
ESTT2	La Selva del Camp	ES	T	1-3-----	0
ESTTO	Treto	ES		1-3-----	0
ESTVC	Tornavacas	ES	CC	1-------	0
ESUCC	Belmonte	ES	CU	1----6--	0
ESUIS	Ucieda	ES	S	1----6--	0
ESUNY	Avinyó	ES	B	1-------	0
ESURI	Llauri	ES		1-------	0
ESURZ	Urroz	ES		123-----	0
ESV7N	Vidania	ES	SS	1----6--	0
ESV8C	San Cristobal de Entrevinas	ES	ZA	1----6--	0
ESV8M	Villasana De Mena	ES	BU	1----6--	0
ESVBN	Villabona	ES	SS	123-----	0
ESVCC	Vallcarca	ES	B	1-3-----	0
ESVEZ	Rossburgh	ES	CL	1-------	0
ESVGO	Vigo	ES		1--4----	0
ESVGR	Valle Gran Rey	ES		1-------	0
ESVIL	Villagarcía de Arosa	ES	PO	1-3-----	0
ESVIT	Vitoria-Gasteiz	ES		1234----	0
ESVIV	Viveiro	ES	LU	123-----	0
ESVJO	Valera de Abajo	ES	CU	1----6--	0
ESVLC	Valencia	ES		12345---	0
ESVLG	Villanueva y Geltrú (Vilanova i la Geltrú)	ES	B	1-3-----	0
ESVVR	Vivares	ES	EX	1-------	0
ESVZM	Vizmalo	ES	BU	1----6--	0
ESVZO	Vimianzo	ES	C	1----6--	0
ESVZR	Vinaroz	ES		1-3-----	0
ESZ8N	Zalain	ES	NA	1----6--	0
ESZ8R	Echarri-Aranaz	ES	NA	1----6--	0
ESZAZ	Zaragoza	ES		1234----	0
ESZMF	Sauzal	ES	TF	1----6--	0
ESZUE	Zuera	ES		123-----	0
ESZZ4	Villaflor	ES	ZA	1-3-----	0
FIAHL	Alholmen	FI		1-------	0
FIAJO	Ajos	FI		1-------	0
FIAKK	Asikkala	FI	04	1----6--	0
FIBAR	Baronsalmi	FI		1-------	0
FIBRA	Brändö	FI	01	1-------	0
FIBRO	Bromarv	FI	18	1-3-----	0
FIDEG	Degerby	FI	18	1-3-----	0
FIDLS	Dalsbruk (Taalintehdas)	FI	19	1-------	0
FIDRA	Dragsfjärd	FI	19	1-------	0
FIECK	Eckerö	FI	01	1------B	0
FIEJO	Eurajoki (Euraåminne)	FI	17	1-------	0
FIEM2	Elämäjärvi	FI	08	1-3-----	0
FIENK	Enonkoski	FI	04	1-3-----	0
FIESP	Esbo (Espoo)	FI	18	1-3--6--	0
FIFAR	Färjsundet	FI	01	1-------	0
FIFOG	Föglö	FI	01	1-------	0
FIFOR	Förby	FI	19	1-------	0
FIGDB	Gottby (Godby)	FI	01	1-------	0
FIGUL	Gullö	FI	18	1-3-----	0
FIHAK	Hakkola	FI	03	1-3-----	0
FIHAL	Halonen	FI	10	1-3-----	0
FIHAO	Hailuoto	FI	14	1-------	0
FIHAR	Harvaluoto	FI	01	1-------	0
FIHAU	Haukipudas	FI	14	1-------	0
FIHEL	Helsingfors (Helsinki)	FI	18	1-------	0
FIHIM	Himanka	FI		1-3-----	0
FIHIT	Hiitinen	FI		1-------	0
FIHKO	Hangö (Hanko)	FI	18	1-------	0
FIHMA	Himankakylä	FI	07	1-3-----	0
FIHMN	Fredrikshamn (Hamina)	FI	09	1-------	0
FIHOG	Högsåra	FI	19	1-3-----	0
FIHOU	Houtskari (Houtskär)	FI	19	1-------	0
FIHVM	Hirvensalmi	FI		1-3-----	0
FIIIS	Idensalmi (Iisalmi)	FI	15	123-----	0
FIIMA	Imatra	FI	02	123----B	0
FIINI	Iniö	FI	19	1-------	0
FIINK	Ingå (Inkoo)	FI	18	1-------	0
FIISN	Isnäs	FI	18	1-------	0
FIJAN	Janakkala	FI	06	1-------	0
FIJOE	Joensuu	FI	13	1234----	0
FIJOU	Joutseno	FI	02	123-----	0
FIJUK	Juuka	FI	13	1----6--	0
FIJUS	Jussaro	FI		1-------	0
FIJYV	Jyväskylä	FI	08	1234----	0
FIKAN	Kantlax (Kaitalahti)	FI	12	1-3-----	0
FIKAS	Kaskinen (Kaskö)	FI	19	1-------	0
FIKEM	Kemi/Torneå (Kemi/Tornio)	FI	10	1-34----	0
FIKES	Kesälahti	FI	13	123-----	0
FIKIM	Kemiö (Kimito)	FI	19	1-------	0
FIKIR	Kirkniemi	FI	18	1-3-----	0
FIKJO	Kalajoki	FI	14	1-------	0
FIKK5	Kalliola	FI	04	1-3-----	0
FIKKR	Kökar	FI	01	1-------	0
FIKKV	Koskenkorva	FI	03	1----6--	0
FIKLA	Klamila	FI	09	1-3-----	0
FIKLV	Kallviken	FI		1-------	0
FIKNT	Kantvik	FI	18	1-------	0
FIKOJ	Kojonkulma	FI	19	1-------	0
FIKOK	Karleby (Kokkola)	FI	07	123-----	0
FIKOR	Korpo (Korppoo)	FI	19	1-------	0
FIKPL	Kaipola	FI	04	123-----	0
FIKRO	Kronvik	FI	12	1-------	0
FIKRS	Kristiinankaupunki (Kristinestad)	FI	12	1-------	0
FIKSN	Kasnäs	FI	19	1-------	0
FIKTK	Kotka	FI	09	123----B	0
FIKTQ	Kitee	FI	13	1--4----	0
FIKUM	Kumlinge	FI	01	1-------	0
FIKUO	Kuopio	FI	15	1234----	0
FIKUR	Kuru	FI	11	1-3-----	0
FIKUS	Gustavs (Kustavi)	FI	19	1-------	0
FIKVH	Koverhaara (Koverhar)	FI	18	1-------	0
FILAK	Lakulahti	FI		1-------	0
FILAN	Långnäs	FI	01	1------B	0
FILAP	Lappohja (Lappvik)	FI	18	1-------	0
FILHO	Halosenlahti	FI		1-------	0
FILLO	Lapaluoto	FI	14	1-3-----	0
FILLX	Lielax	FI	19	1-------	0
FILOV	Loviisa (Lovisa)	FI	18	1-------	0
FILPJ	Lappajärvi	FI		1-------	0
FILPP	Lappeenranta (Villmanstrand)	FI	02	1234---B	0
FILSK	Lindkoski	FI	18	1----6--	0
FILUA	Luumäki	FI	02	123-----	0
FILUK	Laukaa	FI	08	123--6--	0
FILUV	Luvia	FI	17	1-------	0
FILVB	Lövböle	FI	19	1-------	0
FIMAA	Maaninka	FI	15	1-3-----	0
FIMER	Merikarvia (Sastmola)	FI	17	1-------	0
FIMHQ	Maarianhamina (Mariehamn)	FI	01	1--4----	0
FIMIK	Mikkeli (Sankt Michel)	FI	04	1234----	0
FIMRS	Marsund	FI	01	1-3-----	0
FIMTY	Mäntyluoto	FI	17	123-----	0
FIMUL	Multia	FI	08	1-------	0
FIMUN	Munsala	FI	12	1-------	0
FIMUS	Mustola	FI	02	1-------	0
FINAU	Nagu (Nauvo)	FI	19	1-------	0
FINLI	Naantali (Nådendal)	FI	19	1-------	0
FINLS	Nilsia	FI	15	1-------	0
FINOU	Nousiainen (Nousis)	FI	19	1-3-----	0
FINUR	Nurmes	FI	13	123-----	0
FIOLK	Olkiluoto	FI	17	1-------	0
FIOUL	Oulu (Uleåborg)	FI	14	1234----	0
FIPAA	Parola	FI	06	1-3-----	0
FIPAH	Parhalahti	FI	14	1----6--	0
FIPAR	Parainen (Pargas)	FI	19	1-------	0
FIPER	Pernaja (Pernå)	FI	18	1-------	0
FIPK9	Piikkiö	FI	19	1----6--	0
FIPNL	Pennala	FI	13	1-------	0
FIPOH	Pohjankuru (Skuru)	FI	18	1-------	0
FIPOR	Björneborg (Pori)	FI	17	1-34----	0
FIPRK	Parikkala	FI	02	123-----	0
FIPRS	Jakobstad (Pietarsaari)	FI	12	123-----	0
FIPRV	Borgå (Porvoo)	FI	18	1-------	0
FIPSI	Poitsila	FI	09	123-----	0
FIPT2	Pihtipudas	FI	08	1-3-----	0
FIPUH	Puhos	FI	13	1-------	0
FIPUU	Puumala	FI	04	1-------	0
FIRAA	Brahestad (Raahe)	FI	14	1-------	0
FIRAU	Rauma (Raumo)	FI	17	123----B	0
FIREP	Reposaari	FI		1-3-----	0
FIRHU	Rouhu	FI		1-------	0
FIRIS	Ristiina	FI	04	1-------	0
FIROY	Röyttä	FI		1-------	0
FIRTR	Rautaruukki	FI	14	1-------	0
FIRUI	Ruovesi	FI	11	1-3-----	0
FIRUO	Ruotsinpyhtää (Strömfors)	FI	18	1-------	0
FIRVN	Rovaniemi	FI	10	1234----	0
FIRYM	Rimito (Rymättylä)	FI	19	1-------	0
FISAL	Salo	FI	19	1-------	0
FISAN	Sandö (Santasaari)	FI	19	1-3-----	0
FISAR	Finby (Särkisalo)	FI	18	1-3-----	0
FISBG	Suomenlinna (Sveaborg)	FI	18	1-------	0
FISII	Siilinjärvi	FI	15	123-----	0
FISIP	Sibbo (Sipoo)	FI	18	1-------	0
FISKB	Skogby	FI	18	1-------	0
FISKI	Skinnarvik	FI	19	1-3-----	0
FISKU	Skutviken	FI		1-------	0
FISKV	Kilpilahti (Sköldvik)	FI	18	1-------	0
FISLY	Siltakylä (Broby)	FI	09	1-3-----	0
FISMA	Summa	FI	09	1-3-----	0
FISNA	Snappertuna	FI	18	1-3-----	0
FISSI	Särkisalmi	FI	02	123-----	0
FISTR	Strömma	FI	19	1-------	0
FISUL	Sunila	FI	09	1-------	0
FISVK	Sulkava	FI	18	1----6--	0
FISVL	Nyslott (Savonlinna)	FI	04	1234----	0
FITAI	Ekenäs (Tammisaari)	FI	18	1-------	0
FITEI	Teijo	FI	19	1-------	0
FITES	Tessvär	FI	19	1-3-----	0
FITHK	Tahkoluoto	FI		1-------	0
FITJO	Tessjö (Tesjoki)	FI	18	1-------	0
FITKU	Turku (Åbo)	FI	19	1-34----	0
FITMP	Tammerfors (Tampere)	FI	17	12-4---B	0
FITOJ	Töjby	FI	12	1-3-----	0
FITOK	Tolkis (Tolkkinen)	FI	18	1-------	0
FITOR	Torneå (Tornio)	FI	10	1-------	0
FITOT	Tottesund	FI	12	1-------	0
FITSD	Tervsund	FI		1-------	0
FITVA	Tvärminne	FI	18	1-3-----	0
FITVS	Taivassalo (Tövsala)	FI	19	1-------	0
FIUIM	Uimaharju	FI	13	123-----	0
FIUKI	Nystad (Uusikaupunki)	FI	19	1-------	0
FIUKP	Nykarleby (Uusikaarlepyy)	FI	12	1-------	0
FIULV	Ulvila	FI	17	123-----	0
FIUSK	Uskila	FI	11	1-3-----	0
FIUUS	Uusi-Valamo/Heinävesi	FI	04	1-3-----	0
FIVAA	Vaasa (Vasa)	FI	12	1-34----	0
FIVAR	Vartsala	FI	19	1-3-----	0
FIVAS	Vestlax	FI	19	1-3-----	0
FIVEI	Veitsiluoto	FI	10	1-------	0
FIVEL	Velkua	FI	19	1-------	0
FIVIR	Varpuniemi (Kello)	FI	10	1-3-----	0
FIVJK	Varjakka	FI	14	1-------	0
FIVKO	Valko (Valkom)	FI	18	1-3-----	0
FIVKT	Vuoksen Terminal	FI	02	123-----	0
FIVRA	Virrat (Virdois)	FI	11	123-----	0
FIVRK	Varkaus	FI	15	1234---B	0
FIVSS	Vuosaari (Nordsjö)	FI	18	1-------	0
FIVTF	Västanfjärd	FI	19	1-3-----	0
FIWAS	Vasklot (Vaskiluoto)	FI	12	1-3-----	0
FIYXP	Yxpila	FI		123-----	0
FIZBQ	Perttula	FI	18	1-3-----	0
FJDEN	Denarau	FJ	11	1-3--6--	0
FJELL	Ellington Wharf	FJ		1-------	1
FJLBS	Labasa	FJ	07	1--4----	0
FJLTK	Lautoka	FJ	01	123-----	0
FJMAL	Malau (Labasa)	FJ		1-3-----	0
FJMOM	Momi	FJ		123-----	0
FJNAM	Nambouwalu	FJ		1-3-----	0
FJRTA	Rotuma	FJ		1--4----	0
FJSIN	Singatoka	FJ		1-3-----	0
FJSUV	Suva	FJ	12	1--45---	0
FJSVU	Savusavu	FJ		1--4----	0
FJVAT	Vatia Wharf	FJ		1-3-----	0
FJVUD	Vuda	FJ		1-------	0
FJWAI	Wairiki	FJ		1-------	0
FKFBE	Fox Bay	FK		1---5---	0
FKPSY	Port Stanley	FK		1--4----	0
FMEAU	Eauripik Atoll	FM	YAP	1-------	0
FMFSI	Faisi	FM		1-------	0
FMGAF	Gaferut Atoll	FM	YAP	1-------	0
FMIFA	Ifalik Atoll	FM	YAP	1-------	0
FMKSA	Kosrae (ex Kusaie)	FM		1--4----	0
FMLUK	Lukunor Atoll	FM	TRK	1-------	0
FMNGA	Ngatik	FM	PNI	1-------	0
FMPLW	Puluwat	FM	TRK	1-------	0
FMPNI	Pohnpei (ex Ponape)	FM		1--4----	0
FMPUL	Pulap Island	FM	TRK	1-------	0
FMSAT	Satawal	FM	YAP	1-------	0
FMSOR	Sorol Atoll	FM	YAP	1-------	0
FMTKK	Chuuk (ex Truk)	FM		1--4----	0
FMWOL	Woleai Atoll	FM	YAP	1-------	0
FMYAP	Yap	FM		1--4----	0
FOEDI	Eidi	FO		1-------	0
FOFUG	Fuglafjørdur	FO		1-------	0
FOHUS	Husevig	FO		1-------	0
FOHYV	Hoyvik	FO		1-3-----	0
FOKOL	Kollafjördur	FO		1-3-----	0
FOKVI	Klaksvik	FO		1-------	0
FOLOP	Lopra	FO		1-------	0
FONLS	Nólsoy	FO		1-3-----	0
FONSK	Norÿskáli	FO		1-------	0
FORVK	Runavík	FO		1-3-----	0
FOSJO	Sjovar havn	FO		1-------	0
FOSKA	Skáli	FO		1-3-----	0
FOSMJ	Solmundefjord	FO		1-------	0
FOSRV	Sorvágur	FO		1-------	0
FOSTR	Strendur	FO		1-------	0
FOSYN	Streymnes	FO		1-3-----	0
FOTHO	Thorshavn	FO		1-------	0
FOTOF	Toftir	FO		1-------	0
FOTOR	Tórshavn	FO		1----6--	0
FOTVO	Tvoroyri	FO		1-------	0
FOVAG	Vágur	FO		1-3-----	0
FOVES	Vestmanhavn	FO		1-------	0
FOVID	Vadair	FO		1-------	0
FR33G	Plassac	FR	33	1----6--	0
FR3CG	Bessan	FR	34	1----6--	0
FR43H	Olonzac	FR	34	1----6--	0
FR4MM	Malestroit	FR	56	1-3-----	0
FR4PS	Plessé	FR	44	1----6--	0
FR4S4	Saint-André-de-la-Roche	FR	06	1----6--	0
FR4VA	Villesèquelande	FR	11	1-3-----	0
FR5EP	Épervans	FR	71	1----6--	0
FR5TB	Saint-Trojan-les-Bains	FR	17	1-3-----	0
FR69R	Chasselay	FR	69	1----6--	0
FR8AY	Uzemain	FR	88	1-3-----	0
FR8GT	Guitalens-l'Albarède	FR	81	123456--	0
FR8LV	Landunvez	FR	29	1-3-----	0
FR9AV	Vadencourt	FR	02	123456--	0
FR9DS	Dieue-Sur-Meuse	FR	55	1----6--	0
FR9SS	Ressons-le-Long	FR	02	1----6--	0
FRA84	Aubais	FR	30	1----6--	0
FRA86	Achery	FR	02	1-3-----	0
FRAA2	Asnelles	FR	14	1-3-----	0
FRAAH	Apach	FR	57	1-3-----	0
FRAAI	Bouliac	FR	33	1----6--	0
FRAAO	Aramon	FR	30	123-----	0
FRABA	Rabastens	FR	81	123-----	0
FRABB	Abbeville	FR	80	12-4----	0
FRAD5	Tourouzelle	FR	11	1----6--	0
FRADB	Andernos-les-Bains	FR	33	1-3-----	0
FRAEO	Auvers-sur-Oise	FR	95	123-----	0
FRAGF	Agen	FR	47	12-4----	0
FRAGK	Le Cap-d'Agde	FR	34	1-3-----	0
FRAIQ	Audruicq	FR	62	1-3-----	0
FRAJA	Ajaccio	FR	2A	1--45---	0
FRAJK	Brasles	FR	02	1----6--	0
FRAJR	Argeliers	FR	11	1-3-----	0
FRAMI	Amiens	FR	80	12------	0
FRAMS	Ambès	FR	33	1-3-----	0
FRANO	Langon	FR	33	123--6--	1
FRANT	Antibes	FR	06	1-3-----	1
FRAO7	Chardonnay	FR	71	1----6--	0
FRAQS	Asnières-sur-Seine	FR	92	1-3-----	0
FRAQX	Redessan	FR	30	1----6--	0
FRARC	Arcachon	FR	33	1234----	0
FRARD	Ardres	FR	62	1-3-----	0
FRARJ	Puyricard	FR	13	1----6--	0
FRARR	Arras	FR	62	12345---	0
FRAUD	Audierne	FR	29	1-3-----	0
FRAUF	Auxerre	FR	89	12------	0
FRAVN	Avignon	FR	84	12-4----	0
FRAWS	Aiserey	FR	21	1-3-----	0
FRAXY	Argancy	FR	57	123-----	0
FRAYT	Aytré	FR	17	123-----	0
FRAYW	Ay	FR	51	123-----	0
FRB6P	Beaumont-de-Pertuis	FR	84	1----6--	0
FRBAI	Indre	FR	44	1-3-----	0
FRBAS	Bassens	FR	33	12------	0
FRBAU	Boucau	FR	64	123-----	0
FRBAV	Bavilliers	FR	90	1-3-----	0
FRBAY	Bayonne	FR	64	1234----	0
FRBBB	Val d'Oust	FR	56	1-3-----	0
FRBCA	Beaucaire	FR	30	123-----	0
FRBCJ	Le Barcarès	FR	66	1-3-----	0
FRBCQ	Boissettes	FR	77	123-----	0
FRBDD	Bidart	FR	64	1-3--6--	0
FRBEP	Brazey-en-Plaine	FR	21	123-----	0
FRBES	Brest	FR	29	1234----	0
FRBET	Béthune	FR	62	12------	0
FRBEV	Berville-sur-Mer	FR	27	1-------	0
FRBFT	Botans	FR	90	123-----	0
FRBG2	Saint-Bonnet-sur-Gironde	FR	17	1----6--	0
FRBG6	Hiers-Brouage	FR	17	1-3-----	0
FRBH4	Bourcefranc-le-Chapus	FR	17	1-------	0
FRBHC	Bouchain	FR	59	1----6--	0
FRBIA	Bastia	FR	2B	1-345---	0
FRBIQ	Biarritz	FR	64	1234----	0
FRBKD	Roquefort-des-Corbières	FR	11	1----6--	0
FRBLD	Bar-le-Duc	FR	55	12------	0
FRBLF	Balaruc-les-Bains	FR	34	1-3-----	0
FRBM3	La Beaumette	FR	06	1----6--	0
FRBM7	Bernières-sur-Mer	FR	14	1-3-----	0
FRBM8	Bricqueville-sur-Mer	FR	50	1-------	0
FRBMT	Beaumont-sur-Oise	FR	95	123-----	0
FRBN2	Binic	FR	22	1-3-----	0
FRBN4	Le Bonhomme	FR	85	1-------	0
FRBOD	Bordeaux	FR	33	12345---	0
FRBOI	Bouguenais	FR	44	123-----	0
FRBOL	Boulogne-sur-Mer	FR	62	12------	0
FRBON	Bonifacio	FR	2A	1-------	0
FRBPS	Blénod-lès-Pont-à-Mousson	FR	54	123-----	0
FRBQA	Bauvin	FR	59	123-----	0
FRBQH	La Bussière-sur-Ouche	FR	21	1-3-----	0
FRBQT	Brebotte	FR	90	1-3-----	0
FRBR5	La Barbotière	FR	33	1-------	0
FRBRQ	Brebières	FR	62	123-----	0
FRBSC	Bonsecours	FR	76	1-------	0
FRBSM	Bonneuil-sur-Marne	FR	94	1-3-----	0
FRBSN	Besançon	FR	25	123-5---	0
FRBTU	Betton	FR	35	123-----	0
FRBXO	Bollène	FR	84	1-3-----	0
FRBYE	Blaye	FR	33	1-3-----	0
FRC26	Chanos-Curson	FR	26	1----6--	0
FRC2H	Chausey	FR	50	1-------	0
FRC2P	Capo Pertusato	FR	2A	1-------	0
FRCA2	Cuxac-d'Aude	FR	11	1----6--	0
FRCAW	Cabourg	FR	14	1-3-----	0
FRCBT	Capbreton	FR	40	1-3-----	0
FRCC4	Chassey-le-Camp	FR	71	1----6--	0
FRCCK	Cantois	FR	33	1----6--	0
FRCCN	Cérons	FR	33	123-----	0
FRCCP	Cubzac-les-Ponts	FR	33	123-----	0
FRCDH	Castets-en-Dorthe	FR	33	1-3-----	0
FRCDX	Capendu	FR	11	123-----	0
FRCEQ	Cannes	FR	06	12-4----	0
FRCER	Cherbourg-en-Cotentin	FR	50	12-4----	0
FRCFG	Châteauneuf-le-Rouge	FR	13	1-3--6--	0
FRCFR	Caen	FR	14	1234----	0
FRCGF	Le Sourn	FR	56	1----6--	0
FRCHM	Charleville-Mézières	FR	08	12------	0
FRCIJ	Le Cailar	FR	30	1----6--	0
FRCJO	Cepoy	FR	45	1-3-----	0
FRCKT	Cruet	FR	73	1----6--	0
FRCKY	Cancale	FR	35	1-3-----	0
FRCL2	La Cerlangue	FR	76	1----6--	0
FRCLY	Calvi	FR	2B	1--4----	0
FRCM4	Charly-sur-Marne	FR	02	1----6--	0
FRCMC	Chamblanc	FR	21	1-3-----	0
FRCMP	Compiègne	FR	60	12------	0
FRCMR	Colmar	FR	68	12-4----	0
FRCMT	Chaumont	FR	52	12------	0
FRCN5	Centuri	FR	2B	1-3-----	0
FRCN6	Le Controis-en-Sologne	FR	41	1-3--6--	0
FRCNG	Cognac	FR	16	12-4----	0
FRCOC	Concarneau	FR	29	12------	0
FRCOZ	Caronte	FR	13	1-3-----	0
FRCP3	Capinghem	FR	59	1----6--	0
FRCQ4	Locmariaquer	FR	56	1-3-----	0
FRCQD	Cendrecourt	FR	70	123-----	0
FRCQF	Calais	FR	62	12-45---	0
FRCQG	Caumont-sur-Garonne	FR	47	1-3-----	0
FRCQN	Château-Landon	FR	77	1-3-----	0
FRCQQ	Caplong	FR	33	1----6--	0
FRCQR	Cruscades	FR	11	1----6--	0
FRCR4	Créancey	FR	21	1----6--	0
FRCRL	Creil	FR	60	12------	0
FRCS2	La Chapelle-Saint-Sauveur	FR	71	1----6--	0
FRCS5	Chenac-Saint-Seurin-d'Uzet	FR	17	1----6--	0
FRCSD	Crêches-sur-Saône	FR	71	123-----	0
FRCSM	Châlons-en-Champagne	FR	51	12------	0
FRCSS	Chalon-sur-Saône	FR	71	12-4----	0
FRCT2	Coustellet	FR	84	1----6--	0
FRCT4	Chaillevette	FR	17	1-3-----	0
FRCXA	Chatillon-Saint-Jean	FR	26	1-------	0
FRCXS	Châtillon-sur-Loire	FR	45	1-3-----	0
FRCXY	Cordemais	FR	44	1-------	0
FRCYI	Chamilly	FR	71	1-------	0
FRDAD	Saint-Martin-d'Ardèche	FR	07	1-------	0
FRDAL	Dallon	FR	02	1-3-----	0
FRDAS	Saint-Martin-d'Ablois	FR	51	1-------	0
FRDBE	Bénodet	FR	29	1-3-----	0
FRDC2	Cheminas	FR	07	1-------	0
FRDCG	Saint-Cast-le-Guildo	FR	22	1-3-----	0
FRDCJ	Saint-Christoly-Médoc	FR	33	1----6--	0
FRDDR	Deyme	FR	31	1-3-----	0
FRDEI	Denneville	FR	50	1-------	0
FRDEN	Denain	FR	59	123-----	0
FRDGD	Damgan	FR	56	1-3-----	0
FRDIJ	Dijon	FR	21	12-4----	0
FRDKK	Dunkerque	FR	59	12--5---	0
FRDLJ	L'Île-d'Olonne	FR	85	1----6--	0
FRDML	Dom-le-Mesnil	FR	08	123-----	0
FRDMS	Dormans	FR	51	123-----	0
FRDMV	Demangevelle	FR	71	1----6--	0
FRDNJ	Dions	FR	84	1----6--	0
FRDNZ	Billy-le-Grand	FR	51	1----6--	0
FRDOL	Deauville	FR	14	1--4----	0
FRDON	Donges	FR	44	12----7-	0
FRDPE	Dieppe	FR	76	12-4----	0
FRDRZ	Douarnenez	FR	29	1-------	0
FRDUT	Lanildut	FR	29	1-------	0
FRDVT	Darvault	FR	77	123-----	0
FRDXG	Le Lion-d'Angers	FR	49	1-3-----	0
FRDXZ	Pupillin	FR	39	1----6--	0
FRDYJ	Moidrey	FR	50	1----6--	0
FRE29	Etel	FR	56	1-3-----	0
FRE7M	Le Martelet	FR	71	1----6--	0
FRECI	Écuelles	FR	77	1-3-----	0
FREDU	Dieulouard	FR	54	123-----	0
FREEX	Vereux	FR	70	1-3-----	0
FREFG	Bonnelles	FR	78	1----6--	0
FREFR	Châteauneuf-de-Gadagne	FR	84	1----6--	0
FREG5	Vallabrègues	FR	30	1----6--	0
FREGE	Labège	FR	31	123-----	0
FREGG	Épagne-Épagnette	FR	80	1-3-----	0
FREGR	Segré	FR	49	1-3-----	0
FREHA	Bréhan	FR	56	123-----	0
FREHN	Le Chesne	FR	08	1-3-----	0
FREHU	Ercheu	FR	80	1-3-----	0
FREHY	Brethenay	FR	52	1-3-----	0
FREIO	Étiolles	FR	91	1-3-----	0
FREM2	Essômes-sur-Marne	FR	02	1----6--	0
FREMR	Porquerolles	FR	83	1----6--	0
FRENC	Nancy	FR	54	12-45---	0
FREP5	Épineuil	FR	89	1----6--	0
FREQN	Le Quesne	FR	56	1-------	0
FRER4	Érôme	FR	26	1----6--	0
FRER5	Cers	FR	34	1-------	0
FRESB	Esbly	FR	77	123-----	0
FRESM	Étalondes	FR	76	1-------	0
FRET2	Etretat	FR	76	1-------	0
FRETA	Étalans	FR	25	123-----	0
FRETB	Berre-l'Étang	FR	13	123-----	0
FREUI	Lérouville	FR	55	1-3-----	0
FREVD	Pléneuf-Val-André	FR	22	1-3-----	0
FREVR	Évry	FR	91	12------	0
FREXS	Estaires	FR	59	1-3-----	0
FREYZ	Eyrein	FR	19	1-------	0
FREZX	Comps	FR	33	1----6--	0
FRF29	Pont-Aven	FR	29	1----6--	0
FRF2V	Fermanville	FR	50	1-------	0
FRF3M	Fresnes-sur-Marne	FR	77	1-3-----	0
FRFA3	Francueil	FR	37	1-------	0
FRFAU	Fresnes-sur-Escaut	FR	59	1-------	0
FRFAX	Boncourt-le-Bois	FR	21	1----6--	0
FRFBH	Monfaucon	FR	24	1----6--	0
FRFBI	Fougères-sur-Bièvre	FR	41	1-------	0
FRFBL	Fublaines	FR	77	1-3-----	0
FRFDR	Fraissé-des-Corbières	FR	11	1-------	0
FRFEC	Fécamp	FR	76	12------	0
FRFEY	Feyzin	FR	69	12----7-	0
FRFIE	Fontafie	FR	16	1-------	0
FRFMA	Fumay	FR	08	1-3-----	0
FRFNS	Flins	FR	78	1-3-----	0
FRFOP	Fontaine-le-Port	FR	77	123-----	0
FRFOS	Fos-sur-Mer	FR	13	123---7-	0
FRFS4	Saint-Pair-sur-Mer	FR	50	1-3-----	0
FRFTB	Fort-Batard	FR	62	1-3-----	0
FRFTJ	Les Fougerêts	FR	56	1----6--	0
FRFUL	Feuillères	FR	80	1-3-----	0
FRFUS	Fouesnant	FR	29	1-3--6--	0
FRG2X	Groix	FR	56	1-------	0
FRG33	La Rivière	FR	33	1----6--	0
FRG63	Pérignat-lès-Sarliève	FR	63	1----6--	0
FRG8R	Chusclan	FR	30	1----6--	0
FRG8V	Glaire-et-Villette	FR	08	1-------	0
FRGAO	Gigny-sur-Saône	FR	71	1-3-----	0
FRGB2	Guéthary	FR	64	1-3-----	0
FRGBQ	Guarbecque	FR	62	1-------	0
FRGCH	Guichen	FR	35	1-------	0
FRGCP	Grandcamp-Maisy	FR	14	1-3-----	0
FRGDM	La Grande-Motte	FR	34	1-3-----	0
FRGDS	Grande-Synthe	FR	59	123-----	0
FRGEW	Gueberschwihr	FR	68	1-------	0
FRGFR	Granville	FR	50	12-4----	0
FRGFV	Lavigny	FR	39	1-------	0
FRGHD	Geudertheim	FR	67	1----6--	0
FRGHG	La Hague	FR	50	1-3-----	0
FRGHT	Scharrachbergheim	FR	67	1----6--	0
FRGJN	Mutigny	FR	51	1----6--	0
FRGLA	Les Angles	FR	30	123-----	0
FRGLO	Gonfreville-l'Orcher	FR	76	1-----7-	0
FRGMS	Gujan-Mestras	FR	33	123-----	0
FRGNY	Grigny	FR	91	123-----	0
FRGON	Saint-Géréon	FR	44	123-----	0
FRGPI	Saint-Léger-le-Petit	FR	18	1-3-----	0
FRGPO	Grand-Fort-Philippe	FR	59	1-3-----	0
FRGRV	Gravelines	FR	59	1-------	0
FRGSU	Morsang-sur-Seine	FR	91	123-----	0
FRGT3	Louailles	FR	72	1----6--	0
FRGTN	Genets	FR	50	1-3-----	0
FRGUR	Gauriac	FR	33	1-------	0
FRGUZ	Bouzigues	FR	34	1-3-----	0
FRGV6	Gravette	FR	44	1-------	0
FRGVL	Gennevilliers	FR	92	12------	0
FRGXE	Guenrouet	FR	44	1-3-----	0
FRGXY	Gergy	FR	71	1-3-----	0
FRH57	Hartzviller	FR	57	1----6--	0
FRH67	Hohwarth	FR	67	1----6--	0
FRHAO	Chaumousey	FR	88	1-3-----	0
FRHBV	Heudebouville	FR	27	123-----	0
FRHDO	Hoedic	FR	56	1-------	0
FRHEJ	Puyguilhem	FR	24	1----6--	0
FRHET	Hennebont	FR	56	1-------	0
FRHEY	Chessy	FR	77	123-----	0
FRHIY	Chierry	FR	02	123--6--	0
FRHJK	Bonnencontre	FR	21	1----6--	0
FRHMX	Île-de-Batz	FR	29	1-------	0
FRHOG	Hombourg	FR	68	1----6--	0
FRHON	Honfleur	FR	14	12345---	0
FRHOP	Hopital-Camfrout	FR	29	1-3-----	0
FRHOT	Île-d'Houat	FR	56	1-------	0
FRHPY	Chipilly	FR	80	1-3-----	0
FRHRA	Soing-Cubry-Charentenay	FR	70	1-3-----	0
FRHRF	Harfleur	FR	76	1-------	0
FRHRN	Harnes	FR	62	1-------	0
FRHS2	Haisnes	FR	62	1----6--	0
FRHSA	Hauteville-sur-Mer	FR	50	1-------	0
FRHSG	Hossegor	FR	40	1-------	0
FRHSN	Le Theil-sur-Huisne	FR	61	123-----	0
FRHTI	Taden	FR	22	1-3-----	0
FRHUN	Huningue	FR	68	123-----	0
FRHV2	Hautvillers	FR	51	1----6--	0
FRHY9	Cheny	FR	89	1----6--	0
FRHYD	Bligny	FR	10	1----6--	0
FRHYJ	Prinquiau	FR	44	1----6--	0
FRHYR	Hyères	FR	83	1-3-----	0
FRHZK	Crestet	FR	84	1----6--	0
FRIAV	Saint-Savinien	FR	17	123-----	0
FRIBA	La Vôge-les-Bains	FR	88	1-3-----	0
FRIDX	Ile-d'Aix	FR	17	1-------	0
FRIDY	L'Île-d'Yeu	FR	85	1--4----	0
FRIEC	Riec-sur-Bélon	FR	29	1-3-----	0
FRIGS	Ingrandes	FR	49	123-----	0
FRIHR	Île-de-Bréhat	FR	22	1-------	0
FRIHS	Biaches	FR	80	123-----	0
FRIHT	Richemont	FR	57	1-3-----	0
FRILR	L'Île-Rousse	FR	2B	1-------	0
FRILS	Morainvilliers	FR	78	1-------	0
FRIOU	Issou	FR	78	1-3-----	0
FRIRT	Bissert	FR	67	1-3-----	0
FRIS4	Île-de-Sein	FR	29	1-------	0
FRISG	Isle-Saint-Georges	FR	33	1----6--	0
FRISM	Isigny-sur-Mer	FR	14	1-3-----	0
FRIUS	Les Trois Lacs	FR	27	1-3-----	0
FRIXY	Igney	FR	88	1-3-----	0
FRIY8	Chauffour	FR	71	1----6--	0
FRIZO	Izon	FR	33	1-------	0
FRJAV	Javrezac	FR	16	1----6--	0
FRJFM	Ondes	FR	31	1-3-----	0
FRJKI	Hordain	FR	59	1----6--	0
FRJLP	Juan-les-Pins	FR	06	1-34----	0
FRJMQ	Combertault	FR	21	1----6--	0
FRJPL	Virey	FR	71	1----6--	0
FRJUU	Jouarre	FR	77	1-3-----	0
FRJYS	La Penne-sur-Ouveze	FR	26	1----6--	0
FRKAQ	Saint-Julien-de-Chédon	FR	41	1----6--	0
FRKLO	Ponte Leccia	FR	2B	1----6--	0
FRKLU	Muides-sur-Loire	FR	41	1----6--	0
FRKLY	Cruzy	FR	34	1----6--	0
FRKRE	Kerlouan	FR	29	1-------	0
FRKRZ	Reigny	FR	18	1----6--	0
FRL49	Liré	FR	49	1----6--	0
FRL5T	Lignières-de-Touraine	FR	37	1-------	0
FRL83	La Moutonne	FR	83	1-------	0
FRLA4	Lauris	FR	84	1-------	0
FRLA5	Lauraguel	FR	11	1-------	0
FRLAD	l'Ardoise	FR	30	123-----	0
FRLAI	Lannion	FR	22	1--4----	0
FRLAV	Lavéra	FR	13	12------	0
FRLBD	La Bassée	FR	59	123--6--	0
FRLCR	Le Creusot	FR	71	12------	0
FRLCT	La Ciotat	FR	13	1-------	0
FRLD2	Logonna-Daoulas	FR	29	1-3-----	0
FRLDN	Landerneau	FR	29	1-------	0
FRLEH	Le Havre	FR	76	12345---	0
FRLEZ	Lézardrieux	FR	22	1-------	0
FRLF2	Lège-Cap-Ferret	FR	33	1-3-----	0
FRLFR	Le Fret	FR	29	1-3-----	0
FRLGM	Lagny-sur-Marne	FR	77	1-3-----	0
FRLGQ	Le Grand-Quevilly	FR	76	123-----	0
FRLGR	Le Grau-du-Roi	FR	30	1-3-----	0
FRLGU	le Guildo	FR	22	1-------	0
FRLIB	Libourne	FR	33	1-------	0
FRLIO	Lyon	FR	69	12345---	0
FRLIS	L'Isle-sur-la-Sorgue	FR	84	123-----	0
FRLJG	Illange	FR	57	1----6--	0
FRLKJ	Campouriez	FR	12	1----6--	0
FRLKL	Lesconil	FR	29	1-3-----	0
FRLKZ	Concoeur-et-Corboin	FR	21	1----6--	0
FRLLE	Lille	FR	59	12345---	0
FRLLW	Villevallier	FR	89	1-3-----	0
FRLMD	la Mède	FR	13	12------	0
FRLMW	La Maxe	FR	57	1-3-----	0
FRLMY	Limay	FR	78	1-3-----	0
FRLMZ	Limetz-Villez	FR	78	1-3-----	0
FRLN3	Landéda	FR	29	1-3-----	0
FRLN8	Landevennec	FR	29	1-3-----	0
FRLO6	Lanmodez	FR	22	1-3-----	0
FRLO7	Loché	FR	71	1----6--	0
FRLO9	Chorey-les-Beaune	FR	21	1----6--	0
FRLOA	Longueau	FR	80	123-----	0
FRLOC	Loctudy	FR	29	1-------	0
FRLOW	Loisy	FR	71	1-3-----	0
FRLP7	Lamor-Plage	FR	56	1-------	0
FRLPE	la Pallice	FR	17	1-------	0
FRLQ4	Trédrez-Locquémeau	FR	22	1-3-----	0
FRLQ5	Locquirec	FR	29	1-3-----	0
FRLQA	Le Mas-d'Agenais	FR	47	1-3-----	0
FRLQD	Lesdins	FR	02	1-3-----	0
FRLQG	Lamagistère	FR	82	1-3-----	0
FRLQT	Louvières	FR	52	1-3-----	0
FRLRH	La Rochelle	FR	17	12-4----	0
FRLRT	Lorient	FR	56	12-4----	0
FRLSB	Les Billaux	FR	33	1-3-----	0
FRLSO	Les Sables-d'Olonne	FR	85	1234----	0
FRLTF	Les Trois-Fontaines	FR	08	123-----	0
FRLTR	Le Tréport	FR	76	1-------	0
FRLTT	Le Trait	FR	76	1-3-----	0
FRLUQ	Lugrin	FR	74	123-----	0
FRLVE	Le Verdon-sur-Mer	FR	33	123-----	0
FRLWM	Le Moustoir	FR	56	1-------	0
FRLXA	Le Perreux-sur-Marne	FR	94	123-----	0
FRLZF	La Forêt-Fouesnant	FR	29	1-3-----	0
FRM52	Vandières	FR	51	1----6--	0
FRM56	Séné	FR	56	1----6--	0
FRM57	Vaux	FR	57	1----6--	0
FRM75	Muids	FR	27	1-------	0
FRM89	Mailly-le-Château	FR	89	1----6--	0
FRMAC	Mâcon	FR	71	12------	0
FRMAU	Maubeuge	FR	59	123-----	0
FRMBT	Montbartier	FR	82	123-----	0
FRMCC	Morancé	FR	69	1-3--6--	0
FRMCQ	Macau	FR	33	123-----	0
FRMDA	Mudaison	FR	34	1-3-----	0
FRMDW	Sainte-Maure-de-Peyriac	FR	47	1-------	0
FRME4	Mérifons	FR	34	1-------	0
FRME5	Île-Molène	FR	29	1-------	0
FRMEA	Meaux	FR	77	12-4----	0
FRMEL	Melun	FR	77	1234----	0
FRMGU	Mauguio	FR	34	1-3-----	0
FRMHB	La Trinité-sur-Mer	FR	56	1-3-----	0
FRMJU	Moulle	FR	62	1-3-----	0
FRMJY	Colombier	FR	24	1----6--	0
FRMKX	Crissay-sur-Manse	FR	37	1----6--	0
FRML9	Molosmes	FR	89	1----6--	0
FRMLH	Mulhouse	FR	68	12-45---	0
FRMM6	Montmartin-sur-Mer	FR	50	1-------	0
FRMMJ	Saint-Androny	FR	33	1----6--	0
FRMMV	Malmy	FR	08	1-3-----	0
FRMOS	Montargis	FR	45	12------	0
FRMQA	Martot	FR	27	1-3-----	0
FRMQY	Millery	FR	54	1-3-----	0
FRMR3	Mornac-sur-Seudre	FR	17	1-3-----	0
FRMR6	Mérignat	FR	01	1-------	0
FRMR7	Marolles	FR	51	1----6--	0
FRMRN	Marans	FR	17	1-------	0
FRMRS	Marseille	FR	13	12-45---	0
FRMRW	Mireval	FR	34	1-3-----	0
FRMSI	Méry-sur-Oise	FR	95	123-----	0
FRMT6	Montech	FR	82	1----6--	0
FRMTD	Montbéliard	FR	25	12------	0
FRMTX	Montoir-de-Bretagne	FR	44	123-----	0
FRMV2	Malleval	FR	42	1----6--	0
FRMVG	Magnanville	FR	78	1-3-----	0
FRMWF	Blomac	FR	11	1----6--	0
FRMWR	Marseillan	FR	34	1-3-----	0
FRMXN	Morlaix	FR	29	12-4----	0
FRMYK	Moyencourt	FR	80	1-3-----	0
FRMZK	Le Mériot	FR	10	1-------	0
FRMZM	Metz	FR	57	12345---	0
FRMZS	Mézières-sur-Seine	FR	78	123-----	0
FRN25	Nommay	FR	25	1----6--	0
FRNAC	Carnac	FR	56	1-3-----	0
FRNCB	Le Conquet	FR	29	1-3-----	0
FRNCE	Nice	FR	06	12-45---	0
FRNEF	Neuf-Brisach	FR	68	1-3-----	0
FRNEH	Vognes	FR	01	1----6--	0
FRNGI	Saint-Gilles	FR	71	123-----	0
FRNLA	Sainte-Anne-sur-Vilaine	FR	35	123--6--	0
FRNMA	Penmarch	FR	29	1-3-----	0
FRNMS	Nemours	FR	77	1-------	0
FRNMT	Sainte-Marie-du-Mont	FR	50	1-3-----	0
FRNNH	Channes	FR	10	1-------	0
FRNOP	Baden	FR	56	1-3-----	0
FRNOU	Port-la-Nouvelle	FR	11	12------	0
FRNQU	Le Conquet	FR	29	1-3-----	0
FRNRH	Penmarc'H Point	FR	29	1-------	0
FRNSD	Lavans-lès-Dole	FR	39	1-3-----	0
FRNTE	Nantes	FR	44	12345---	0
FRNTZ	Bantouzelle	FR	59	1-3-----	0
FRNUS	Nanteuil-sur-Aisne	FR	08	1-3-----	0
FRNVS	Nevers	FR	58	12-4----	0
FRNYI	Neuilly-en-Sancerre	FR	18	1-------	0
FRNYY	Montallery	FR	89	1-------	0
FRNZ3	Monze	FR	11	1-------	0
FROEI	L'Oserie	FR	28	1-3-----	0
FROFF	Plogoff	FR	29	1-3-----	0
FROGB	Boulogne-Billancourt	FR	92	1-3-----	0
FROHP	Orchamps	FR	39	123-----	0
FROJA	Boutiers-Saint-Trojan	FR	16	1----6--	0
FRONY	Cognocoli	FR	2A	1----6--	0
FROOZ	Chooz	FR	08	1-3-----	0
FROQL	Locmiquélic	FR	56	1-3-----	0
FROS2	Ouessant	FR	29	1-------	0
FROSH	Lutzelbourg	FR	57	1----6--	0
FROTM	Ottmarsheim	FR	68	123-----	0
FROTY	Le Crotoy	FR	80	1-3--6--	0
FROUI	Ouistreham	FR	14	1-------	0
FROYI	Oigny-en-Valois	FR	02	1-------	0
FROYY	Saudoy	FR	51	1-------	0
FRP5C	Busnes	FR	62	1-------	0
FRP62	Pont-à-Vendin	FR	62	1----6--	0
FRPAB	Pont-l'Abbé	FR	29	1-------	0
FRPAD	Pagny-la-Ville	FR	21	1----6--	0
FRPAI	Paimpol	FR	22	12------	0
FRPAJ	Pont-Arcy	FR	02	1-3-----	0
FRPAP	Pauillac	FR	33	12------	0
FRPAR	Paris	FR	75C	123-5---	0
FRPBF	Paimbuf	FR	44	1-3-----	0
FRPC6	Saint-Nicolas	FR	62	1----6--	0
FRPD2	Plombières-lès-Dijon	FR	21	1----6--	0
FRPDB	Port-de-Bouc	FR	13	12------	0
FRPDF	Pontevès	FR	83	1----6--	0
FRPDH	Port-des-Barques	FR	17	1-3-----	0
FRPDU	Saint-Pierre-d'Autils	FR	27	1-3-----	0
FRPET	Petit-Couronne	FR	76	1-------	0
FRPF4	Étrigny	FR	71	1----6--	0
FRPG5	Port de Goulee	FR	33	1-------	0
FRPGC	Plougrescant	FR	22	1-3-----	0
FRPGQ	Pogny	FR	51	1-3-----	0
FRPH4	Portiragnes	FR	34	1----6--	0
FRPHG	Campagnac	FR	81	1----6--	0
FRPHN	Pleudihen-sur-Rance	FR	22	1-3-----	0
FRPHT	Plichancourt	FR	51	1-3-----	0
FRPI2	Pirou	FR	50	1-------	0
FRPI9	Préfailles	FR	44	1-------	0
FRPJE	Port-Jérôme	FR	27	1-------	0
FRPJH	Saint-Christophe-la-Couperie	FR	49	1----6--	0
FRPJU	Pujaut	FR	30	1-3--6--	0
FRPKL	Pouillé	FR	41	1----6--	0
FRPKM	Monnières	FR	44	1----6--	0
FRPKS	Pouilly-sur-Loire	FR	58	123-----	0
FRPM6	Port Manec'h	FR	29	1-------	0
FRPNF	Port-Navalo	FR	56	1-------	0
FRPNH	Pont-d'Ouche	FR	21	1-3-----	0
FRPNU	Paillencourt	FR	59	1-3-----	0
FRPO4	Ota	FR	2A	1-3-----	0
FRPOV	Port-Vendres	FR	66	12------	0
FRPOX	Pontrieux	FR	22	1-------	0
FRPPL	Port-Louis	FR	56	1-3-----	0
FRPQC	Pont-Réan	FR	35	1-3-----	0
FRPQE	Poses	FR	27	123-----	0
FRPRC	Pornic	FR	44	1-------	0
FRPRJ	Port-Joinville	FR	85	1-------	0
FRPRP	Propriano	FR	2A	1--4----	0
FRPS9	Perros-Guirec	FR	22	1-------	0
FRPSL	Port-Saint-Louis-du-Rhône	FR	13	12------	0
FRPSX	Pont-Sainte-Maxence	FR	60	123-----	0
FRPTI	Pont-de-l'Isère	FR	26	1-------	0
FRPTV	Pontavert	FR	02	1-3-----	0
FRPUM	Précy-sur-Marne	FR	77	1-3-----	0
FRPVO	Porto-Vecchio	FR	2A	1-------	0
FRPVX	Pont-de-Vaux	FR	01	1-3-----	0
FRPWA	Pernant	FR	02	1-3-----	0
FRPXZ	Plobsheim	FR	67	1-3--6--	0
FRPYX	Pargny-sur-Saulx	FR	51	1-3-----	0
FRPZ3	Plouézec	FR	22	1-------	0
FRQBR	Camarsac	FR	33	1----6--	0
FRQEN	Quenne	FR	89	1-3-----	0
FRQEY	Saint-Antoine-du-Queyret	FR	33	1-3-----	0
FRQGS	Soulanges	FR	51	123-----	0
FRQLC	Saint-Quentin-la-Motte-Croix-au-Bailly	FR	80	1-3--6--	0
FRQLK	Denicé	FR	69	1----6--	0
FRQMM	Campagne	FR	34	1----6--	0
FRQPL	Communay	FR	69	1----6--	0
FRQQQ	Cormicy	FR	51	1----6--	0
FRQRU	Quiberville	FR	76	1-------	0
FRQSC	Quinsac	FR	33	1----6--	0
FRQSM	Crouttes-sur-Marne	FR	02	1----6--	0
FRQSO	Samois-sur-Seine	FR	77	1-------	0
FRQTS	Santoche	FR	25	1-------	0
FRQUI	Quiberon	FR	56	1-------	0
FRQUL	Querqueville	FR	50	1-3-----	0
FRQVP	Demigny	FR	71	1----6--	0
FRQWC	Châteauvert	FR	83	1----6--	0
FRQWM	Reignier-Ésery	FR	74	1----6--	0
FRQXA	Reichsfeld	FR	67	1----6--	0
FRQYR	Troyes	FR	10	12-4----	0
FRQYV	Colombiers	FR	34	1----6--	0
FRQZH	Serra-di-Ferro	FR	2A	1-3--6--	0
FRQZX	Camillac	FR	33	1----6--	0
FRR26	Roche-Saint-Secret	FR	26	1----6--	0
FRRAD	Radicatel	FR	76	1-3-----	0
FRRAV	Cravant	FR	89	123-----	0
FRRCO	Rochefort	FR	17	12-4----	0
FRRDM	La Couarde-sur-Mer	FR	17	1-3-----	0
FRRDN	Redon	FR	35	123-----	0
FRRDT	La Redorte	FR	11	1-3-----	0
FRREI	Reichstett	FR	67	12------	0
FRRF3	Toulenne	FR	33	1----6--	0
FRRFA	Homps	FR	11	1----6--	0
FRRH7	Taponas	FR	69	1-3-----	0
FRRHE	Reims	FR	51	1234----	0
FRRHP	Ouessant	FR	29	1--4----	0
FRRLI	Ramillies	FR	59	1-3-----	0
FRRME	Armentières	FR	59	123-----	0
FRRMO	Larmor-Baden	FR	56	1-3-----	0
FRRN3	Rions	FR	33	1----6--	0
FRRNY	Frangy	FR	74	1-------	0
FRRON	Roncq	FR	59	12------	0
FRROU	Roubaix	FR	59	12--5---	0
FRRQE	Rech	FR	57	123-----	0
FRRRB	Sarralbe	FR	57	123-----	0
FRRS4	Frossay	FR	44	1-3-----	0
FRRSA	Roquebrune-sur-Argens	FR	83	1-3-----	0
FRRSQ	Rosult	FR	59	1-------	0
FRRTB	Port-en-Bessin-Huppain	FR	14	1-3-----	0
FRRTE	Bourg-Charente	FR	16	123-----	0
FRRTV	Chartèves	FR	02	1-3-----	0
FRRUN	Rungis	FR	94	12------	0
FRRUR	Plouër-sur-Rance	FR	22	1-3-----	0
FRRVC	Rivecourt	FR	60	123-----	0
FRRXL	Rosières-aux-Salines	FR	54	123-----	0
FRRYG	le Château Renard	FR	44	1----6--	0
FRRYN	Royan	FR	17	1--4----	0
FRRYY	Pierry	FR	51	1-------	0
FRRZT	Saint-Désirat	FR	07	1----6--	0
FRRZW	Combaillaux	FR	34	1----6--	0
FRRZX	Pujols-sur-Ciron	FR	33	1----6--	0
FRS29	Saint-Pabu	FR	29	1-3-----	0
FRS2R	Saint-Martin-de-Ré	FR	17	1-3-----	0
FRS4P	Santa-Maria-Poggio	FR	2B	1-3-----	0
FRS5M	Saâcy-sur-Marne	FR	77	1-------	0
FRS8C	Sercus	FR	59	1-------	0
FRSAR	Sarreguemines	FR	57	123-----	0
FRSBK	Saint-Brieuc	FR	22	1-34----	0
FRSET	Sète	FR	34	123-----	0
FRSGT	Sainte-Gemmes-sur-Loire	FR	49	1-3-----	0
FRSIR	Saint-Rémy	FR	21	123-----	0
FRSIT	Saint-Vit	FR	25	1-3-----	0
FRSL8	Saint-Laurent-sur-Mer	FR	14	1-------	0
FRSLV	Solesmes	FR	72	123-----	0
FRSML	Saint-Malo	FR	35	1-------	0
FRSMW	Samoreau	FR	77	1-------	0
FRSNM	Flammerans	FR	21	123-----	0
FRSNQ	Sancé	FR	71	123-----	0
FRSNR	Saint-Nazaire	FR	44	12-4----	0
FRSO6	Sauzon	FR	56	1-3-----	0
FRSP5	Saint-Paul	FR	04	1----6--	0
FRSPK	Spycker	FR	59	1-3-----	0
FRSQR	Saint-Pierre-Quiberon	FR	56	123--6--	0
FRSQS	Saint-Christ-Briost	FR	80	123-----	0
FRSQV	Sandrancourt	FR	78	1-3-----	0
FRSRL	Saint-Raphaël	FR	83	123-----	0
FRSS2	Saint-Saturnin	FR	34	1-------	0
FRSSK	Saint-Sébastien-sur-Loire	FR	44	123-----	0
FRSTP	Saint-Tropez	FR	83	1-------	0
FRSTQ	Saint-Quentin	FR	02	12------	0
FRSUP	Seurre	FR	21	123-----	0
FRSVS	Saint-Valery-sur-Somme	FR	80	123-----	0
FRSWD	Saint-Wandrille-Rançon	FR	76	1-------	0
FRSXB	Strasbourg	FR	67	12345---	0
FRSYQ	Sauvoy	FR	55	1-3-----	0
FRSYY	Sailly-sur-la-Lys	FR	62	1-------	0
FRSZI	Saint-Nazaire-sur-Charente	FR	17	1-3-----	0
FRTBE	La Turballe	FR	44	1-------	0
FRTCJ	Châtillon-Coligny	FR	45	1-3-----	0
FRTEW	Le Thoronet	FR	83	1-------	0
FRTG4	Talmont-sur-Gironde	FR	17	1-3-----	0
FRTGH	Thomery	FR	77	1-3-----	0
FRTIG	Tigery	FR	91	1-3-----	0
FRTII	Talais	FR	33	1-3-----	0
FRTIM	Saint-Simon	FR	02	1-3-----	0
FRTIN	Pantin	FR	93	123-----	0
FRTJE	Trouville-sur-Mer	FR	14	1-3-----	0
FRTJX	Escautpont	FR	59	1----6--	0
FRTL4	Sausset-les-Pins	FR	13	1-3-----	0
FRTLN	Toulon	FR	83	12-4----	0
FRTLP	Gatteville-le-Phare	FR	50	1-3-----	0
FRTMG	Saint-Martin-la-Garenne	FR	78	1-3-----	0
FRTMN	Thun-Saint-Martin	FR	59	1-3-----	0
FRTON	Tonnay-Charente	FR	17	1-------	0
FRTOV	Tourlaville	FR	50	1-3-----	0
FRTPO	Trilport	FR	77	123-----	0
FRTQJ	Saint-Saturnin-d'Apt	FR	84	1----6--	0
FRTR9	Trégunc	FR	29	1----6--	0
FRTRE	Tréguier	FR	22	1-------	0
FRTRI	Trignac	FR	44	1-3-----	0
FRTTG	Téteghem	FR	59	1-3-----	0
FRTTU	Île-Tudy	FR	29	1-3-----	0
FRTUA	Saint-Usage	FR	21	1-3-----	0
FRTUU	Toucy	FR	89	1-------	0
FRTVL	Thionville	FR	57	12------	0
FRTWA	Arès	FR	33	1-3--6--	0
FRTXM	Mulcent	FR	78	1----6--	0
FRTZZ	Ternay	FR	69	1----6--	0
FRUBS	Saubusse	FR	40	123-----	0
FRUCL	Pleumeleuc	FR	35	1----6--	0
FRUCM	L'Éguille	FR	17	1----6--	0
FRUCS	Saint-Urcisse	FR	81	1-------	0
FRUDP	Camp-du-Castellet	FR	83	1----6--	0
FRUEU	Gueux	FR	51	1-------	0
FRUFF	Cuffies	FR	02	123-----	0
FRUFN	Buffon	FR	21	1-3-----	0
FRUGV	Bougival	FR	78	1-------	0
FRUIM	Guimaëc	FR	29	1-------	0
FRUIP	Quimper	FR	29	12-4----	0
FRUJI	Saint-Gonnery	FR	56	1----6--	0
FRUJJ	Saint-Satur	FR	18	1----6--	0
FRUJK	Monnières	FR	39	1----6--	0
FRUJQ	Saint-Sauveur-de-Meilhan	FR	47	1----6--	0
FRUJY	Pouilly	FR	89	1----6--	0
FRULP	Mareuil-le-Port	FR	51	1-3-----	0
FRUMX	Mareuil-lès-Meaux	FR	77	1-3-----	0
FRUNL	Cauneille	FR	40	123--6--	0
FRUNS	Guînes	FR	62	1-3-----	0
FRUQJ	Saint-Seuri-de-Bourg	FR	33	1----6--	0
FRURO	Rouen	FR	76	1-34----	0
FRUSJ	Mus	FR	30	1----6--	0
FRUSU	Vulaines-sur-Seine	FR	77	1-3-----	0
FRUTE	Leucate	FR	11	1-3-----	0
FRUTI	Écutigny	FR	21	123-----	0
FRUUC	Bruch	FR	47	1----6--	0
FRUUO	Boursault	FR	51	1----6--	0
FRUVI	Guerville	FR	78	1-------	0
FRUVJ	Mauves	FR	07	1----6--	0
FRUVV	Tessy-sur-Vire	FR	50	1-------	0
FRUXE	Joigny	FR	89	1----6--	0
FRUXL	Carlux	FR	24	1----6--	0
FRUYO	Butry-sur-Oise	FR	95	1-3-----	0
FRV33	Villeneuve-de-Blaye	FR	33	1----6--	0
FRV88	Charmes	FR	88	1-3-----	0
FRVA5	Saint-Vallier	FR	71	1-------	0
FRVAF	Valence	FR	26	12345---	0
FRVAL	Valenciennes	FR	59	1234----	0
FRVC4	Villers-sous-Châtillon	FR	51	1----6--	0
FRVCS	Carnas	FR	30	1----6--	0
FRVEJ	Verjux	FR	TW	1-------	0
FRVEO	Vernaison	FR	69	123-----	0
FRVEY	Clairvaux-d'Aveyron	FR	12	1-3--6--	0
FRVFG	Romeny-sur-Marne	FR	02	1----6--	0
FRVFM	Villefranche-sur-Mer	FR	06	1-3-----	0
FRVGE	Villegusien-le-Lac	FR	52	123-----	0
FRVH4	Crézancy-en-Sancerre	FR	18	1----6--	0
FRVHM	Vendenheim	FR	67	1-3-----	0
FRVIG	Saint-Thibault-des-Vignes	FR	77	1-3-----	0
FRVIY	Vincey	FR	88	1-3-----	0
FRVJE	Murviel	FR	34	1----6--	0
FRVL4	Vérin	FR	42	1----6--	0
FRVM5	Verneuil	FR	51	1----6--	0
FRVM6	Le Vivier-sur-Mer	FR	35	1-------	0
FRVNE	Vannes	FR	56	12-4----	0
FRVNR	Saint-Vallerin	FR	71	1-------	0
FRVNZ	Vernizy	FR	71	1-3-----	0
FRVQR	Véron	FR	89	123-----	0
FRVR4	Veules-les-Roses	FR	76	1-------	0
FRVR5	Villerville	FR	14	1-3-----	0
FRVRD	Verdun	FR	55	12------	0
FRVRU	Ver-sur-Mer	FR	14	1-------	0
FRVSQ	Varesnes	FR	60	1-3-----	0
FRVSS	Villefranche-sur-Saône	FR	69	12-4----	0
FRVTI	Saint-Valentin	FR	36	1-------	0
FRVTM	Venteuil	FR	51	1----6--	0
FRVUX	Villenauxe	FR	77	1-------	0
FRVVL	Villeneuve-lès-Avignon	FR	30	123-----	0
FRW2C	Novillars	FR	25	1-3-----	0
FRWBY	Bayon-sur-Gironde	FR	33	1-3--6--	0
FRWIK	Roquecourbe	FR	81	1----6--	0
FRWMN	Blienschwiller	FR	67	1----6--	0
FRWNT	Warneton	FR	59	1-3-----	0
FRWQA	Mézoargues	FR	13	1-3-----	0
FRWTT	Watten	FR	59	1-3-----	0
FRWWW	Mirepeisset	FR	11	1-------	0
FRX28	Saint-Pierre-de-Manneville	FR	76	1----6--	0
FRXAN	Anse	FR	69	123-----	0
FRXCB	Corcelles-en-Beaujolais	FR	69	1----6--	0
FRXCS	Saint-Vaize	FR	17	1-3-----	0
FRXDH	Saint-Léger-sur-Dheune	FR	71	1-------	0
FRXER	Port-Sainte-Marie	FR	47	12---6--	0
FRXEU	Buxeuil	FR	10	1-------	0
FRXGL	Saint-Gilles	FR	30	123--6--	0
FRXGV	Saint-Gilles-Croix-de-Vie	FR	85	1-3-----	0
FRXLG	Lignorelles	FR	89	1-3--6--	0
FRXLZ	Civrac-de-Blaye	FR	33	1----6--	0
FRXRG	Muro	FR	2A	1----6--	0
FRXRY	Luneray	FR	76	1-------	0
FRXSW	Vonges	FR	21	1----6--	0
FRXVF	Monestier	FR	24	1----6--	0
FRXVY	Noyen-sur-Seine	FR	77	1-------	0
FRXXD	Ravigny	FR	53	1-3--6--	0
FRXYR	Tracy-sur-Loire	FR	58	1-------	0
FRY78	Hardricourt	FR	78	1----6--	0
FRYAN	Junay	FR	89	1----6--	0
FRYEN	Creney-près-Troyes	FR	10	123-----	0
FRYGP	Rogny-les-Sept-Écluses	FR	89	1----6--	0
FRYJK	Ponteilla	FR	66	1----6--	0
FRYMS	Ambly-sur-Meuse	FR	55	1-3-----	0
FRYNE	La Seyne-sur-Mer	FR	83	123-----	0
FRYNR	Sanary-sur-Mer	FR	83	1-3-----	0
FRYSM	Sorcy-Saint-Martin	FR	55	1-3-----	0
FRYSO	Fleurey-sur-Ouche	FR	21	123-----	0
FRYSU	Seyssuel	FR	38	1-------	0
FRYUJ	Pouillenay	FR	21	1----6--	0
FRYUP	Monguilhem	FR	32	1----6--	0
FRYUS	Mouy-sur-Seine	FR	77	1-3-----	0
FRYVG	Blagny-sur-Vingeanne	FR	21	123-----	0
FRYXA	Chailly-sur-Armançon	FR	21	1-3--6--	0
FRYYO	Yport	FR	76	1-------	0
FRZAN	Saint-Genis-de-Saintonge	FR	17	1-3--6--	0
FRZCY	Luzancy	FR	77	1-3-----	0
FRZEV	Plozévet	FR	29	123-----	0
FRZHA	Rochefort-du-Gard	FR	30	1----6--	0
FRZIC	Pouldreuzic	FR	29	1-3-----	0
FRZLE	Azille	FR	11	1-------	0
FRZLJ	Pouzilhac	FR	30	1----6--	0
FRZLL	Corcelles-les-Arts	FR	21	1----6--	0
FRZMB	Caromb	FR	84	1----6--	0
FRZMM	Cormeilles	FR	27	1----6--	0
FRZMY	Cormeray	FR	41	1----6--	0
FRZNN	Corconne	FR	30	1----6--	0
FRZOG	Ronchin	FR	59	1----6--	0
FRZPP	Denée	FR	49	1----6--	0
FRZT7	Collorgues	FR	30	1----6--	0
FRZTW	Bram	FR	11	1----6--	0
FRZUI	Buzet-sur-Baïse	FR	47	1-3-----	0
FRZXC	Camplong-d'Aude	FR	11	1----6--	0
FRZXD	Pougny	FR	58	1----6--	0
FRZXH	Pontlevoy	FR	41	1----6--	0
FRZXN	Monein	FR	64	1----6--	0
FRZYL	Lazenay	FR	18	1-------	0
FRZZU	Carnoules	FR	83	1----6--	0
GACCB	Cocobeach	GA		1-------	0
GACLZ	Cap Lopez	GA		1-------	0
GAEKU	Equata	GA	1	1-------	0
GAGAX	Gamba	GA		1--4----	0
GALBV	Libreville	GA		1--45---	0
GALUC	Lucina	GA		1-------	0
GAMBY	M'bya Terminal	GA		1-------	1
GANYA	Nyanga	GA		1-------	0
GAOGU	Oguandjo Terminal	GA		1-------	0
GAOWE	Owendo	GA		1--4----	0
GAPOG	Port Gentil	GA		1--45---	0
GB7TR	Norton	GB	WOR	1-3-----	0
GBABA	Aberaeron	GB	CGN	1-3-----	0
GBABD	Aberdeen	GB	ABE	1--4----	0
GBABF	Aberdyfi (Aberdovey)	GB	GWN	123-----	0
GBABJ	Saint Abbs	GB	SCB	1-3-----	0
GBABS	Aber Sôch (Abersoch)	GB	GWN	1-3-----	0
GBABV	Aberdovey	GB	GWN	1-------	0
GBABW	Barmouth (Abermaw)	GB	GWN	123-----	0
GBACA	Acharacle	GB	HLD	1-3-----	0
GBACB	Back	GB	ELS	1-------	0
GBACE	Achiltibuie	GB	HLD	1-------	0
GBACV	Cove (Aberdeen)	GB	ABD	1-------	0
GBADF	Ardfern	GB	AGB	1-3-----	0
GBADK	Ardkeen	GB	NMD	1-3-----	0
GBADM	Aird Mhor (Ardmhor)	GB	ELS	1-3-----	0
GBADR	Aberdaron	GB	GWN	1-3-----	0
GBAEE	Abergele	GB	CWY	123-----	0
GBAEN	Salen	GB	HLD	1-------	0
GBAET	Ardentinny	GB	AGB	1-------	0
GBAEW	Hanwell	GB	LND	1-------	0
GBAFW	Aberffraw	GB	AGY	1-------	0
GBAGL	Ardglass	GB	NMD	1-3-----	0
GBAGO	Arinagour	GB	AGB	1-3-----	0
GBAGU	Ardgour	GB	HLD	1-3-----	0
GBAHN	Achnacroish	GB	AGB	1-3-----	0
GBAIS	St Agnes	GB	CON	1-------	0
GBAIT	Aith	GB	ZET	1-3-----	0
GBAKL	Auckengill	GB	HLD	1-------	0
GBALB	Aldeburgh	GB	SFK	1-------	0
GBALI	Arlington	GB	GLS	1-------	0
GBALL	Alloa	GB	CLK	123-----	0
GBALM	Alnmouth	GB	NBL	1-------	0
GBALP	Althorpe	GB	NLN	1-3-----	0
GBAMB	Amble	GB	NBL	1-------	0
GBAMD	Armadale, Isle of Skye	GB	HLD	1-3-----	0
GBAMH	Ardmaleish	GB	AGB	1-3-----	0
GBAML	Ambleside	GB	CMA	1-------	0
GBAMN	Ardnamurchan	GB	HLD	1-------	0
GBAMR	Aird Ma Ruibhe	GB	AGB	1-3-----	0
GBAMW	Amlwch	GB	AGY	123-----	0
GBANA	Anasuria	GB	SCT	1-----7-	0
GBANG	Annalong	GB	NMD	1-3-----	0
GBANN	Annan	GB	DGY	123-----	0
GBANO	Road Town	GB		1-------	0
GBANS	Anstruther	GB	FIF	1-3-----	0
GBAOL	Abbotsley	GB	CAM	1-------	0
GBAOT	Abbotsbury	GB	DOR	1-------	0
GBAPI	Appin	GB	AGB	1-3-----	0
GBAPP	Appledore	GB	DEV	1-------	0
GBAPS	Applecross	GB	HLD	1-------	0
GBAQW	Longsight	GB	MAN	1-3-----	0
GBARB	Arbroath	GB	ANS	1-------	0
GBARC	Abercastle	GB	PEM	1-3-----	0
GBARD	Ardrossan	GB	NAY	1-------	0
GBARG	Arisaig	GB	HLD	123-----	0
GBARP	West Harptree	GB	BAS	1----6--	0
GBARV	Ardveenish	GB	ELS	1-3-----	0
GBASA	Saint-Anne's-on-Sea	GB	LAN	123-----	0
GBASG	Ardrishaig	GB	AGB	1-------	0
GBATS	Sleat	GB	HLD	1-------	0
GBAUL	Aultbea	GB	HLD	1-3-----	0
GBAVC	Avoch	GB	HLD	1-3-----	0
GBAVL	Alveley	GB	SHR	1-3-----	0
GBAVO	Avonmouth	GB	BST	1-------	0
GBAXO	Axmouth	GB	DEV	1-3-----	0
GBAYD	Aberdour	GB	FIF	123-----	0
GBAYR	Ayr	GB	SAY	1-------	0
GBAYW	Aberystwyth	GB	CGN	123-----	0
GBBAD	Barry Dock	GB	VGL	1-------	0
GBBAN	Bangor	GB	AND	1-3-----	0
GBBAW	Baltic Wharf	GB	KEN	1-------	0
GBBAZ	Barton on Sea	GB		1-------	0
GBBBB	Breaston	GB	DRY	1-------	0
GBBBE	Branscombe	GB	DEV	1-------	0
GBBBK	Burton Bradstock	GB	DOR	1-------	0
GBBBN	Balbriggan	GB		1-3-----	0
GBBBP	Bembridge	GB	IOW	1-34----	0
GBBBX	Barnstone	GB	NTT	1----6--	0
GBBCE	Barcaldine	GB	AGB	1-------	0
GBBCH	Bruichladdich	GB	AGB	1-3-----	0
GBBCR	Buck's Cross	GB	DEV	1-------	0
GBBCS	Brancaster Staithe	GB	NFK	1-3-----	0
GBBD2	Bedhampton	GB	HAM	1-3-----	0
GBBDA	Birkdale	GB	SFT	123-----	0
GBBDB	Barnoldby le Beck	GB	NEL	1-3-----	0
GBBDF	Broadford, Isle of Skye	GB	HLD	1-3-----	0
GBBDI	Brodick, Isle of Arran	GB	NAY	1-3-----	0
GBBDT	Broadstairs	GB	KEN	123-----	0
GBBDX	Baldirton	GB	CHW	1-------	0
GBBDZ	Bardsea	GB	CMA	1-------	0
GBBE2	Bubwith	GB	ERY	1-3-----	0
GBBEH	Berry Head	GB		1-3-----	0
GBBEL	Belfast	GB	BFS	1--4-6--	0
GBBFB	Braefoot Bay	GB	FIF	1-------	0
GBBFE	Brierfield	GB	LAN	123-----	0
GBBFF	Banff	GB	ABD	1-3-----	0
GBBFO	Bodffordd	GB	AGY	12---6--	0
GBBFP	Blackford	GB	ABD	1-------	0
GBBFU	Broughton In Furness	GB	CMA	1-------	0
GBBFY	Briton Ferry	GB	NTL	1-------	0
GBBGY	Bingley	GB	BRD	1-------	0
GBBHB	Ballyhalbert	GB	AND	1-------	0
GBBHJ	Bramshall	GB	STS	1----6--	0
GBBHK	Bromborough	GB	WRL	1-------	0
GBBHR	Barrow-upon-Humber	GB	NLN	1-3-----	0
GBBHW	Billingham	GB	STT	1-------	0
GBBID	Bideford	GB	DEV	1-------	0
GBBIF	Barrow in Furness	GB	CMA	1--4----	0
GBBIK	Briston	GB	NFK	1-3-----	0
GBBIP	Bishop Auckland	GB	DUR	1-------	0
GBBKC	Backaland, Eday	GB	ORK	1-3-----	0
GBBKD	Buckden	GB	CAM	1-------	0
GBBKS	Blackness	GB	FAL	1-3-----	0
GBBLB	Blackburn	GB	LAN	1-------	0
GBBLC	Blakeney	GB	NFK	1-3-----	0
GBBLI	Balintore	GB	HLD	1-3-----	0
GBBLJ	Blairmore	GB	AGB	1-------	0
GBBLK	Blackpool	GB	LAN	1--4----	0
GBBLR	Ballylumford	GB	ANN	1-3-----	0
GBBLS	Brightlingsea	GB	ESS	1-------	0
GBBLT	Bolton	GB	BOL	1-------	0
GBBLU	Beaulieu	GB	HAM	123-----	0
GBBLY	Blyth	GB	NBL	1-------	0
GBBLZ	Barlborough	GB	DBY	1----6--	0
GBBMC	Balmacara	GB	HLD	1-3-----	0
GBBMO	Burnmouth	GB	SCB	123-----	0
GBBMR	Beaumaris	GB	GWN	1-3-----	0
GBBMT	Belmont, Unst	GB	ZET	1-3-----	0
GBBMU	Barmouth	GB	GWN	1-------	0
GBBMX	Boulmer	GB	NBL	1-------	0
GBBNB	Bunnahabhain	GB	AGB	1-3-----	0
GBBND	Barnstaple	GB	DEV	123-----	0
GBBNG	Bangor	GB	GWN	1-3-----	0
GBBNH	Barton upon Humber	GB	NLN	1-3-----	0
GBBNR	Ballantrae	GB	SAY	1-3-----	0
GBBNX	Blackwell	GB	DBY	1-------	0
GBBOC	Burnham on Crouch	GB	ESS	1-------	0
GBBOE	Bootle	GB	SFT	1-------	0
GBBOH	Bournemouth	GB	DOR	1234----	0
GBBOL	Botley	GB	BKM	1-------	0
GBBON	Bo'ness	GB	FAL	1-------	0
GBBOS	Boston	GB	LIN	1-------	0
GBBOT	Borth-y-Gest	GB	GWN	1-3-----	0
GBBOW	Bowling	GB	RFW	1-------	0
GBBPE	Broadmoor	GB	PEM	1-3-----	0
GBBPT	Burry Port	GB	CMN	123-----	0
GBBQQ	Bickington	GB	DEV	1-------	0
GBBQX	Beadnell	GB	NBL	1-------	0
GBBRF	Bradford	GB	BRD	1--4----	0
GBBRJ	Brora	GB	HLD	123-----	0
GBBRK	Birkenhead	GB	WRL	123-----	0
GBBRN	Burnley	GB	LAN	1-------	0
GBBRP	Bridport	GB	DOR	1-------	0
GBBRR	Barra	GB		1--4----	0
GBBRS	Bristol	GB	BST	1234----	0
GBBRT	Bridlington	GB	ERY	1-------	0
GBBRU	Bruray, Out Skerries	GB	ZET	1-3-----	0
GBBRW	Bridgwater	GB	SOM	1-------	0
GBBRX	Brixham	GB	DEV	1-------	0
GBBSC	Boscastle	GB	CON	1-3-----	0
GBBSH	Brighton	GB	ESX	1--4----	0
GBBSI	Bognor Regis	GB	WSX	123-----	0
GBBSL	Bosley	GB	CHE	1-------	0
GBBSM	Bourton	GB	NSM	1-------	0
GBBSN	Baltasound	GB	ZET	1-------	0
GBBSS	Borrowstowness	GB	CMA	1-------	0
GBBSX	Beesands	GB	DEV	1-------	0
GBBSY	Barnsley	GB	BNS	1-3-----	0
GBBTK	Bedstone	GB	SHR	1----6--	0
GBBTL	Burntisland	GB	FIF	1-------	0
GBBTZ	Butterwick	GB	LIN	1-------	0
GBBUA	Budleigh Salterton	GB	DEV	1-3-----	0
GBBUC	Buckie	GB	MRY	1-------	0
GBBUD	Bude	GB	CON	1-3-----	0
GBBUF	Burray	GB	ORK	1-3-----	0
GBBUH	Burghead	GB	MRY	1-------	0
GBBUO	Barrow On Soar	GB	LEC	123--6--	0
GBBUS	Burton upon Stather	GB	NLN	1-------	0
GBBUY	Bury	GB	WSX	1-------	0
GBBVO	Burravoe	GB	ZET	1-------	0
GBBVR	Balvicar	GB	AGB	1-------	0
GBBWC	Burwick	GB	ORK	1-3-----	0
GBBWK	Berwick-upon-Tweed	GB	NBL	1-------	0
GBBWM	Bray	GB	WNM	1----6--	0
GBBWR	Burrow	GB	SOM	1-------	0
GBBWU	Barrow upon Trent	GB	DBY	1-3-----	0
GBBWV	Budock Water	GB	CON	1-------	0
GBBWX	Brettenham	GB	NFK	1-------	0
GBBXB	Bexhill	GB	ESX	123-----	0
GBBXF	Bassingham	GB	LIN	1----6--	0
GBBXS	Brighstone	GB	IOW	1-------	0
GBBXT	Brotton	GB	RCC	1-------	0
GBBXX	Beer	GB	DEV	1-------	0
GBBYI	Brynsiencyn	GB	AGY	1-------	0
GBBYN	Broadmayne	GB	DOR	1-------	0
GBBYP	Ballintoy	GB	ANN	1-------	0
GBBZR	Bryher	GB	CON	1-3-----	0
GBBZT	Broughton	GB	FLN	1-3-----	0
GBC5T	Cardington	GB	BDF	1-3-----	0
GBCAA	Caldecote	GB	CAM	1-------	0
GBCAB	Carbost	GB	HLD	1-------	0
GBCAF	Collafirth	GB	ZET	1-3-----	0
GBCAG	Ceann a Gharaidh, Eriskay	GB	ELS	1-3-----	0
GBCAH	Carnlough	GB	LRN	1-3-----	0
GBCAN	Canvey Island	GB	ESS	1-------	0
GBCAR	Cardigan (Aberteifi)	GB	CGN	1-3-----	0
GBCAU	Camusnagaul	GB	HLD	1-3-----	0
GBCAX	Carlisle	GB	CMA	1--4----	0
GBCBA	Castlebay	GB	ELS	1-------	0
GBCBE	Camber	GB	ESX	1-------	0
GBCBL	Cairnbulg	GB	ABD	1-------	0
GBCBM	Combe Martin	GB	DEV	1-------	0
GBCBO	Cranborne	GB	DOR	1-3--6--	0
GBCBT	Campbeltown	GB	AGB	1--4----	0
GBCBX	Baxenden	GB	LAN	1----6--	0
GBCCC	Criccieth	GB	GWN	1-------	0
GBCCE	Catterline	GB	ABD	1-------	0
GBCCH	Christchurch	GB	DOR	123-----	0
GBCCL	Cape Cornwall	GB	CON	1-3-----	0
GBCDF	Cardiff	GB	CRF	1--4----	0
GBCDK	Chideock	GB	DOR	1-------	0
GBCEB	Cemaes Bay	GB	AGY	1-3-----	0
GBCEG	Chester	GB	CHW	1--4----	0
GBCEI	Ceinewydd (New Quay)	GB	CGN	1-3-----	0
GBCEL	Cellardyke	GB	FIF	1-3-----	0
GBCET	Carsethorn	GB	DGY	1-------	0
GBCFE	Crieff	GB	PKN	1-3-----	0
GBCFG	Carrickfergus	GB	CKF	1-------	0
GBCFM	Corfe Mullen	GB	DOR	1-3-----	0
GBCGB	Coldingham	GB	SCB	1-3-----	0
GBCGJ	Craighouse, Isle of Jura	GB	AGB	1-3-----	0
GBCGP	Cloghan Point/Carrickfergus	GB	CKF	1-3-----	0
GBCGT	Covent Garden	GB	WSM	1----6--	0
GBCGY	Congresbury	GB	NSM	1-3--6--	0
GBCGZ	Cadgwith	GB	CON	1-------	0
GBCHD	Charleston	GB	ANS	1-------	0
GBCHE	Mostyn	GB	FLN	1-------	0
GBCHF	Charlestown	GB	CON	1-------	0
GBCHJ	Charmouth	GB	DOR	1-------	0
GBCHR	Chorley	GB	LAN	1-------	0
GBCHT	Chepstow	GB	MON	1-------	0
GBCII	Chillington	GB	SOM	1-------	0
GBCIS	Coniston	GB	CMA	1-3-----	0
GBCIT	Collieston	GB	ABD	1-------	0
GBCKK	Crosskirk	GB	HLD	1-------	0
GBCKM	Cockermouth	GB	CMA	1-------	0
GBCKN	Culkein	GB	HLD	1-3-----	0
GBCKR	Chickerell	GB	DOR	1-------	0
GBCKS	Creeksea	GB		1-------	0
GBCLF	Cliffe	GB	KEN	1-3-----	0
GBCLJ	Claonaig	GB	AGB	1-3-----	0
GBCLM	Culkein/Drumbeg	GB	HLD	1-------	0
GBCLR	Coleraine	GB	CLR	1-------	0
GBCLS	Clacton-on-Sea	GB	ESS	123-----	0
GBCLY	Clydebank	GB	WDU	123-----	0
GBCMA	Cefn-Mawr	GB	WRX	123--6--	0
GBCMD	Cramond	GB	EDH	1-3-----	0
GBCMP	Crombie	GB	FIF	1-3-----	0
GBCMS	Cumbrae Slip, Great Cumbrae	GB	NAY	1-3-----	0
GBCNA	Canna, Inner Hebrides	GB	HLD	1-3-----	0
GBCNC	Crinan	GB	AGB	1-3-----	0
GBCNM	Central Mainland (Shetland)	GB	ZET	1-------	0
GBCNP	Saint Catherine's Point	GB	IOW	1-------	0
GBCNU	Craignure	GB	AGB	1-------	0
GBCNV	Caernarfon	GB	GWN	1-------	0
GBCNX	Cawsand	GB	CON	1-------	0
GBCNZ	Cockenzie	GB	ELN	1-------	0
GBCOL	Colchester	GB	ESS	1-------	0
GBCOQ	Connah's Quay	GB	FLN	1-3-----	0
GBCOR	Corpach	GB	HLD	1-------	0
GBCOV	Coverack	GB	CON	1-3-----	0
GBCOW	Cowes	GB	IOW	1-------	0
GBCOY	Coryton	GB	ESS	1-------	0
GBCPD	Chapel Saint Leonards	GB	LIN	1-------	0
GBCQQ	Cockwood	GB		1-------	0
GBCQY	Connahs Quay	GB	FLN	1-------	0
GBCR5	Cropton	GB	NYK	1-------	0
GBCRA	Carradale	GB	AGB	1-3-----	0
GBCRJ	Crail	GB	FIF	1-3-----	0
GBCRN	Cromarty	GB	HLD	1--4----	0
GBCRR	Cromer	GB	NFK	123-----	0
GBCRT	Carrington	GB	TRF	1-------	0
GBCRV	Carlton Colville	GB	SFK	1-------	0
GBCRX	Craster	GB		1-------	0
GBCSC	Caister on Sea	GB		1-------	0
GBCSN	Garston	GB		1-------	0
GBCSR	Chester	GB	CLK	1-------	0
GBCST	Chichester	GB	WSX	123-----	0
GBCSU	Cadishead	GB	MAN	1-3-----	0
GBCSW	Castletown	GB	DOR	1-------	0
GBCTF	Castleford	GB	WKF	1-------	0
GBCTM	Chatham	GB	KEN	1-------	0
GBCTP	Caythorpe	GB	LIN	1-3-----	0
GBCU8	Curbar	GB	DBY	1----6--	0
GBCUA	Cuan Ferry, Seil	GB	AGB	1-3-----	0
GBCUB	Church Bay, Rathlin Island	GB	MYL	1-3-----	0
GBCUE	Cushendun	GB	MYL	1-3-----	0
GBCUJ	Cumbria	GB	NYK	1----6--	0
GBCUM	Cumbraes	GB	NAY	1-------	0
GBCUN	Cullen	GB	MRY	1-3-----	0
GBCUR	Curlew	GB		1-------	0
GBCUS	Cushendall	GB	MYL	1-3-----	0
GBCUV	Cullivoe, Yell	GB	ZET	1-3-----	0
GBCVA	Colintraive	GB	AGB	1-3-----	0
GBCVE	Cove	GB	SCB	123-----	0
GBCVI	Cove (Leith)	GB	EDH	1-------	0
GBCVL	Clovelly	GB	CON	1-------	0
GBCVT	Coventry	GB	COV	1-345---	0
GBCVW	Convoys Wharf	GB		1-------	0
GBCWA	Conwy (Conway)	GB	CWY	123-----	0
GBCWH	West Chiltington	GB	WSX	1----6--	0
GBCWN	Charlestown	GB	FIF	123-----	0
GBCYD	Clynderwen	GB	PEM	1-------	0
GBCYG	Claydon	GB	OXF	1-------	0
GBCYN	Cairnryan	GB	DGY	1-------	0
GBCYP	Clydeport	GB	NAY	1-------	0
GBCYY	Colwyn Bay (Bae Colwyn)	GB	CWY	123-----	0
GBCZV	Clunbury	GB	SHR	1-3-----	0
GBCZZ	Constantine	GB	CON	1-------	0
GBDAG	Dagenham	GB	BDG	123-----	0
GBDAL	Dalton in Furness	GB	CMA	1-3-----	0
GBDBG	Ardbeg	GB	AGB	1-------	0
GBDBR	Dunbar	GB	ELN	123-----	0
GBDBY	Dulas Bay	GB	AGY	1-------	0
GBDDT	Durward Dauntless	GB		1-----7-	0
GBDEB	Denby	GB	DBY	1-3-----	0
GBDER	Dereham	GB	NFK	123-----	0
GBDET	Denton	GB	ESX	123-----	0
GBDEX	Deal	GB	KEN	1-------	0
GBDFD	Dartford	GB	KEN	123-----	0
GBDFN	Foston	GB	DBY	1-------	0
GBDHD	Donaghadee	GB	ARD	1-3-----	0
GBDIG	Dalbeattie	GB	DGY	1-3-----	0
GBDIN	Dingle	GB	LIV	1-------	0
GBDIW	Dingwall	GB	HLD	123-----	0
GBDMB	Boddam	GB	ABD	1-------	0
GBDMO	Dromore	GB	BNB	1-3-----	0
GBDNE	Dunster	GB	SOM	1-------	0
GBDNF	Dunrossness and Fair Isle	GB	ZET	1-------	0
GBDNQ	Dean Quarry	GB	CON	1-------	0
GBDNU	Dunoon	GB	AGB	1-------	0
GBDNW	Dunwich	GB	SFK	1-------	0
GBDOR	Ballydorn	GB	AND	1-------	0
GBDOS	Dale Roads	GB		1-------	0
GBDRE	Dunure	GB	SAY	1-------	0
GBDRH	Durham	GB	DUR	1-------	0
GBDRL	Darlington	GB	DUR	1-------	0
GBDRX	Drax	GB	NYK	123-----	0
GBDS2	Daresbury	GB	HAL	1----6--	0
GBDSK	Dunseverick	GB	ANT	1-------	0
GBDSS	Dungeness	GB	KEN	1-------	0
GBDTE	Dunstable	GB	CBF	1-------	0
GBDTF	Dunstaffnage	GB	AGB	1-------	0
GBDTM	Dartmouth	GB		1-------	0
GBDTN	Dunston	GB	GAT	1-------	0
GBDUC	Dunchurch	GB	WAR	1-3-----	0
GBDUE	Dunbeath	GB	HLD	1-3-----	0
GBDUM	Dumfries	GB	DGY	1-------	0
GBDUN	Dundee	GB	DND	1--4----	0
GBDUT	Drumintee	GB	ARM	1-------	0
GBDVN	Dunvegan	GB	HLD	1-------	0
GBDVP	Devonport	GB		1-------	0
GBDVR	Dover	GB	KEN	1---5---	0
GBDWI	Dalwhinnie	GB	HLD	1-3-----	0
GBDWL	Bradwell Waterside	GB	ESS	1-3-----	0
GBDWY	Dewsbury	GB	KIR	1-------	0
GBDXY	Derby	GB	DBY	1-------	0
GBDYB	Dalgety Bay	GB	FIF	1-3--6--	0
GBDYN	Ardyne	GB	AGB	1-------	0
GBDYS	Dysart	GB	FIF	123-----	0
GBEAA	Easdale, Seil	GB	AGB	1-3-----	0
GBEAM	Eastham	GB	LIV	1-------	0
GBEBO	Eastbourne	GB	ESX	123-----	0
GBECO	Earls Colne	GB	ESS	1-3-----	0
GBECS	Eccles	GB	SLF	1-------	0
GBEDI	Edinburgh	GB	EDH	1--4----	0
GBEEN	Shobdon	GB	HEF	1-------	0
GBEER	Deerness	GB	ORK	1-------	0
GBEGI	Egilsay	GB	ORK	1-3-----	0
GBEGO	Elgol, Isle of Skye	GB	HLD	1-3-----	0
GBEHY	East Hyde	GB	CBF	123-----	0
GBEIL	Sheildaig	GB		1-------	0
GBEIN	Eling	GB	HAM	1-------	0
GBEKN	Eisken	GB	ELS	1-------	0
GBELB	Ellenabeich, Seil	GB	AGB	1-3-----	0
GBELI	Elie	GB	FIF	123-----	0
GBELL	Ellesmere Port	GB	CHW	1-------	0
GBELS	Elsham	GB	NLN	1-------	0
GBEME	East Mersea	GB		1-3-----	0
GBEMN	Hempton	GB	NFK	1-------	0
GBENB	Tenbury	GB	WOR	1----6--	0
GBENH	Beenham	GB	WBK	1----6--	0
GBENN	Pennan	GB	ABD	1-------	0
GBENT	Brent	GB		1-------	0
GBEON	Seaton	GB	DEV	123-----	0
GBERE	Stamford Bridge	GB	ERY	1----6--	0
GBERI	Erith	GB	BEX	123-----	0
GBESD	Willesden	GB	BEN	123-----	0
GBESG	Easington	GB	DUR	1-------	0
GBESH	Shoreham-by-Sea	GB	WSX	123-----	0
GBESK	Eishken	GB	ELS	1-------	0
GBESS	Eshaness	GB	ZET	1-------	0
GBESW	East Wellow	GB	HAM	1-------	0
GBEVT	Evanton	GB	HLD	1-3-----	0
GBEWL	Elmswell	GB	SFK	1-------	0
GBEWT	East Wittering	GB	WSX	1-------	0
GBEXE	Exeter	GB		1--4----	0
GBEXM	Exmouth	GB		1-------	0
GBEYM	Eyemouth	GB	SCB	1-3-----	0
GBFAI	Fairisle	GB	ZET	1-------	0
GBFAL	Falmouth	GB	CON	1-------	0
GBFAS	Faslane	GB	AGB	1-------	0
GBFAV	Faversham	GB	KEN	1-------	0
GBFAW	Fawley	GB	HAM	1-------	0
GBFBH	Flamborough	GB	ERY	1-3-----	0
GBFBU	Fishbourne	GB	IOW	1-3-----	0
GBFDK	Fosdyke	GB	LIN	1-------	0
GBFEB	Ferrybridge	GB	WKF	1-3-----	0
GBFEE	Fairlie	GB	NAY	123-----	0
GBFEI	Felbrigg	GB	NFK	1-3-----	0
GBFEO	Feolin Ferry	GB	AGB	1-3-----	0
GBFID	Findochty	GB	MRY	1-3-----	0
GBFIH	Fisherrow/Musselburgh	GB	ELN	123-----	0
GBFIN	Findhorn	GB	MRY	1-3-----	0
GBFIO	Fionnphort, Isle of Mull	GB	AGB	1-3-----	0
GBFIS	Fishguard	GB	PEM	1-------	0
GBFLE	Fleetwood	GB	LAN	1-------	0
GBFLH	Flotta	GB	ORK	1--4----	0
GBFLK	Flookburgh	GB	CMA	1-------	0
GBFLN	Flaxton	GB	NYK	1----6--	0
GBFLT	Farlington	GB	NYK	1-3-----	0
GBFLU	Flushing	GB	CON	1-------	0
GBFLW	Flixborough	GB	NLN	1-------	0
GBFNH	Fishnish, Isle of Mull	GB	AGB	1-3-----	0
GBFNT	Finnart	GB	PKN	1-------	0
GBFNV	Foinaven	GB		1-----7-	0
GBFOI	Foindlemore - Loch Glendhu	GB	HLD	1-------	0
GBFOL	Folkestone	GB	KEN	123-----	0
GBFOR	Forth	GB	SLK	1-------	0
GBFOW	Frisby on the Wreake	GB	LEC	1-------	0
GBFOY	Fowey	GB	CON	1-------	0
GBFRB	Fraserburgh	GB	ABD	1-------	0
GBFRD	Ferndale	GB	RCT	1-------	0
GBFRH	Fingringhoe	GB	ESS	1-------	0
GBFRI	Frinton-on-Sea	GB	ESS	123-----	0
GBFRM	Formby	GB	SFT	123-----	0
GBFRW	Freshwater	GB	PEM	1-3-----	0
GBFRX	Ferrybridge	GB	DOR	1-------	0
GBFTI	The Forties	GB	DBY	1-------	0
GBFTR	Fortrose	GB	HLD	1-------	0
GBFUC	Waterfoot	GB	IOW	1-------	0
GBFUR	Furnace	GB	AGB	1-------	0
GBFUU	Thurnscoe	GB	BNS	1-------	0
GBFWE	Freshwater East	GB	PEM	1-3-----	0
GBFWM	Fort William	GB	HLD	123-----	0
GBFXT	Felixstowe	GB	SFK	1-------	0
GBFYD	Ferryside	GB	CMN	1-------	0
GBGAD	Garelochhead	GB	AGB	1-------	0
GBGAE	Graemsay	GB	ORK	1-------	0
GBGAI	Gainsborough	GB	LIN	1-------	0
GBGAR	Gairloch	GB	HLD	1-3-----	0
GBGAS	Galmisdale, Eigg	GB	HLD	1-3-----	0
GBGAT	Gateshead	GB	GAT	1-------	0
GBGAW	Gaerwen	GB	GWN	1-------	0
GBGBS	Goring-by-Sea	GB	WSX	1-3-----	0
GBGDB	Guardbridge	GB	FIF	1-3-----	0
GBGDN	Gardenstown	GB	ABD	1-3-----	0
GBGIG	Ardminish, Gigha Island	GB	AGB	1-3-----	0
GBGIL	Gillingham	GB	MDW	123-----	0
GBGIR	Girvan	GB	SAY	1-------	0
GBGIS	Garlieston	GB	DGY	1-------	0
GBGIV	Govilon	GB	MON	1----6--	0
GBGL9	Poulton	GB	GLS	1----6--	0
GBGLA	Glenarm	GB	ANT	1-------	0
GBGLC	Glenluce	GB	DGY	1----6--	0
GBGLD	Glasson Dock	GB	LAN	1-------	0
GBGLG	Glenuig	GB	HLD	1-------	0
GBGLH	Gareloch	GB	AGB	1-------	0
GBGLO	Gloucester	GB	GLS	1--4----	0
GBGLP	Golspie	GB	HLD	123-----	0
GBGLW	Glasgow	GB	GLG	1--45---	0
GBGMA	Glenmallan	GB	AGB	1-------	0
GBGMY	Grimsay	GB	ELS	1-------	0
GBGNC	Greencastle	GB	DOW	1-------	0
GBGNL	Glenelg	GB	HLD	1-------	0
GBGNQ	Gunthorpe	GB	NFK	1-3-----	0
GBGOA	Great Oakley	GB	ESS	1-3-----	0
GBGOO	Goole	GB	ERY	1-------	0
GBGOR	Gorran Haven	GB	CON	1-3-----	0
GBGOS	Gosport	GB	HAM	1-------	0
GBGOX	Goxhill	GB	NEL	1-----7-	0
GBGRG	Grangemouth	GB	FAL	1-------	0
GBGRH	Great Harwood	GB	LAN	1-------	0
GBGRJ	Grovehurst Jetty/Sittingbourne	GB	KEN	1-3-----	0
GBGRK	Greenock	GB	IVC	1-------	0
GBGRN	Granton	GB	EDH	123-----	0
GBGRO	Groomsport	GB	NDN	1-3-----	0
GBGRU	Grutness	GB	ZET	1-3-----	0
GBGRW	Grove Port	GB	NTT	1-------	0
GBGSA	Glensanda	GB	HLD	1-------	0
GBGSR	Aldersgate	GB	LND	1-3-----	0
GBGSY	Grimsby	GB	NEL	1--4----	0
GBGTN	Garston	GB	LIV	1-------	0
GBGTY	Great Yarmouth	GB	NFK	1-------	0
GBGUD	Gourdon	GB	ABD	1-3-----	0
GBGUR	Gourock	GB	IVC	1-------	0
GBGUT	Gutcher, Yell	GB	ZET	1-3-----	0
GBGUW	Gunness Wharf	GB	NLN	1-------	0
GBGVL	Gulval	GB	CON	1-------	0
GBGVS	Gravesend	GB	KEN	1-------	0
GBGWG	Great Wakering	GB	ESS	1-------	0
GBGWK	Gweek	GB	CON	1-3-----	0
GBGYL	Argyll	GB	AGB	1-------	0
GBGYS	Grays	GB	ESS	1-------	0
GBHA2	Ashley	GB	HAM	1-3-----	0
GBHAA	Harraby	GB	CMA	1-------	0
GBHAM	Hamble	GB	HAM	1-------	0
GBHAY	Hayle	GB	CON	1-------	0
GBHBK	Hest Bank	GB	LAN	1-------	0
GBHDB	Hilton/Derby	GB	DBY	1-------	0
GBHDD	Howdendyke	GB	ERY	1-------	0
GBHDF	Huddersfield	GB	KIR	1-------	0
GBHDN	Haslingden	GB	LAN	1-------	0
GBHDR	Helford River	GB	CON	1-------	0
GBHDS	Holland on Sea	GB	ESS	1-------	0
GBHEB	Hebburn	GB	STY	1-------	0
GBHEQ	Heaton	GB	LAN	1-------	0
GBHGW	Hightown	GB	SFT	123-----	0
GBHGY	Hougharry and Loch Eport	GB	ELS	1-------	0
GBHHN	Holehaven	GB		1-------	0
GBHKI	Halkirk	GB	HLD	1-3--6--	0
GBHLN	Helensburgh	GB	AGB	123-----	0
GBHLO	Holy Loch	GB	AGB	1-3-----	0
GBHLU	Hunslet/Leeds	GB	LDS	123-----	0
GBHLY	Holyhead	GB	GWN	1--4----	0
GBHMA	Helmsdale	GB	HLD	123-----	0
GBHMV	Hamnavoe, Burra Isle	GB	ZET	1-3-----	0
GBHMY	Hemsby	GB	NFK	1-3-----	0
GBHNS	Hamars Ness, Fetlar	GB	ZET	1-3-----	0
GBHNT	Hunstanton	GB	NFK	1-------	0
GBHNU	Hainault	GB	RDB	1-------	0
GBHOJ	Howdon	GB	STY	123-----	0
GBHOM	Holm	GB	ORK	1-------	0
GBHOP	Hopeman	GB	MRY	1-3-----	0
GBHOS	Hoswick	GB	ZET	1-3-----	0
GBHOV	Housa Voe, Papa Stour	GB	ZET	1-3-----	0
GBHP2	Greatham	GB	HPL	1-3-----	0
GBHPC	Hope Cove	GB	DEV	1-------	0
GBHPT	Hound Point	GB	FIF	1-------	0
GBHRF	Harefield	GB	HIL	1-------	0
GBHRL	Harlow	GB	ESS	1-------	0
GBHRN	Herne Bay	GB	KEN	123-----	0
GBHRW	Harwich	GB	ESS	1-------	0
GBHSE	Hessle/Hull	GB	KHL	123-----	0
GBHST	Hunterston	GB	NAY	1-------	0
GBHTA	Streatham	GB	LND	1-------	0
GBHTG	Hastings	GB	ESX	1-3-----	0
GBHTH	Hythe	GB	KEN	123-----	0
GBHTP	Hartlepool	GB	HPL	1-3-----	0
GBHTS	Whitehills	GB	ABD	1-------	0
GBHTT	Hetton	GB	NYK	1-------	0
GBHUL	Hull	GB	ERY	1-------	0
GBHUT	Houton	GB	ORK	1-3-----	0
GBHUX	Hutton	GB	ESS	1----6--	0
GBHVO	Ham Voe, Foula	GB	ZET	1-3-----	0
GBHWV	Howwood	GB	RFW	1-3-----	0
GBHWZ	Hugh Town	GB	CON	1-------	0
GBHXL	Goxhill	GB	ERY	1----6--	0
GBHXX	Hedon	GB		1-------	0
GBHYG	Hayling Island	GB	HAM	1-3-----	0
GBHYI	Holy Island	GB	NBL	1-------	0
GBHYM	Heysham	GB	LAN	1-------	0
GBHYR	Heybridge	GB		1-------	0
GBIAY	Inverallochy	GB	ABD	1-------	0
GBICH	Inchture	GB	PKN	1-3-----	0
GBIFN	Shifnal	GB	SHR	1-------	0
GBIGG	Eigg	GB	HLD	1-------	0
GBIGM	Ingoldmells	GB	LIN	1-3-----	0
GBIGT	Ingatestone	GB	ESS	1-------	0
GBILF	Ilfracombe	GB		1-3-----	0
GBILL	Gills	GB	HLD	1-3-----	0
GBIMG	Islandmagee	GB	ANT	1-------	0
GBIMM	Immingham	GB	NEL	1-------	0
GBINK	Inverkeithing	GB	FIF	1-------	0
GBINR	Inverie	GB	HLD	1-------	0
GBINS	Instow	GB	DEV	1-------	0
GBINT	Wintringham	GB	NYK	1-------	0
GBINV	Inverness	GB	HLD	1--4----	0
GBIOG	Isle of Grain	GB	KEN	1-------	0
GBION	Baile Mor, Iona	GB	AGB	1-3-----	0
GBIOS	Isle of Sheppey	GB	KEN	1-------	0
GBIPS	Ipswich	GB	SFK	1--4----	0
GBIRB	Irby	GB	CON	1-------	0
GBIRE	Leire	GB	LEC	1-------	0
GBIRV	Irvine	GB	NAY	1-------	0
GBISA	Port Isaac	GB	CON	1-3-----	0
GBISY	Islay	GB	AGB	1-------	0
GBITC	Itchenor	GB	WSX	1-------	0
GBIVG	Invergordon	GB	HLD	1-------	0
GBIVK	Inverkip	GB	IVC	123-----	0
GBIVR	Inveraray	GB	AGB	1-------	0
GBJAR	Jarrow	GB	STY	1-------	0
GBJHV	Johnshaven	GB	ABD	1-3-----	0
GBJHW	Crown Dry-Dock	GB	KHL	1-------	0
GBJOG	John O'Groats	GB	HLD	1-3-----	0
GBJTB	Johnstonebridge	GB	DGY	123-----	0
GBJUR	Jura	GB	AGB	1-------	0
GBKAL	Kallin (Ceallan), Isle of Grimsay	GB	ELS	1-3-----	0
GBKBE	Kinlochbervie	GB	HLD	1-------	0
GBKBK	Burstwick	GB	ERY	1-3-----	0
GBKBT	Kirkcudbright	GB	DGY	1-3-----	0
GBKCG	Kennacraig	GB	AGB	1-------	0
GBKCN	Kircubbin	GB	DOW	1-------	0
GBKDE	Kincardine	GB	FIF	1-------	0
GBKEA	Keadby	GB	NLN	1-------	0
GBKEI	Keighley	GB	BRD	1-------	0
GBKES	Keiss	GB	HLD	1-3-----	0
GBKET	Kettletoft, Sanday	GB	ORK	1-3-----	0
GBKEV	Keyhaven	GB	HAM	1-3-----	0
GBKGH	Killingholme	GB	LIN	1-------	0
GBKHA	Thakeham	GB	WSX	1----6--	0
GBKHN	Kinghorn	GB	FIF	1-------	0
GBKIB	Kingsbridge	GB	DEV	1-3-----	0
GBKIC	Kilcreggan	GB	AGB	1-3-----	0
GBKIH	Kirkham	GB	NYK	1-------	0
GBKIM	Kimmeridge	GB	DOR	1-------	0
GBKIO	Killough	GB	DOW	1-3-----	0
GBKIP	Kippford	GB	DGY	1-3-----	0
GBKIS	Kishorn	GB	HLD	1-3-----	0
GBKKD	Kirkcaldy	GB	FIF	1-------	0
GBKKH	Kirkheaton	GB	NFK	1-------	0
GBKKL	Kirkby Lonsdale	GB	CMA	1-------	0
GBKKN	Kirkconnel	GB	DGY	1-3-----	0
GBKLK	Kilkeel	GB	NYM	1-3-----	0
GBKLN	King's Lynn	GB	NFK	123-----	0
GBKLR	Kilroot	GB	ANT	1-------	0
GBKLY	Kilgetty	GB	PEM	1-------	0
GBKMI	Kemsing	GB	KEN	123--6--	0
GBKNC	Kinlochleven	GB	AGB	1-------	0
GBKNK	Kingsnorth	GB	KEN	1-------	0
GBKOA	Kilchoan	GB	HLD	1-------	0
GBKOH	Kinloch, Rum	GB	HLD	1-3-----	0
GBKRM	Kirtomy	GB	HLD	1-------	0
GBKSF	Knutsford	GB	CHE	1-------	0
GBKTT	Ketteringham	GB	NFK	1-3-----	0
GBKWE	Kingswear	GB	DEV	1-------	0
GBKWH	Hatston	GB	ORK	1--4----	0
GBKWL	Kirkwall	GB	ORK	1--4----	0
GBKYE	Kyles of Bute	GB	AGB	1-------	0
GBKYH	Killyleagh	GB		1-------	0
GBKYL	Kyle of Lochalsh	GB	HLD	1-3-----	0
GBKYN	Kyleakin	GB	HLD	1-3-----	0
GBKYU	Kylesku	GB	HLD	1-3-----	0
GBLAB	Llanaber	GB	GWN	1-3-----	0
GBLAH	Lamlash	GB	NAY	1-------	0
GBLAN	Lancaster	GB	LAN	1-------	0
GBLAO	Landore	GB	SWA	1-3-----	0
GBLAR	Larne	GB	LRN	1-------	0
GBLAV	Lavenham	GB	SFK	1-3-----	0
GBLAX	Laxo	GB	ZET	1-------	0
GBLBA	Leeds	GB	LDS	1234----	0
GBLBD	Lochboisdale (Loch Baghasdail), South Uist	GB	ELS	1-3-----	0
GBLBE	Loch Buie (Mull)	GB	AGB	1-------	0
GBLBH	Lamb Head	GB	ORK	1-------	0
GBLCA	Lochawe	GB	AGB	123-----	0
GBLCC	Loch Carnan	GB	ELS	1-------	0
GBLCD	Loch Torridon	GB	HLD	1-------	0
GBLCG	Loch Long	GB	AGB	1-------	0
GBLCM	Lytchett Minster	GB	DOR	1-------	0
GBLCN	Lincoln	GB	LIN	1-------	0
GBLCR	Lochcarron	GB	HLD	1-3-----	0
GBLCS	Leicester	GB	LEC	1-------	0
GBLDC	Ladock	GB	CON	1-------	0
GBLDO	Llandudno	GB	GWN	123-----	0
GBLDS	Saint Leonards-on-Sea	GB	ESX	123-----	0
GBLDV	Llandovery	GB	CMN	1-------	0
GBLDY	Londonderry	GB	DRY	1--4----	0
GBLEA	Long Eaton	GB	DBY	1-------	0
GBLEI	Leith	GB	EDH	1-------	0
GBLEQ	Land's End	GB	CON	1-34----	0
GBLER	Lerwick	GB	ZET	1--4----	0
GBLEW	Edgeware	GB	LND	1-------	0
GBLFF	Llansteffan	GB	CMN	1-------	0
GBLGO	Largo	GB	FIF	1-3-----	0
GBLGP	London Gateway Port	GB	ESS	123--6--	0
GBLGS	Largs	GB	NAY	1-3-----	0
GBLHO	Longhope, Hoy	GB	ORK	1-3-----	0
GBLHP	Longhope	GB	GLS	1-------	0
GBLHS	Loch Striven	GB	AGB	1-------	0
GBLHT	Little Hulton	GB	SLF	1-------	0
GBLHV	Little Haven	GB	PEM	1-------	0
GBLIB	Liverpool Bay Terminal	GB		1-------	0
GBLIF	Foston	GB	LIN	1-------	0
GBLIT	Littlehampton	GB	WSX	1-------	0
GBLIV	Liverpool	GB	LIV	1--4----	0
GBLL3	Lullington	GB	DBY	1----6--	0
GBLLD	Llanddulas	GB	CWY	1-3-----	0
GBLLN	Llanelli	GB	CMN	1-------	0
GBLLO	Llanon	GB	CGN	1-------	0
GBLLS	Llanstephan	GB	CMN	1-3-----	0
GBLLU	Littlebourne	GB	KEN	1-------	0
GBLLZ	Llanidloes	GB	POW	1-------	0
GBLMA	Lochmaddy	GB	ELS	1-------	0
GBLMK	Limekilns	GB	FIF	1-3-----	0
GBLMN	Ballymartin	GB	NMD	1-------	0
GBLMT	Llansamlet	GB	SWA	1-------	0
GBLNA	Lochearnhead	GB	STG	1-3-----	0
GBLND	Llandow	GB	VGL	1-------	0
GBLNG	Llangadog	GB	CMN	1-------	0
GBLNL	Llangollen	GB	DEN	1-------	0
GBLNM	Lynmouth	GB		1-3-----	0
GBLOE	Looe	GB	CON	123-----	0
GBLOK	Little Oakley	GB	ESS	1-------	0
GBLOL	Lochaline	GB	HLD	1-------	0
GBLON	London	GB	LND	1---5---	0
GBLOS	Leigh-on-Sea	GB	ESS	1-------	0
GBLOU	Loughborough	GB	LEC	1-------	0
GBLOV	Lochinver	GB	HLD	1-------	0
GBLOW	Lowestoft	GB	SFK	1-------	0
GBLOY	Walls	GB	ORK	1-------	0
GBLOZ	Lode	GB	NFK	1-------	0
GBLRG	Lairg	GB	HLD	1-3-----	0
GBLRP	Loch Ryan Pt	GB	DGY	1-------	0
GBLRZ	Lochranza, Isle of Arran	GB	NAY	1-3-----	0
GBLSC	Loch Scridain (Isle Mull)	GB	AGB	1-------	0
GBLSH	Langstone	GB	HAM	123-----	0
GBLSM	Lismore Island	GB	AGB	1-------	0
GBLSS	Lossiemouth	GB	MRY	1--4----	0
GBLTD	Bolt Head	GB		1-------	0
GBLTL	Littlebrook	GB	KEN	1-------	0
GBLTP	London Thamesport	GB	KEN	123-----	0
GBLTS	Loth, Sanday	GB	ORK	1-3-----	0
GBLUG	Lugton	GB	EAY	123-----	0
GBLUI	South Cuan, Luing	GB	AGB	1-3-----	0
GBLUL	Lulworth Camp	GB	DOR	1-3-----	0
GBLUX	Luxulyan	GB	CON	123-----	0
GBLVK	Levenwick	GB	ZET	1-------	0
GBLVR	Leverburgh, Harris	GB	ELS	1-3-----	0
GBLWC	Lulworth Cove	GB	DOR	1-------	0
GBLWL	Latheronwheel	GB	HLD	1-------	0
GBLWT	West Thurrock	GB	ESS	123-----	0
GBLXG	Luxborough	GB	SOM	1-------	0
GBLXY	Loxley	GB	SHF	1-------	0
GBLYB	Lybster	GB	HLD	1-3-----	0
GBLYD	Lydney	GB	GLS	1-3-----	0
GBLYL	Leyland	GB	LAN	1-------	0
GBLYM	Lymington	GB	HAM	1-------	0
GBLYR	Lyme Regis	GB	DOR	1-3-----	0
GBLYS	Lyness	GB	ORK	1-------	0
GBLYT	Lynton	GB	DEV	1-------	0
GBLYW	Ballywalter	GB	NMD	1-------	0
GBM89	Miserden	GB	GLS	1----6--	0
GBMAI	Maidens	GB	SAY	1-------	0
GBMAL	Maldon	GB	ESS	1-------	0
GBMAW	Marchwood	GB	HAM	12------	0
GBMBT	Market Bosworth	GB	LEC	1-------	0
GBMCD	Macduff	GB	ABD	1-------	0
GBMCL	Macclesfield	GB	CHE	1-------	0
GBMDE	Bramdean	GB	HAM	1----6--	0
GBMDI	Ardwick	GB	MAN	1-------	0
GBMDL	Middleham	GB	NYK	1-3--6--	0
GBMDW	Middlewich	GB	CHE	1-------	0
GBMEB	Menai Bridge	GB	GWN	1-------	0
GBMED	Med	GB	MDW	1-------	0
GBMES	Medstead	GB	HAM	1-3-----	0
GBMFN	Morfa Nefyn	GB	GWN	1-------	0
GBMFS	Milford-on-Sea	GB	HAM	1-------	0
GBMFY	Meikle Ferry	GB	HLD	1-------	0
GBMGH	Maghera	GB	NBL	1-3-----	0
GBMGO	Magheramorne	GB		1-------	0
GBMGP	Magilligan Point Ferry Terminal, Lough Foyle	GB	LMV	1-3-----	0
GBMGT	Margate	GB	KEN	1-3-----	0
GBMHD	Minehead	GB	SOM	123-----	0
GBMHJ	Meppershall	GB	CBF	1----6--	0
GBMHT	Martlesham Heath	GB	SFK	1-------	0
GBMID	Middlesbrough	GB	RCC	123-----	0
GBMIS	Mistley	GB	ESS	1-------	0
GBMLF	Milford Haven	GB	PEM	1-------	0
GBMLG	Mallaig	GB	HLD	1-------	0
GBMLI	Mullion	GB	CON	1-3-----	0
GBMLM	Millom	GB	CMA	1-------	0
GBMLP	Millport, Great Cumbrae	GB	NAY	1-3-----	0
GBMML	Melmerby	GB	CMA	1-3-----	0
GBMMR	Mossmoran	GB	FIF	1-----7-	0
GBMNC	Manchester	GB	MAN	1--4----	0
GBMNS	Moaness, Hoy	GB	ORK	1-3-----	0
GBMON	Montrose	GB	ANS	1-------	0
GBMRB	Maryfield, Bressay	GB	ZET	1-3-----	0
GBMRR	Moelfre Roads	GB		1-------	0
GBMRS	Morston	GB	NFK	1-3-----	0
GBMRY	Maryport	GB	CMA	1-3-----	0
GBMSC	Manchester Ship Canal, Salford	GB	MAN	123-----	0
GBMSD	Maitresse Island	GB		1-------	0
GBMSH	Mousehole	GB	CON	1-3-----	0
GBMSI	Great Massingham	GB	NFK	1-------	0
GBMTH	Methil	GB	FIF	1-------	0
GBMTP	Mablethorpe	GB	LIN	1-------	0
GBMUA	Muasdale	GB	AGB	1-------	0
GBMVC	Moreton Valence	GB	GLS	1-------	0
GBMVG	Mevagissey	GB	CON	1-3-----	0
GBMYE	Mid Yell	GB	ZET	1-3-----	0
GBMYL	Mylor	GB	CON	1-------	0
GBMYN	Maydown	GB	DRY	1-3-----	0
GBMYS	Maylandsea	GB	ESS	1-3-----	0
GBMYW	Maesycwmmer	GB	CAY	123--6--	0
GBNAI	Nairn	GB	HLD	123-----	0
GBNAR	Arran	GB	NAY	1-------	0
GBNBC	Newbiggin by the Sea	GB	NBL	1-------	0
GBNBI	Nethy Bridge	GB	HLD	1-3--6--	0
GBNBS	Newton by the Sea	GB	NBL	1-------	0
GBNBU	Newburgh	GB	FIF	1-------	0
GBNBW	North Berwick	GB	ELN	123-----	0
GBNCL	Newcastle upon Tyne	GB	NET	1-34----	0
GBNCN	Norton Canes	GB	STS	1-3-----	0
GBNCS	Newcastle	GB	DOW	1-3-----	0
GBNCY	Newcastle Emlyn	GB	CMN	1-3-----	0
GBNDY	Sanday	GB	ORK	1--4----	0
GBNEA	Neath	GB	NTL	123-----	0
GBNEF	Nefyn	GB	GWN	1-3-----	0
GBNEH	Neap House	GB	NLN	1-------	0
GBNFC	North Finchley	GB	BNE	1-------	0
GBNFK	Hoverton	GB	NFK	1-------	0
GBNFR	Friden	GB		1-------	0
GBNFT	Northfleet	GB	KEN	1-------	0
GBNGG	Nigg	GB	HLD	123-----	0
GBNGI	Newbiggin	GB	NBL	1-------	0
GBNHC	North Cove	GB	SFK	1-------	0
GBNHO	New Holland	GB	NLN	1-------	0
GBNHS	North Harris	GB	ELS	1-------	0
GBNHV	Newhaven	GB	ESX	1-------	0
GBNLE	Thornley	GB	DUR	1----6--	0
GBNLN	Nelson	GB	LAN	1-------	0
GBNME	Northmavine	GB	ZET	1-------	0
GBNMT	North Marston	GB	BKM	1-------	0
GBNMY	Normans Bay	GB	WSX	1-3-----	0
GBNNR	Normanton le Heath	GB	LEC	1-3-----	0
GBNO2	Gretton	GB	NTH	1-3-----	0
GBNOH	North Haven, Fair Isle	GB	ZET	1-3-----	0
GBNOQ	North Queensferry	GB	FIF	123-----	0
GBNOT	Norton	GB	NYK	1-3--6--	0
GBNPO	Newport	GB	IOW	1-------	0
GBNPT	Newport	GB	BGW	1-------	0
GBNRB	Northbay	GB	ELS	1-------	0
GBNRF	North Ferriby	GB	ERY	1-------	0
GBNRM	North Walsham	GB	NFK	1-------	0
GBNRO	North Ronaldsay	GB	ORK	1-------	0
GBNRR	North Roe to Hillswick	GB	ZET	1-------	0
GBNRW	Norwich	GB	NFK	1--4----	0
GBNRY	Newry	GB	DOW	1-------	0
GBNSA	Ness	GB	ELS	1-------	0
GBNSD	North Sunderland	GB	NBL	1-------	0
GBNSH	North Shields	GB	NTY	1-------	0
GBNSN	Neilston	GB	ERW	1-------	0
GBNSS	Thorpeness	GB		1----6--	0
GBNTF	Newton Ferrers	GB	DEV	1-3-----	0
GBNTG	Nottingham	GB	NTT	1-------	0
GBNTH	Northwich	GB	CHW	1-------	0
GBNTL	North Lochs	GB	ELS	1-------	0
GBNTW	Nantwich	GB	CHE	1-------	0
GBNTZ	North Tawton	GB	DEV	1-------	0
GBNUI	North Uist	GB	ELS	1-------	0
GBNWF	Newhaven/Edinburgh	GB	EDH	123-----	0
GBNWK	Newark	GB	DGY	1-------	0
GBNWN	Newtown	GB	IOW	1-3-----	0
GBNY2	Buckden	GB	NYK	1-3-----	0
GBNYD	Neyland	GB	PEM	1-------	0
GBNYL	Newlyn	GB	CON	1-------	0
GBOAK	Oakhamness	GB		1-------	0
GBOBA	Oban	GB	AGB	1--4----	0
GBOBR	Oulton Broad	GB	SFK	1-------	0
GBOCH	Lochs	GB	ELS	1-------	0
GBODD	Oddsta, Fetlar	GB	ZET	1-3-----	0
GBODH	Oldham	GB	OLD	1-------	0
GBODL	Old Dalby	GB	LEC	1-------	0
GBODO	Old Dornie	GB	HLD	1-3-----	0
GBOGH	Brough	GB	ERY	1-------	0
GBOHM	Bosham	GB	WSX	1-------	0
GBOHT	Shotts	GB	NLK	1-------	0
GBOKK	Old Kilpatrick	GB	WDU	1-------	0
GBOLL	Coll	GB	AGB	1-------	0
GBOOR	Buntingford	GB	ESX	1-------	0
GBOOT	Hooton	GB	CHW	1-------	0
GBORH	Orford	GB	SFK	1-3-----	0
GBORK	Orkney	GB	ORK	1-------	0
GBORR	Corran	GB	AGB	1-------	0
GBOTC	South Lochs	GB	ELS	1-------	0
GBOTR	Otternish, North Uist	GB	ELS	1-3-----	0
GBOWW	Oswaldtwistle	GB	LAN	1-------	0
GBOYL	Poyle	GB	WBK	1-------	0
GBPAD	Padstow	GB	CON	1-------	0
GBPAE	Pentraeth	GB	AGY	1-------	0
GBPAG	Paglesham	GB	ESS	1-------	0
GBPAK	Port Askaig	GB	AGB	1-------	0
GBPAL	Palnackie	GB	DGY	1-------	0
GBPAP	Port Appin	GB	AGB	1-3-----	0
GBPAR	Par	GB	CON	1-------	0
GBPAT	Paddington	GB	KEC	1-3-----	0
GBPBA	Portballintrae	GB	MYL	1-3-----	0
GBPBD	Pembridge	GB	HEF	1-------	0
GBPBM	Prenton/Birkenhead	GB	WRL	1-3-----	0
GBPCO	Porth Colmon	GB		1-------	0
GBPCW	Porthcawl	GB	BGE	1-3-----	0
GBPDD	Pen-Clawdd	GB	SWA	1-------	0
GBPDI	Port Dinorwic	GB	GWN	1-------	0
GBPDL	Pontardulais	GB	SWA	1-3-----	0
GBPED	Pembroke Dock	GB	PEM	1-------	0
GBPEG	Port Edgar	GB	EDH	1-3-----	0
GBPEM	Pembroke	GB	PEM	1-------	0
GBPEN	Penzance	GB	CON	1--4----	0
GBPER	Perth	GB	PKN	1--4----	0
GBPFT	Purfleet	GB	ESS	1-------	0
GBPFY	Portaferry	GB	ARD	1-3-----	0
GBPGD	Portgordon	GB	MRY	1-------	0
GBPGG	Port Glasgow	GB	IVC	1-------	0
GBPGI	Porthgain	GB	PEM	1-------	0
GBPGV	Port Gaverne	GB	CON	1-3-----	0
GBPHD	Peterhead	GB	ABD	1-------	0
GBPHV	Peacehaven	GB	ESX	1-------	0
GBPI7	Pitney	GB	SOM	1-3-----	0
GBPIE	Pierowall, Westray	GB	ORK	1-3-----	0
GBPKA	Portskerra	GB	HLD	1-------	0
GBPKD	Penkridge	GB	STS	1-------	0
GBPKL	Pocklington	GB	ERY	1-------	0
GBPKN	Portknockie	GB	MRY	1-3-----	0
GBPKR	Pickering	GB	NYK	123--6--	0
GBPLN	Port Ellen	GB	AGB	1-------	0
GBPLO	Plockton	GB	HLD	123-----	0
GBPLP	Polperro	GB	CON	1-3-----	0
GBPLR	Polruan	GB		1-------	0
GBPLV	Porthleven	GB	CON	1-3-----	0
GBPLY	Plymouth	GB		1--4----	0
GBPMD	Portmadoc	GB	GWN	1-------	0
GBPME	Portsmouth	GB	HAM	1--4----	0
GBPMK	Portmahomack	GB	HLD	1-3-----	0
GBPMM	Penmaenmawr	GB	GWN	1-------	0
GBPMR	Port Mor, Muck	GB	HLD	1-3-----	0
GBPMY	Pembrey	GB	PEM	1-------	0
GBPNA	Patna	GB	EAY	123--6--	0
GBPNB	Penberth	GB	CON	1-3-----	0
GBPNE	Pendeen	GB		1-------	0
GBPNG	Portnalong	GB	HLD	1-------	0
GBPNH	Penarth	GB	VGL	123-----	0
GBPNV	Portnahaven	GB	AGB	1-------	0
GBPOC	Port Clarence	GB	STT	123-----	0
GBPOG	Port Logan	GB	DGY	1-------	0
GBPOH	Porthoustock	GB	CON	1-3-----	0
GBPOI	Point, Island of Lismore	GB	AGB	1-3-----	0
GBPOO	Poole	GB	DOR	1-------	0
GBPOR	Porth	GB	RCT	123-----	0
GBPPE	Port Penrhyn	GB	GWN	1-------	0
GBPPG	Pipe Gate	GB	SHR	1-------	0
GBPPK	Portpatrick	GB	DGY	1-3-----	0
GBPPO	Saint Peter Port	GB		1-3-----	0
GBPPW	Papa Westray	GB	ORK	1-34----	0
GBPQT	Bishopsteignton	GB	DEV	1----6--	0
GBPRE	Preston	GB	LAN	123-----	0
GBPRJ	Portreath	GB	CON	1-3-----	0
GBPRL	Portloe	GB	CON	1-3-----	0
GBPRN	Portnaguran and Ness	GB	ELS	1-------	0
GBPRP	Portincaple	GB	AGB	1-------	0
GBPRT	Portree	GB	HLD	1-------	0
GBPRU	Portbury	GB	NSM	1-3-----	0
GBPRY	Penryn	GB	CON	1-------	0
GBPRZ	Porlock	GB	SOM	1-------	0
GBPSB	Sutton Bridge	GB	LIN	1-3-----	0
GBPSC	Portscatho	GB	CON	1-3-----	0
GBPSE	Port Seton	GB	ELN	1-3-----	0
GBPSM	Port Saint Mary	GB		1-------	0
GBPST	Parkeston Quay	GB	ESS	1-------	0
GBPSU	Port Sunlight	GB	WRL	1-------	0
GBPSW	Portstewart	GB	CLR	1-3-----	0
GBPSY	Portsoy	GB	ABD	1-3-----	0
GBPTB	Port Talbot	GB	NTL	1-------	0
GBPTC	Pettycur	GB	FIF	123-----	0
GBPTD	Porthmadog	GB	GWN	1-------	0
GBPTG	Porthgwarra	GB	CON	1-3-----	0
GBPTH	Portishead	GB	NSM	123-----	0
GBPTL	Portland	GB	DOR	1-------	0
GBPTR	Portrush	GB	ANT	1-------	0
GBPTS	Portslade	GB	ESX	1-------	0
GBPTT	Partington	GB	TRF	1-------	0
GBPVD	Portavadie	GB	AGB	1-3-----	0
GBPVG	Portavogie	GB	ARD	1-3-----	0
GBPWE	Poolewe	GB	HLD	1-------	0
GBPWI	Port William	GB	DGY	1-3-----	0
GBPWL	Pwllheli	GB	GWN	123-----	0
GBPWM	Pittenweem	GB	FIF	1-3-----	0
GBQDL	Quedgeley	GB	GLS	1-------	0
GBQGT	Wallesbourne Hastings	GB	WAR	1----6--	0
GBQUB	Queenborough	GB	KEN	1-------	0
GBQWR	Bishops Castle	GB	SHR	1----6--	0
GBQZL	Clevedon	GB	NSM	1-3-----	0
GBRAP	Rapness, Westray	GB	ORK	1-3-----	0
GBRAS	Clachan, Raasay	GB	HLD	1-3-----	0
GBRAV	Ravensthorpe Dewsbury	GB	KIR	1-------	0
GBRAY	Rothesay, Isle of Bute	GB	AGB	1-34----	0
GBRBB	Robin Hoods Bay	GB	NYK	1-------	0
GBRBD	Rawcliffe Bridge	GB	ERY	1-------	0
GBRBL	Erribol	GB	HLD	1-------	0
GBRCB	Rhu Coigach - Badluachrach	GB	HLD	1-------	0
GBRCD	Bracadale	GB	HLD	1-------	0
GBRCS	Rochester	GB	KEN	1--4----	0
GBRDA	Rossendale	GB	LAN	1-------	0
GBRDH	Rudh Re - Red Point	GB	HLD	1-------	0
GBRDN	Reading	GB	RDG	1---5---	0
GBRDS	Reddish	GB	SKP	1-------	0
GBREA	Reay	GB	HLD	1-3-----	0
GBREB	Redcliff Bay	GB	NSM	1-------	0
GBRED	Red Bay	GB	ANT	1-------	0
GBREJ	Rejerrah	GB	CON	1-------	0
GBREM	Reedham	GB	NFK	1-------	0
GBREN	Renfrew	GB	RFW	1-3-----	0
GBRER	Redcar	GB	RCC	1-------	0
GBREV	Brevig, Barra	GB	ELS	1-------	0
GBRFD	Rochford	GB	ESS	1-------	0
GBRFR	Rock Ferry	GB	WRL	1-------	0
GBRGH	Brough	GB	HLD	1-------	0
GBRGL	Ravenglass	GB	CMA	1-------	0
GBRGN	Mid Glamorgan	GB	ESX	1-------	0
GBRHB	Rhubodach, Isle of Bute	GB	AGB	1-3-----	0
GBRHS	Rhôs-on-Sea	GB	CWY	123-----	0
GBRHU	Rhu	GB	AGB	123-----	0
GBRHY	Rhyl	GB	DEN	1-------	0
GBRIC	Richborough	GB	KEN	1-3-----	0
GBRID	Ridham Dock	GB	KEN	1-------	0
GBRIE	Scourie	GB	HLD	1-------	0
GBRIG	Tendring	GB	OXF	1----6--	0
GBRLG	Bar Light	GB		1-------	0
GBRLW	Carloway	GB	HLD	1-------	0
GBRMB	Ramsbottom	GB	BUR	1-3-----	0
GBRME	Rosemarkie	GB	HLD	1-------	0
GBRMG	Ramsgate	GB	KEN	1-------	0
GBRNE	Rhosneigr	GB	AGY	1-------	0
GBRNN	Bernera (N Uist)	GB	ELS	1-------	0
GBRNR	Bernera (Lewis)	GB	ELS	1-------	0
GBROC	Rock	GB	CON	1-------	0
GBROR	Rostrevor	GB	DOW	1-------	0
GBROU	Rousay	GB	ORK	1-3-----	0
GBROW	Rowhedge	GB	ESS	1-------	0
GBROY	Rosyth	GB	FIF	1-------	0
GBRPH	Reepham	GB		1-------	0
GBRRB	Garrabost	GB	ELS	1-------	0
GBRRD	River Dart	GB	DEV	1-------	0
GBRRO	Carron	GB	HLD	1-------	0
GBRRR	Eardiston	GB	SHR	1-------	0
GBRSB	Birsay	GB	ORK	1-------	0
GBRSH	Rosneath	GB	AGB	1-3-----	0
GBRSL	Thundersley	GB	ESS	1----6--	0
GBRST	Breasclete	GB	ELS	1-------	0
GBRSY	Ramsey	GB	CAM	1-------	0
GBRTH	Rotherham	GB	ROT	1-------	0
GBRTL	Port Erroll	GB	ABD	1-------	0
GBRTY	Rosehearty	GB	ABD	1-3-----	0
GBRUM	Ruan Minor	GB	CON	1-------	0
GBRUN	Runcorn	GB	HAL	1-------	0
GBRVF	River Fowey	GB	CON	1-------	0
GBRWS	Wetheringsett	GB	SFK	1----6--	0
GBRYD	Ryde	GB	IOW	1-3-----	0
GBRYE	Rye	GB	ESX	1-------	0
GBRYL	Reynoldston	GB	SWA	1-3-----	0
GBSAA	Southend-on-Sea	GB	ESS	123--6--	0
GBSAD	Sandford	GB	DEV	1----6--	0
GBSAG	Saint Agnes	GB	CON	1-------	0
GBSAI	Shanklin	GB	IOW	1-------	0
GBSAU	Saundersfoot	GB	PEM	123-----	0
GBSAV	Stratford-upon-Avon	GB	WAR	123-----	0
GBSBA	Stapleford Abbots	GB	ESS	1-------	0
GBSBI	Stowbridge	GB	NFK	12------	0
GBSCA	Scarborough	GB	NYK	1-------	0
GBSCB	Salcombe	GB	DEV	1-3-----	0
GBSCC	Scalpay, Outer Hebridies	GB	ELS	1-3-----	0
GBSCF	Scapa	GB	ORK	1-3-----	0
GBSCG	Scalasaig, Colonsay	GB	AGB	1-3-----	0
GBSCH	Stockinish	GB	ELS	1-------	0
GBSCM	Saint Combs and Charleston	GB	ABD	1-------	0
GBSCN	Scarinish, Tiree	GB	AGB	1-3-----	0
GBSCO	Sconser, Isle of Skye	GB	HLD	1-3-----	0
GBSCP	Scunthorpe	GB	NLN	123-----	0
GBSCR	Scrabster	GB	HLD	1-------	0
GBSCT	Stockton	GB	HEF	1-------	0
GBSDL	Snodland	GB	KEN	1-3-----	0
GBSDM	Sidmouth	GB		1-3-----	0
GBSDO	Sandown	GB	IOW	1-------	0
GBSDQ	Sheldon	GB	BIR	1-------	0
GBSDS	Sandside	GB	HLD	1-------	0
GBSDT	Bradstone	GB	DEV	1----6--	0
GBSDW	Sandwich	GB	KEN	123-----	0
GBSEA	Seaham	GB	DUR	1-------	0
GBSEC	Southend Argyll	GB	AGB	1-------	0
GBSED	Salt End	GB	ERY	1-------	0
GBSEF	Seaforth	GB	SFT	1-------	0
GBSES	Sidlesham	GB	WSX	1-------	0
GBSEZ	Sheen	GB	STS	1-------	0
GBSF5	Scarcliffe	GB	DBY	1----6--	0
GBSFK	Scarfskerry	GB	HLD	1-------	0
GBSFR	Seaford	GB	ESX	123-----	0
GBSFU	Stuartfield	GB	ABD	1-3-----	0
GBSFW	Scapa Flow	GB	ORK	1-------	0
GBSFY	Salford	GB	SLF	1-------	0
GBSGC	Badminton	GB	SGC	1----6--	0
GBSGM	Sheringham	GB	NFK	123-----	0
GBSGP	Saint Margaret's Hope	GB		1-------	0
GBSGT	Stillington	GB	NYK	1----6--	0
GBSHE	Sheffield	GB	SHF	1-------	0
GBSHG	South Hayling	GB	HAM	1-3-----	0
GBSHK	Southwick	GB	WSX	123-----	0
GBSHN	Shandon	GB	AGB	123-----	0
GBSHO	Shoreham	GB	KEN	1-3-----	0
GBSHS	Sheerness	GB	KEN	1-------	0
GBSHT	Shotton	GB	DUR	1-------	0
GBSHU	Seahouses	GB	NBL	1-3-----	0
GBSHV	Shell Haven	GB	ESS	1-------	0
GBSHX	Shieldaig	GB	HLD	1-3-----	0
GBSHY	Saint Helens	GB	SHN	1-------	0
GBSID	Snape Bridge	GB		1-------	0
GBSIL	Silloth	GB	CMA	1-------	0
GBSJJ	Small Heath	GB	BIR	1-------	0
GBSJL	Strangford	GB	DOW	1-3-----	0
GBSJU	Saint Just	GB	CON	1-------	0
GBSJY	Studland	GB	DOR	1-3-----	0
GBSKE	Skegness	GB	LIN	123-----	0
GBSKR	Skerray	GB	HLD	1-------	0
GBSKV	Saint Keverne	GB	CON	1-------	0
GBSKZ	Skeld	GB	ZET	1-3-----	0
GBSLB	Selby	GB	NYK	123-----	0
GBSLC	Saltcoats	GB	NAY	123-----	0
GBSLV	Solva (Solfach)	GB	PEM	1-3-----	0
GBSMA	Saint Marys Bay	GB	KEN	123-----	0
GBSMC	Saint Monance (Saint Monans)	GB	FIF	1-3-----	0
GBSMH	Saint Margaret's Hope, South Ronaldsay	GB	ORK	1-3-----	0
GBSMM	Saint Michael's Mount	GB	CON	1-------	0
GBSMP	Saint Sampson (Golant)	GB	CON	123-----	0
GBSMU	Summercourt	GB	CON	1-------	0
GBSMV	Saint Mawes	GB	CON	1-3-----	0
GBSMW	Simonswood	GB	LAN	1-------	0
GBSNC	Sennen Cove	GB	CON	1-3-----	0
GBSND	Southend	GB	ESS	1-------	0
GBSNJ	Sand	GB	ZET	1-3-----	0
GBSNK	Sandness	GB	ZET	1-3-----	0
GBSNS	Stromness	GB	ORK	1-------	0
GBSNV	Saint Minver	GB	CON	1-------	0
GBSNW	St Andrews	GB	FIF	1-34----	0
GBSOA	Stroma	GB	HLD	1-------	0
GBSOQ	South Queensferry	GB	EDH	123-----	0
GBSOT	Stoke on Trent	GB	STS	1-------	0
GBSOU	Southampton	GB	HAM	1--4----	0
GBSOW	Stanlow	GB	SHR	1-------	0
GBSPI	Sandhaven and Pitullie	GB	ABD	1-------	0
GBSPQ	Stackpole Quay	GB	PEM	1-------	0
GBSPT	Sompting	GB	WSX	1----6--	0
GBSPY	Shapinsay	GB	ORK	1-------	0
GBSQK	Saint Martins	GB	CON	1-3-----	0
GBSRC	Strathcarron	GB	HLD	1-3-----	0
GBSRH	Strathaird	GB	HLD	1-------	0
GBSRI	Stalbridge	GB	DOR	1-3-----	0
GBSRQ	Southerness	GB	DGY	1-3-----	0
GBSRT	Southport	GB	SFT	123-----	0
GBSRX	Sark	GB		1-------	0
GBSRY	South Ronaldsay	GB	ORK	1-------	0
GBSRZ	Strete	GB	DEV	1-------	0
GBSSH	South Shields	GB	STY	1-------	0
GBSSK	Shiskine	GB	NAY	1-3-----	0
GBSSS	Sharpness	GB	GLS	1-------	0
GBSSY	Selsey	GB	WSX	1-3-----	0
GBST2	Stechford	GB	BIR	1----6--	0
GBSTH	Salthouse	GB	NFK	1-------	0
GBSTO	Stornoway	GB	ELS	1--4----	0
GBSTQ	Saint Quivox	GB	SAY	123-----	0
GBSTR	Stranraer	GB	DGY	1-------	0
GBSTT	Stockton-on-Tees	GB	STT	123-----	0
GBSTZ	Staithes	GB	NYK	1-3-----	0
GBSUH	Spurn Head	GB		1-------	0
GBSUL	Sullom Voe	GB	ZET	1-------	0
GBSUN	Sunderland	GB	SND	1-------	0
GBSUT	South Arne	GB		1-----7-	0
GBSVI	Sevington	GB	KEN	1-3-----	0
GBSVN	Stonehaven	GB	ABD	123-----	0
GBSVS	Saint David's	GB	PEM	1-------	0
GBSVT	Silvertown	GB		1-------	0
GBSVW	Seaview	GB	IOW	1-------	0
GBSVZ	Saint Mary's	GB	CON	1-3-----	0
GBSWA	Swansea	GB	SWA	1--4----	0
GBSWC	Sandwick	GB	ZET	1-------	0
GBSWD	Southwold	GB	SFK	1-------	0
GBSWE	Swanage	GB	DOR	123-----	0
GBSWN	Swinton	GB	SLF	1-------	0
GBSWY	Scalloway	GB	ZET	1-------	0
GBSXE	Staxigoe	GB	HLD	1-------	0
GBSYL	Shinness	GB	HLD	1-3-----	0
GBSYM	Symbister	GB	ZET	1-------	0
GBSYR	Stourton/Leeds	GB	LDS	123-----	0
GBSYY	Steynton	GB	PEM	123-----	0
GBSZB	Sizewell Beach	GB	SFK	1-------	0
GBSZC	Saint Clement	GB	CON	1-3-----	0
GBSZT	Snizort	GB	HLD	1-------	0
GBTAB	Tarbert,Harris	GB	ELS	1-------	0
GBTAD	Taddiport	GB	DEV	1----6--	0
GBTAI	Tayinloan	GB	AGB	1-3-----	0
GBTAM	Tameside	GB	TAM	1-------	0
GBTAR	Tarbert, Loch Fyne	GB	AGB	1-3-----	0
GBTAY	Tayport	GB	FIF	1-------	0
GBTBN	Toberonochy	GB	AGB	1-------	0
GBTBR	Saint Brelade	GB		1-------	0
GBTBY	Torbay/Paignton	GB	TOB	123-----	0
GBTDI	Tudweiliog	GB		1-------	0
GBTED	Stanstead	GB	SFK	1-------	0
GBTEE	Teesport	GB	RCC	1-------	0
GBTEN	Tenby (Dinbych-y-pysgod)	GB	PEM	123-----	0
GBTEZ	Talbot Green	GB	RCT	1----6--	0
GBTFO	Tilford	GB	SRY	1-3--6--	0
GBTFR	Trefforest	GB	RCT	1-3-----	0
GBTFT	Toft Shetland	GB	ZET	1-3-----	0
GBTGU	Tongue	GB	HLD	1-3-----	0
GBTHM	Topsham	GB		1-------	0
GBTHP	Thamesport	GB	KEN	1-------	0
GBTHR	Thurso	GB	HLD	123-----	0
GBTHS	Thames Haven	GB	ESS	1-------	0
GBTHT	South Uist and Eriskay	GB	ELS	1-------	0
GBTIG	Tighnabruaich	GB	AGB	1-3-----	0
GBTIL	Tilbury	GB	ESS	1-------	0
GBTLD	Shetland	GB	ZET	1-------	0
GBTLE	Saint Helens	GB	IOW	1-3-----	0
GBTLI	Tayvallich	GB	AGB	1-------	0
GBTLN	Talmine	GB	HLD	1-------	0
GBTND	Standlake	GB	OXF	1-3-----	0
GBTNG	Tingwall Orkney	GB	ORK	1-3-----	0
GBTNM	Teignmouth	GB		1-------	0
GBTNN	Hilton	GB	CAM	1-------	0
GBTNR	Saint Helier	GB		1-------	0
GBTOB	Tobermory	GB	AGB	1-------	0
GBTOL	Tollesbury	GB	ESS	1-------	0
GBTOR	Torquay	GB		1-------	0
GBTPB	Thorpe Bay	GB	ESS	1----6--	0
GBTPO	Torpoint	GB	CON	1-3--6--	0
GBTRA	Tranmere	GB	WRL	1-------	0
GBTRD	Torridon	GB	HLD	1-------	0
GBTRL	Thornhill	GB	DBY	123-----	0
GBTRN	Troon	GB	SAY	123-----	0
GBTRO	Trefor	GB		1-------	0
GBTRR	Trearddur	GB	AGY	1-3-----	0
GBTRS	South Harris	GB	ELS	1-------	0
GBTRU	Truro	GB	CON	1-------	0
GBTSO	Tresco	GB	CON	1-------	0
GBTTL	Tetney Terminal	GB	LIN	1-------	0
GBTVD	Tividale	GB	DUD	123-----	0
GBTWL	Tingwall	GB	ZET	1--4----	0
GBTYD	Tyddewi (St David's)	GB	PEM	1-3-----	0
GBTYM	Tynemouth	GB	NTY	1-------	0
GBTYN	Tyne	GB	NET	1-------	0
GBUCN	Buchan	GB		1-------	0
GBUEN	Saint Ouen	GB		1-------	0
GBUFY	Upper Froyle	GB	HAM	123--6--	0
GBUGH	Billingborough	GB	LIN	1-------	0
GBUIG	Uig	GB	HLD	1-3-----	0
GBULF	Ulva Ferry	GB	AGB	1-------	0
GBULL	Ullapool	GB	HLD	1-------	0
GBULS	Ulsta, Yell	GB	ZET	1-3-----	0
GBUNS	Bunessan	GB	AGB	1-------	0
GBUPH	Upholland	GB	LAN	1----6--	0
GBUPI	Uppingham	GB	RUT	1----6--	0
GBUPR	Upnor	GB	KEN	1-------	0
GBURT	Sturton by Stow	GB	LIN	1-------	0
GBUTS	Stromeferry	GB	HLD	1-------	0
GBUYE	Uyeasound, Unst	GB	ZET	1-3-----	0
GBVEN	Ventnor	GB	IOW	1-3-----	0
GBVGI	Varg field	GB		1-----7-	0
GBVID	Vidlin	GB	ZET	1-3-----	0
GBVOE	Voe	GB	ZET	1-------	0
GBVVE	Belgrave	GB	LCE	1-------	0
GBWAB	Wadebridge	GB	CON	1-3-----	0
GBWAF	Watford	GB	HRT	1-------	0
GBWAT	Watchet	GB	SOM	1-------	0
GBWAX	West Auckland	GB	DUR	1-3--6--	0
GBWBF	West Burrafirth	GB	ZET	1-3-----	0
GBWBY	Wembley	GB	BEN	1-------	0
GBWCB	Whitcombe	GB	DOR	1----6--	0
GBWDN	Widnes	GB	HAL	1-------	0
GBWEX	Withernsea	GB	ERY	1-------	0
GBWEY	Weymouth	GB	DOR	1-------	0
GBWFD	Wakefield	GB	WKF	1-------	0
GBWFT	Waterfoot	GB	MYL	1-3-----	0
GBWGD	West Grinstead	GB	WSX	1-------	0
GBWGN	Wigan	GB	WGN	1-------	0
GBWGW	Walsgrave on Sowe	GB	COV	1-------	0
GBWHB	Whitebooth Roads	GB		1-------	0
GBWHE	Whitehead	GB	CKF	123-----	0
GBWHH	Isle of Whithorn	GB	DGY	1-3-----	0
GBWHL	Whitehall Village, Stronsay	GB	ORK	1-3-----	0
GBWHV	Whitehaven	GB	CMA	1-------	0
GBWIC	Wick Caithness	GB	HLD	1--4----	0
GBWIG	Wigtown	GB	DGY	1-------	0
GBWIS	Wisbech	GB	CAM	1-------	0
GBWIV	Wivenhoe	GB	ESS	1-------	0
GBWJH	Blewbury	GB	OXF	1----6--	0
GBWKI	West Kirby	GB	WRL	123-----	0
GBWKM	Wickham	GB	HAM	1-3--6--	0
GBWKO	Warkworth	GB	NBL	1-3-----	0
GBWL2	Willingham	GB	CAM	1-3-----	0
GBWLA	Wallasea	GB	ESS	1-------	0
GBWLG	Whaligoe	GB	HLD	1-------	0
GBWLK	Walker	GB	NET	1-3-----	0
GBWLS	Wells	GB	SOM	1-------	0
GBWLZ	Walls Shetland	GB	ZET	1-3-----	0
GBWMB	Wemyss Bay	GB	IVC	1-------	0
GBWMD	West Mainland	GB	ZET	1-------	0
GBWMF	Walmer	GB	KEN	1-3-----	0
GBWMS	West Mersea	GB	ESS	1-3-----	0
GBWND	Warndon	GB	WOR	1----6--	0
GBWNL	Whinnyfold	GB	ABD	1-------	0
GBWNS	Wells-next-the-Sea	GB	NFK	1-3-----	0
GBWNZ	Walton-on-the-Naze	GB	ESS	123-----	0
GBWOL	North Woolwich	GB	NWM	1-------	0
GBWOR	Workington	GB	CMA	1-------	0
GBWOT	Worthing	GB	WSX	123-----	0
GBWPT	Warrenpoint	GB	DOW	1-------	0
GBWRB	West Loch Tarbert	GB	AGB	1-------	0
GBWRE	Wardle	GB	RCH	123-----	0
GBWRH	Wareham	GB	DOR	123-----	0
GBWRN	Warrington	GB	WRT	1-------	0
GBWRY	Westray	GB	ORK	1--4----	0
GBWSM	Weston-Super-Mare	GB	NSM	123-----	0
GBWSP	Weston Point	GB	HAL	123-----	0
GBWTB	Whitby	GB	NYK	1-------	0
GBWTE	Westerleigh	GB	GLS	1-------	0
GBWTS	Whitstable	GB	KEN	1-------	0
GBWTW	Wallsend	GB	NTY	1-3-----	0
GBWUF	Wolvey	GB	HAM	1-------	0
GBWWE	West Wemyss	GB	FIF	1-3-----	0
GBWWL	Gowdall	GB	YOR	1-------	0
GBWWW	Hutton Cranswick	GB	ERY	1-------	0
GBWXW	Westgate	GB	DUR	1----6--	0
GBWYC	Wychbold	GB	WOR	1-------	0
GBWYK	Wyke Regis	GB	DEV	1-------	0
GBWYR	Wyre	GB	ORK	1-3-----	0
GBWYS	Westbury on Severn	GB	GLS	123--6--	0
GBWYX	West Bay	GB		1-------	0
GBXSS	Seal Sands	GB	DUR	1-------	0
GBYAP	Yapton	GB	WSX	1-------	0
GBYFR	Yell and Fetlar	GB	ZET	1-------	0
GBYKE	Yoker	GB	GLG	1-------	0
GBYLL	Yelland	GB		1-------	0
GBYLW	Holywood	GB	DOW	1-3-----	0
GBYLY	Hartley	GB	CMA	1-------	0
GBYMO	Yarmouth	GB	IOW	1-------	0
GBYNT	Whitney	GB	HEF	1----6--	0
GBYOS	Lydd on Sea	GB	KEN	1-3-----	0
GBYRK	York	GB	NYK	1-------	0
GBYTH	Blyth	GB	NTT	1----6--	0
GBYVZ	Stonehouse	GB	GLS	1-------	0
GBZOY	Westonzoyland	GB	SOM	1----6--	0
GDGRE	Grenville	GD		1-------	0
GDHIL	Hillsborough, Carriacou Is	GD		1-------	0
GDSTG	Saint George's	GD		1-------	0
GEABK	Sukhumi	GE	AB	1-3-----	0
GEANA	Anaklia	GE	SZ	1-34----	0
GEBUS	Batumi	GE		1--4----	0
GEIES	Khashmi	GE	TB	1-3-----	0
GEKUL	Kulevi	GE		1-------	0
GEPTI	Poti	GE		1-------	0
GESPS	Sup'sa	GE		1-------	0
GFCAY	Cayenne	GF		1--45---	0
GFCCY	Awala-Yalimapo	GF		1-3-----	0
GFDDC	Dégrad des Cannes	GF		1-------	0
GFLCY	Ouanary	GF		1--4----	0
GFOYP	Saint-Georges	GF		1-34----	0
GFQKR	Kourou	GF		1-345---	0
GFREM	Dégrad des Cannes-Pariacabo Pt/Remire	GF		1-3--67-	0
GFSLM	Saint-Laurent-du-Maroni	GF		1-34----	0
GGACI	Alderney	GG		1--4----	0
GGGCI	Guernsey	GG		1--4----	0
GGSPT	Saint Peter Port	GG		1-3-----	0
GHADA	Ada	GH		1-------	0
GHAUR	Aura	GH		1-------	0
GHAXI	Axim	GH		1-------	0
GHCCT	Cape Coast	GH		1-------	0
GHKIT	Keta	GH		1-------	0
GHSEK	Sekondi	GH		1-------	0
GHSHA	Shama	GH		1-------	0
GHSPD	Saltpond	GH		1-------	0
GHTEM	Tema	GH		1-------	0
GHTKD	Takoradi	GH		1--45---	0
GHWEA	Winneba	GH		1-------	0
GIGIB	Gibraltar	GI		1--45---	0
GLAGM	Tasiilaq	GL		1--4----	0
GLDAN	Daneborg	GL		1-------	0
GLFHN	Kangerdluarssoruseg (Færingehavn	GL		1-------	0
GLGOH	Nuuk (Godthaab)	GL		1-34----	0
GLIUT	Ivigtut	GL		1-------	0
GLJAV	Ilulissat (Jakobshavn)	GL		1--4----	0
GLJCH	Qasigiannguit (Christianshaab)	GL		1--4----	0
GLJEG	Aasiaat (Egedesminde)	GL		1--4----	0
GLJFR	Paamiut (Fredrikshaab)	GL		1--4----	0
GLJGO	Qeqertarsuaq (Godhavn)	GL		1--4----	0
GLJGR	Kangilinguit (Gronnedal)	GL		1--4----	0
GLJHS	Sisimiut (Holsteinsborg)	GL		1--4----	0
GLJJU	Qaqortoq (Julianehaab)	GL		1--4----	0
GLJNN	Nanortalik	GL		1--4----	0
GLJSU	Maniitsoq (Sukkertoppen)	GL		1--4----	0
GLKAN	Kangerlussuaq Havn	GL		1-------	0
GLKUL	Kullorsuaq	GL		1-3-----	0
GLKUN	Kuummiut	GL		1-------	0
GLKUS	Kulusuk	GL		1--4----	0
GLMML	Maarmorliik	GL		1-------	0
GLMRG	Mesters Vig	GL		1-------	0
GLNAL	Nalunaq Gold Mine	GL		1-3-----	0
GLNAQ	Qaanaaq	GL		1--4----	0
GLOBY	Illorqortoormiut (Scoresbysund)	GL		1--4----	0
GLSEQ	Seqi Olivine Mine	GL		1-3-----	0
GLTHU	Pituffik	GL		1--4----	0
GLTNT	Tiniteqilaaq	GL		1-3-----	0
GLTOV	Toqqusaq	GL		1-------	0
GLUAK	Narsarsuaq	GL		1--4----	0
GLUMD	Uummannaq	GL		1--4----	0
GMBJL	Banjul	GM		1--45---	0
GMSUK	Sukuta	GM	W	1----6--	0
GNBEL	Bel-Air	GN	BF	1-3-----	0
GNBFA	Boffa	GN	BF	1-3-----	0
GNBRP	Port de Boké	GN	BK	1-------	0
GNBTY	Benty	GN		1-------	0
GNCKY	Conakry	GN		1--45---	0
GNDKA	Dubreka	GN	DU	1-3-----	0
GNDPL	Dapilon	GN	BK	1-3-----	0
GNKMC	Kamsar	GN	BK	1234-6--	0
GNKMR	Port-Kamsar	GN		1-------	0
GNKTG	Katougouma	GN	BK	1-3-----	0
GNPMT	Dougoula	GN	BK	123-----	0
GNSBY	Moresby	GN		1-------	0
GPAIF	Baillif	GP		1-3-----	0
GPBBR	Basse-Terre	GP		1--45---	0
GPBMH	Baie-Mahault	GP		1-3-----	0
GPBOU	Bouillante	GP		1-3-----	0
GPCBE	Capesterre-Belle-Eau	GP		1----6--	0
GPDHR	Deshaies	GP		1-3-----	0
GPFAE	Folle-Anse	GP		1-3-----	0
GPFPI	Anse-Bertrand	GP		1-3-----	0
GPGOS	Le Gosier	GP		1-3-----	0
GPGRB	Grand-Bourg	GP		1-------	0
GPMSB	Marigot	GP		1-34----	0
GPPBG	Petit-Bourg	GP		1-3-----	0
GPPTL	Port-Louis	GP		1-3--6--	0
GPPTP	Point-à-Pitre Apt	GP		1-345---	0
GPSFC	Saint-François	GP		1-3-----	0
GQBSG	Bata	GQ		1--45---	0
GQBUL	Butuku-Luba	GQ		1-------	0
GQCOG	Cogo	GQ		1-------	0
GQLUB	Luba	GQ	BS	1-------	0
GQPET	Punta Europa Terminal	GQ		1-------	0
GQSER	Serpentina Terminal	GQ	AN	1-------	0
GQSSG	Malabo	GQ	BN	1--4----	0
GQZAF	Zafiro Terminal	GQ	AN	1-------	0
GRACL	Achladi	GR		1-------	0
GRADL	Adamas Milos	GR	L	1-------	0
GRAEF	Agia Efimia	GR		1-------	0
GRAEG	Aegina	GR		1-------	0
GRAEN	Aígion	GR	13	1-------	0
GRAGA	Agriá	GR		123-----	0
GRAGE	Agios Georgios	GR	04	1-------	0
GRAGF	Agios Nikolaos Fokidas	GR		1-------	0
GRAGG	Agistri Aiginas	GR	A1	1-------	0
GRAGK	Agiokampos Larissas	GR		1-------	0
GRAGM	Agia Marina Fthiotidas	GR		1-------	0
GRAGN	Agathonisi	GR	81	1-------	0
GRAGO	Ágios Efstrátios	GR	83	1-------	0
GRAGT	Agio Theodoroi	GR		1-34----	0
GRAID	Aidipsou	GR	04	1-------	0
GRAIG	Aigiali Amorgou	GR	82	1-------	0
GRAIO	Alimos	GR	A1	1-3-----	0
GRAKH	Akhillion	GR	43	1-------	0
GRAKI	Agios Kírykos	GR	84	1-------	0
GRAKM	Agia Kyriaki (Trikeri Magnisia)	GR	43	1-------	0
GRAKO	Agios Konstantínos	GR		1-------	0
GRAKT	Aktio Vonitsas	GR	A1	1-------	0
GRALG	Plakias	GR	M	1-------	0
GRALO	Alónnisos	GR		1-------	0
GRAMF	Amfilochía	GR		1-------	0
GRAMI	Amolianí	GR		1-------	0
GRAML	Agia Marina Lerou	GR	81	1-------	0
GRAMR	Agia Marina Aiginas	GR		1-------	0
GRANA	Anáfi	GR	82	1-------	0
GRAND	Andros	GR		1-------	0
GRANI	Agios Nikólaos, Kríti	GR	92	1-------	0
GRANL	Agnontas Skopelos	GR	43	1-------	0
GRANP	Antiparos	GR		1-------	0
GRANT	Andírrion	GR		1-------	1
GRAOK	Kárpathos	GR		1--4----	0
GRAON	Kounoupidiana	GR	M	1-3-----	0
GRAOR	Agiokampos Oreon	GR	H	1-------	0
GRAPE	Agía Pelagía	GR		1-------	0
GRAPL	Amaliápolis	GR		1-3-----	0
GRAPV	Asproválta	GR		1-3-----	0
GRARD	Arkioi Dodekanissou	GR	81	1-------	0
GRARK	Arkítsa	GR	06	1-3-----	0
GRARM	Argostólion	GR		1-------	0
GRARS	Ástros	GR	12	1-3-----	0
GRARX	Araxos	GR		1-------	0
GRASF	Agios Stefanos Corfu	GR	22	1-------	0
GRASS	Asprópirgos	GR	A1	1-3--6--	0
GRAST	Astakós	GR		1-------	0
GRATA	Atalándi	GR	06	1-3-----	0
GRATK	Antikyra	GR		1-------	0
GRATL	Atherinolakos Ierapetras	GR	M	1-------	0
GRATN	Athinios Thira Santorini	GR	82	1-------	0
GRATS	Altsi	GR		1-3-----	0
GRAVA	Avlida	GR	64	1-3-----	1
GRAXD	Alexandroúpolis	GR		1-34----	0
GRCFU	Kérkira (Corfu)	GR	22	1--4----	0
GRCHQ	Chania	GR		1--4----	0
GRCLK	Chalkida	GR	04	1-------	0
GRCSF	Khóra Sfakíon	GR		1-------	0
GRDAF	Dáfni	GR	64	1-------	0
GRDIA	Diafánion	GR	81	1-------	0
GRDIK	Diakofti Kythiron	GR		1-------	0
GRDMB	Dombraina Boiotias	GR		1-------	0
GRDON	Donousa Kykladon	GR		1-------	0
GRDOS	Delos	GR		1-------	0
GRDPA	Drapetzona	GR		1-------	0
GRDRE	Drepano Riou	GR		1-------	0
GRDSD	Prosotsáni	GR	52	1-3-----	0
GREDI	Edipsos	GR		1-------	0
GREEU	Eleusina	GR	A1	1-------	0
GREGI	Eginion	GR		1-------	0
GRELN	Elafonissos Lakonias	GR		1-------	0
GRELT	Eleftheres	GR		1-------	0
GREPI	Epidavros	GR		1-------	0
GRERE	Erétria	GR	04	1-3-----	0
GRERK	Ereikousses Diapontioi Islands	GR		1-------	0
GRERM	Ermióni	GR		1-------	0
GRERY	Erythres	GR	A1	1-3-----	0
GRETK	Eratini	GR	07	1-------	0
GREYD	Eydilos	GR		1-------	0
GRFAM	Farmakonissi Dodekanissos	GR	81	1-------	0
GRFIS	Fiskárdo	GR	23	1-------	0
GRFLS	Eleusis	GR	A1	1-3-----	0
GRFNR	Faneromeni Salaminas	GR		1-------	0
GRFOL	Folégandros	GR	82	1-------	0
GRFOU	Foúrnoi	GR	84	1-------	0
GRGAD	Gavdos Chanea	GR		1-------	0
GRGAL	Galatas Troizinas	GR	A1	1-------	0
GRGAV	Gávrion	GR		1-------	0
GRGFD	Glyfada	GR	A1	1-3-----	0
GRGLO	Glossa	GR		1-------	0
GRGLX	Galaxidi	GR	07	1-------	0
GRGLY	Glyfa Fthiotidas	GR	06	1-------	0
GRGMA	Agia Marina Grammatikou Attikis	GR		1-------	0
GRGOV	Gouvion	GR	F	1-3-----	0
GRGPA	Patras	GR		1--4----	0
GRGYT	Gythion	GR		1-------	0
GRHAL	Halki Dodekanison	GR	81	1-------	0
GRHER	Heraklion (Iraklion)	GR	91	1--4----	0
GRHRK	Herakleia Kykladon	GR		1-------	0
GRHYD	Hydra (Idhra)	GR		1-------	0
GRIER	Ierápetra	GR	92	1-3-----	0
GRIES	Ierissos	GR		1-------	1
GRIGO	Igoumenítsa	GR		1-------	0
GRINO	Inousses	GR		1-------	0
GRIOS	Ios	GR		1-------	0
GRITA	Itea	GR		1-------	0
GRITH	Ithaki (Ithaca)	GR		1-------	0
GRITM	Isthmía	GR		1-------	0
GRJKH	Chíos	GR		1--4----	0
GRJMK	Mykonos	GR	82	1--4----	0
GRJNX	Náxos	GR		1--4----	0
GRJSH	Siteía	GR		1--4----	0
GRJSI	Skíathos	GR		1--4----	0
GRJSY	Syra (Syros)	GR		1-------	0
GRJTR	Thíra	GR		1--4----	0
GRJTY	Astypálaia	GR	81	1-------	0
GRKAG	Karkinagri Ikarias	GR	84	1-------	0
GRKAH	Káto Achaïa	GR		123-----	0
GRKAI	Kalamos Island (Lefkada)	GR	23	1-------	0
GRKAK	Katakolon	GR		1-3-----	0
GRKAP	Kapsalion (Kythira)	GR		1-------	0
GRKAR	Néon Karlovásion	GR		1-------	0
GRKAS	Kastellorizou (ex Megísti)	GR	81	1-------	0
GRKDM	Kardámyla	GR	85	1-3-----	0
GRKEA	Kéa (Tzia)	GR		1-------	0
GRKEF	Kefalos Ko	GR		1-------	0
GRKEI	Kateríni	GR		1-3-----	0
GRKEM	Kosta Ermionidas	GR		1-------	0
GRKER	Keramoti	GR		1-------	0
GRKGS	Kos	GR		1--4----	0
GRKIM	Kimi (Kými)	GR		1-3-----	0
GRKIN	Koilas Ermionidos	GR	11	1-------	0
GRKIO	Kiato	GR		1-3-----	0
GRKIP	Kiparissia	GR	17	1-------	0
GRKIS	Kastelli Kissamou	GR		1-------	0
GRKLD	Kalathos Rodou	GR	81	1-------	0
GRKLI	Klima	GR	43	1-------	0
GRKLL	Kalilimenes	GR		1-------	0
GRKLM	Kalamaki	GR		1-------	0
GRKLX	Kalamáta	GR		1--4----	0
GRKMI	Kálymnos	GR	81	1-------	0
GRKMS	Kímolos	GR		1-------	0
GRKNS	Kontias Limnou	GR	83	1-------	0
GRKOF	Koufonissia Kykladon	GR		1-------	0
GRKPS	Kopanós	GR	53	1-3-----	0
GRKRE	Kamares Sifnos	GR	82	1-------	0
GRKRM	Kardamaina Kos	GR	81	1-------	0
GRKRT	Kórinthos	GR	15	1-3-----	0
GRKSA	Kassiopis	GR	F	1-3-----	0
GRKSI	Kastos Island	GR	23	1-------	0
GRKSJ	Kassos	GR		1--4----	0
GRKSK	Kamiros Skala	GR	81	1-------	0
GRKSP	Kassiopi Corfu	GR	22	1-------	0
GRKST	Karystos	GR		1-------	0
GRKTP	Katápola	GR	82	1-3-----	0
GRKTS	Keratsínion	GR		1-3-----	0
GRKVA	Kavála	GR	55	1-34----	0
GRKYL	Kyllíni	GR		1-------	0
GRKYM	Kimási	GR		1-------	0
GRKYT	Kythnos	GR		1-------	0
GRLAR	Lardos Rhodes	GR	81	1-------	0
GRLAV	Laurium (Lavrion)	GR		1-------	0
GRLDR	Lindos Rodou	GR	81	1-------	0
GRLEF	Lefkandi	GR		1-------	0
GRLEV	Lefkáda (Lefkás)	GR		1-------	0
GRLFK	Lefkímmi	GR	22	1-------	0
GRLIA	Linaria	GR	04	1-------	0
GRLII	Limni	GR		1-------	0
GRLIN	Linoperamata Hrakliou	GR		1-------	0
GRLIP	Lipsoí	GR	81	1-------	0
GRLIX	Lixuri	GR		1-------	0
GRLND	Leonídion	GR		1-------	0
GRLRS	Leros	GR		1--4----	0
GRLRY	Larymna	GR		1-------	0
GRLTR	Loutro Chanion	GR		1-------	0
GRLVR	Aliverio	GR		1-------	0
GRM8L	Magoúla	GR	42	1-------	0
GRMDR	Moúdhros	GR		1-------	0
GRMEA	Methana	GR	A1	1-------	0
GRMEG	Megálon Livádion	GR	82	1-------	0
GRMEL	Mesolóngion	GR		1-------	0
GRMEN	Menidi	GR		1-------	0
GRMET	Methoni	GR		1-------	0
GRMGL	Magoúla	GR	A1	1-3-----	0
GRMGN	Meganísi	GR	24	1-------	0
GRMHI	Mesta Hiou	GR		1-------	0
GRMJT	Mytilene	GR		1--4----	0
GRMKP	Marathokampos Samou	GR	84	1-------	0
GRMOL	Molyvos	GR	83	1-3-----	0
GRMON	Monemvasía	GR	16	1-------	0
GRMOU	Moutsoúna	GR		1-------	0
GRMPO	Mpoukaris	GR	F	1-3-----	0
GRMRM	Marmari	GR		1-------	0
GRMRS	Myrties Kalymnou	GR	L	1-------	0
GRMSA	Malessina	GR		1-------	0
GRMSS	Messongis	GR	F	1-3-----	0
GRMTR	Mathraki Diapontioi Island	GR		1-------	0
GRMVO	Moní Vatopedíou	GR	69	1-------	0
GRMXK	Mastichari Kos	GR	81	1-------	0
GRMYB	Myrtos Beach	GR	23	1-------	0
GRMYL	Mylaki	GR		1-------	0
GRMYR	Mírina	GR		1-------	0
GRNAF	Náfplion	GR	11	123-----	0
GRNAR	Néa Artáki	GR		1-3-----	0
GRNAS	Naoussa Parou	GR		1-------	0
GRNEA	Neapolis	GR		1-------	0
GRNID	Nidhríon	GR		1-------	0
GRNIS	Nisiros	GR		1-------	0
GRNKA	Néa Kallikrátia	GR	64	1-3-----	0
GRNKV	Néa Karváli	GR		1-------	0
GRNMA	Néa Moudhaniá	GR		1-------	0
GRNPK	Návpaktos	GR		1-------	0
GRNPY	Néa Pláyia	GR		1-------	0
GRNST	Néa Stíra	GR		1-------	0
GROIK	Oia Kyklades	GR	82	1-------	0
GRORE	Orei	GR		1-------	0
GRORO	Oropos	GR		1-------	0
GROTH	Othonoí	GR	22	1-3-----	0
GROTO	Agios Stefanos Avliotes	GR	F	1-3-----	0
GROUR	Ouranópolis	GR	64	1-------	0
GRP5T	Platy	GR	53	1-3-----	0
GRPAA	Psará	GR	85	1-------	0
GRPAO	Paloúkia	GR	A1	1-3-----	0
GRPAR	Párga	GR		1-------	0
GRPAS	Páros	GR		1--4----	0
GRPAX	Paxi	GR		1-------	0
GRPCH	Paleochora	GR	94	1-------	0
GRPEB	Petani Beach	GR	23	1-------	0
GRPEL	Pelasyía	GR	06	1-3-----	0
GRPEP	Palaiá Epídavros	GR		1-------	0
GRPER	Perama	GR		1-------	0
GRPFA	Palaiá Fókaia	GR		1-3-----	0
GRPGM	Perama Geras Mytilinis	GR	83	1-------	0
GRPHE	Porto Heli	GR		1-------	0
GRPIA	Platania	GR	43	1-------	0
GRPIL	Agia Galini	GR	M	1-------	0
GRPIR	Piraeus	GR	I	1-------	0
GRPIS	Pissaetos Ithakis	GR		1-------	0
GRPIT	Pitra	GR	16	1-------	0
GRPKE	Poros Kefallinias	GR		1-------	0
GRPKI	Prassa Kimolos	GR	L	1-3-----	0
GRPKK	Lakkion	GR		1-------	0
GRPLC	Polychnitos Lesvou	GR		1-------	0
GRPLG	Platygiali Etoloakarnanias	GR		1-------	0
GRPLI	Pyli	GR		1-------	0
GRPLM	Plomárion	GR	83	1-3-----	0
GRPLV	Petra	GR	83	1-------	0
GRPME	Pachi	GR		1-------	0
GRPMS	Pátmos	GR		1-------	0
GRPNT	Órmos Panórmou	GR	82	1-------	0
GRPOA	Potamos Antikithera	GR	A1	1-------	0
GRPPI	Prinos Thassou	GR		1-------	0
GRPRE	Petries Evvoias	GR	04	1-------	0
GRPRN	Prasonisi Rhodes	GR	L	1-3-----	0
GRPRO	Próti	GR	62	1----6--	0
GRPRR	Perea	GR	54	1-3-----	0
GRPSA	Psakhná	GR		1-------	0
GRPSE	Phserimos Dodekanisou	GR	81	1-------	0
GRPSF	Paleohora Sfakion	GR		1-------	0
GRPSK	Pessada Kefallinnias	GR		1-------	0
GRPTC	Petrití	GR	22	1-3-----	0
GRPTE	Pteleos	GR	43	1-------	0
GRPTI	Plataria	GR	32	1-------	0
GRPTK	Politiká	GR		1-------	0
GRPTL	Lágos (Pórto-Lágo)	GR	72	1-------	0
GRPTR	Poros Trizinias	GR		1-------	0
GRPVK	Preveza/Lefkas	GR		1--4----	0
GRPXO	Antipaxoi	GR	F	1-3-----	0
GRPYL	Pýlos	GR	17	1-3-----	0
GRPYR	Pyrgos	GR		1--4----	0
GRPYT	Pythagóreion	GR	84	1-------	0
GRPYV	Peyki Evvoias	GR	04	1-------	0
GRRAF	Rafina	GR		1-------	0
GRRET	Réthymnon	GR		1-------	0
GRREV	Revithoussa	GR		1-------	0
GRRHO	Rhodes	GR		1--45---	0
GRRIO	Rio	GR		1-------	0
GRRIZ	Rízes	GR	A1	1----6--	0
GRROU	Agia Roumeli	GR		1-------	0
GRSAI	Sámi	GR	23	1-3-----	0
GRSAL	Salamís	GR		1-------	0
GRSAM	Samothráki	GR		1-------	0
GRSAT	Frikes Ithakis	GR		1-------	0
GRSCR	Stavrochorion	GR	57	1-------	0
GRSDH	Soúda	GR	94	1-3-----	0
GRSER	Sériphos	GR	82	1-------	0
GRSFN	Souflíon	GR		123-----	0
GRSGB	Saint George	GR		1-------	0
GRSGI	Sigrion	GR		1-------	0
GRSGR	Sigri Lesvou	GR		1-------	0
GRSGT	Sagiada Thesprotias	GR	32	1-------	0
GRSHA	Stavros Halkidikis	GR		1-------	0
GRSHC	Schinousa Kykladon	GR		1-------	0
GRSHI	Shinari Zakynthou	GR		1-------	0
GRSII	Sikinos	GR	82	1-------	0
GRSIK	Sikionia	GR		1-------	0
GRSKA	Skaramangás	GR		1-------	0
GRSKD	Skafidia	GR		1----6--	0
GRSKG	Thessaloníki	GR		1--45---	0
GRSKM	Skáloma	GR	32	1-------	0
GRSKO	Skopelos	GR		1-------	0
GRSKU	Skíros	GR		1--4----	0
GRSLA	Souvala	GR	A1	1-------	0
GRSMI	Samos	GR		1--4----	0
GRSNK	Salonika	GR	54	1-------	0
GRSOG	Sougia Chanion	GR		1-------	0
GRSOI	Soroni	GR	L	1-------	0
GRSOR	Soupri	GR		1-3-5---	0
GRSOS	Assos	GR	23	1-------	0
GRSOU	Soussaki	GR		1-------	0
GRSPE	Spétsai	GR		1-------	0
GRSTI	Stratoni	GR		1-------	0
GRSTN	Saint Nicolas	GR	03	1-------	0
GRSUD	Suda Bay	GR		1-------	0
GRSYM	Symi	GR		1-------	0
GRSYS	Stylis (Stylída)	GR	06	1-3-----	0
GRSYV	Syvota	GR	32	1-------	0
GRTEM	Artemis	GR		1-------	0
GRTHM	Thymaina Island	GR	84	1-------	0
GRTHP	Thisvi Port	GR	07	1-------	0
GRTIL	Tilos	GR	81	1-------	0
GRTIN	Tínos	GR		1-------	0
GRTKO	Thessi Kyrillo	GR		1-------	0
GRTLA	Tolo Argolidos	GR	11	1-------	0
GRTRK	Trikeri	GR	43	1-------	0
GRTRS	Thirasía	GR		1-------	0
GRTRY	Trypiti Chalkidikis	GR		1-------	0
GRTSA	Benitsa	GR	F	1-3-----	0
GRTSI	Tsingéli	GR		1-------	0
GRTSO	Thasos	GR		1-------	0
GRTVR	Távros	GR	A1	1-3--6--	0
GRVAB	Vatika Bay	GR	16	1-------	0
GRVLC	Volissos (Limnia) Chios	GR	85	1-------	0
GRVLM	Vouliagméni	GR	A1	1-3-----	0
GRVOL	Vólos	GR		1--4----	0
GRVOM	Voudia Milos	GR	L	1-------	0
GRVRI	Vrisákia	GR		1-------	0
GRVSS	Vassiliki Leykadas	GR		1-------	0
GRVTH	Port Vathý (Vathý)	GR	84	1-------	0
GRXIR	Xirokampos Leros	GR	L	1-3-----	0
GRXKB	Xirokámbion	GR	16	1----6--	0
GRXYT	Xylokeratia Milos	GR	L	1-3-----	0
GRXZX	Elaiokhória	GR	64	1-3-----	0
GRYAL	Yaltra	GR	04	1-------	0
GRYER	Yerakiní	GR	64	1-------	0
GRYLI	Yali Island	GR		1-------	0
GRYPS	Ypsos	GR	F	1-3-----	0
GRZAQ	Sérifos	GR	82	1-3-----	0
GRZTH	Zákynthos	GR	21	1--4----	0
GSGRV	Grytviken	GS		1-3-----	0
GSLEH	Leith Harbour	GS		1-------	0
GTCHR	Champerico	GT	11	123--67-	0
GTE8C	El Carmen	GT	15	1-------	0
GTELE	El Estor	GT	18	1-------	0
GTLAA	La Aurora	GT		1-------	0
GTLIV	Lívingston	GT	18	1-3-----	0
GTPBR	Puerto Barrios	GT		1--4----	0
GTPRQ	Puerto Quetzal	GT		1-------	0
GTRIO	Río Bravo	GT	10	1----6--	0
GTSNJ	San Jose	GT		1-3-5---	0
GTSTC	Puerto Santo Tomás de Castilla	GT	18	1-------	0
GTTUC	Tecun Uman	GT	09	1-------	0
GTVIN	Villa Nueva	GT		1-------	0
GUAPR	Apra (Agana)	GU		1-------	0
GUBRR	Barrigada	GU		1----6--	0
GUGUM	Guam	GU		1--45---	0
GWBNT	Binta	GW		1-------	0
GWBOL	Bolama	GW		1-3-----	0
GWBQE	Bubaque	GW		1-34----	0
GWCAC	Cacheu	GW	CA	1-3-----	0
GWCJA	Canjaja	GW		1-------	0
GWFAR	Farim	GW		1-------	0
GWOXB	Bissau	GW	BS	1-345---	0
GYANT	Adventure	GY		1-------	0
GYEVR	Everton	GY	DE	1-3--6--	0
GYGEO	Georgetown	GY		1--45---	0
GYGFO	Bartica	GY		1--4----	0
GYLDN	Linden	GY		1-------	0
GYNAM	New Amsterdam	GY		1--4----	0
HK9YM	Yau Ma Tei	HK		1-3-----	0
HKABD	Aberdeen	HK		1-3-----	0
HKALC	Ap Lei Chau	HK		1-------	0
HKCWB	Causeway Bay	HK		1-3-----	0
HKHKC	Ha Kwai Chung	HK		1-3-----	0
HKHKG	Hong Kong	HK		1--45---	0
HKKWN	Kowloon	HK		123-----	0
HKLAM	Lamma Island	HK		1-------	0
HKTOL	Tolo Harbour	HK		1-------	0
HKTST	Tsim Sha Tsui	HK		1-3-----	0
HKVIC	Victoria	HK		1-------	0
HKWNI	Wan Chai	HK		1-3-----	0
HKYUE	Yuen Long	HK		1-------	0
HMHEA	Heard Island	HM		1-------	0
HMMCD	McDonald Island	HM		1-------	0
HNAMP	Amapala	HN		1-------	0
HNGJA	Guanaja	HN		1--4----	0
HNHNN	Henecan	HN		1-------	0
HNLCE	La Ceiba	HN		1--4----	0
HNOMO	Omoa	HN	CR	1-------	0
HNPCA	Puerto Castilla	HN		1-------	0
HNPCR	Puerto Cortés	HN		1---5---	0
HNRTB	Roatán	HN		1--4----	0
HNRTM	Mahogany Bay	HN	IB	1-3-----	0
HNSAP	San Pedro Sula	HN		1--45---	0
HNSLO	San Lorenzo	HN		1-------	0
HNTEA	Tela	HN		1--4----	0
HNTGU	Tegucigalpa	HN		1--45---	0
HNTJI	Trujillo	HN		1--4----	0
HR9SA	Velika Mlaka	HR	21	1-3-----	0
HRALJ	Aljmas	HR		1-3-----	0
HRATL	Antenal	HR		1-3-----	0
HRBAK	Bakar	HR	08	123-----	0
HRBAS	Baska	HR	08	1-3-----	0
HRBAT	Batina	HR	14	1-3----B	0
HRBLC	Belisce	HR		1-3-----	0
HRBLE	Blace	HR		1-3-----	0
HRBNM	Biograd na Moru	HR		1-3-----	0
HRBOL	Bol	HR		1-3-----	0
HRBOR	Borovo	HR		1-3-----	0
HRBRB	Brbinj/Lucina	HR		1-3-----	0
HRBRI	Brioni	HR		1-3-----	0
HRBRV	Borovo Selo	HR		1-3-----	0
HRBZA	Bozava	HR		1-3-----	0
HRCRA	Crikvenica	HR		1-3-----	0
HRCRS	Cres	HR		1-3-----	0
HRCVT	Cavtat	HR	19	1-3-----	0
HRDAL	Dalmacia	HR	13	1-------	0
HRDBV	Dubrovnik	HR	19	1-34----	0
HRDLJ	Dalj	HR		1-3-----	0
HRDNC	Donje Celo	HR		1-3-----	0
HRDRK	Drvenik	HR		1-3-----	0
HRDUR	Dugi Rat	HR	17	1-3-----	0
HRERD	Erdut	HR		123----B	0
HRFIL	Filipjakov	HR	13	1-------	0
HRFNA	Fazana	HR		1-3-----	0
HRGNA	Gazenica	HR		123-----	0
HRHVA	Hvar	HR	17	1-3-----	0
HRILO	Ilok	HR		1-3----B	0
HRIST	Ist	HR		1-------	0
HRJAB	Jablanac	HR		1-3-----	0
HRJDR	Jadrija	HR		1-3-----	0
HRJSA	Jelsa	HR		1-3-----	0
HRKAB	Karlobag	HR		1-3-----	0
HRKAL	Kali	HR	13	1-------	0
HRKFR	Kanfanar	HR	07	1-------	0
HRKJV	Kijevo	HR		1----6--	0
HRKLK	Klek	HR		1-3-----	0
HRKMN	Klimno	HR		1-3-----	0
HRKMZ	Komiza	HR		1-3-----	0
HRKOR	Korcula	HR		1-3-----	0
HRKOS	Kostrena	HR	08	1-3-----	0
HRKPR	Kaprije	HR		1-3-----	0
HRKRA	Kraljevica	HR		1-3-----	0
HRKRK	Krk	HR		1-3-----	0
HRKRM	Koromacno	HR		1-3-----	0
HRKUK	Kukljica	HR	13	1-------	0
HRKZA	Kneza	HR	17	1-------	0
HRLAM	Lamjane	HR		1-3-----	0
HRLKR	Lokrum	HR		1-3-----	0
HRLPD	Lopud	HR		1-3-----	0
HRLPR	Lopar	HR		1-3-----	0
HRLST	Lastovo	HR		1-3-----	0
HRLSZ	Mali Losinj	HR		1-34----	0
HRMAK	Makarska	HR	17	1-3-----	0
HRMAL	Malinska	HR		1-3-----	0
HRMAS	Maslenica	HR	17	1-3-----	0
HRMET	Metkovic	HR		123-----	0
HRMHV	Mohovo	HR		1-3-----	0
HRMIL	Milna	HR		1-3-----	0
HRMIZ	Mali Iz	HR	13	1-------	0
HRMNK	Misnjak	HR		1-3-----	0
HRMOD	Moscenicka Draga	HR		1-3-----	0
HRMOM	Momjan	HR	18	1----6--	0
HRMRG	Merag	HR		1-3-----	0
HRMRJ	Muna na Zirju	HR		1-3-----	0
HRMTA	Martinscica	HR		1-3-----	0
HRMUR	Murter	HR		1-3-----	0
HRN9F	Fericanci	HR	11	12---6--	0
HRNDD	Novigrad (Dalmacija)	HR	13	1-------	0
HRNOV	Novaglia	HR	13	1-------	0
HRNRZ	Nerezine	HR		1-3-----	0
HRNVD	Novi Vinodolski	HR		1-3-----	0
HRNVG	Novigrad	HR	18	1-3-----	0
HRNVL	Novalja	HR		1-3-----	0
HROMI	Omisalj	HR	08	1-3-----	0
HROMS	Omis	HR		1-3-----	0
HRONJ	Obonjan	HR		1-3-----	0
HROPA	Opatija	HR	18	1-3-----	0
HROPT	Opatovac	HR		1-3-----	0
HRORB	Orebic	HR		1-3-----	0
HROSI	Osijek	HR	14	1234----	0
HRPAG	Pag	HR		1-3-----	0
HRPAS	Pasman	HR	13	1-------	0
HRPCA	Pucisca	HR		1-3-----	0
HRPLA	Polace	HR		1-3-----	0
HRPLE	Ploce	HR		123-----	0
HRPLM	Plomin	HR	18	1-3-----	0
HRPMN	Pomena	HR		1-3-----	0
HRPNT	Punat	HR		1-3-----	0
HRPOR	Porec	HR	18	1-3-----	0
HRPRE	Preko	HR		1-3-----	0
HRPRI	Primosten	HR		1-3-----	0
HRPRN	Prizna	HR		1-3-----	0
HRPRP	Prapratno	HR		1-3-----	0
HRPRS	Prvic Sepurine	HR		1-3-----	0
HRPRV	Prvic	HR		1-3-----	0
HRPRZ	Porozina	HR		1-3-----	0
HRPUY	Pula	HR	18	1234----	0
HRPVK	Privlaka	HR	13	1-------	0
HRRAB	Rab	HR		1-3-----	0
HRRAS	Rasa	HR	18	123-----	0
HRRBC	Rabac	HR		1-3-----	0
HRRES	Duga Resa	HR	04	1-3-----	0
HRRGC	Rogac	HR		1-3-----	0
HRRGN	Rogoznica	HR		1-3-----	0
HRRJK	Rijeka	HR	08	1234----	0
HRROV	Rovinj	HR	18	1-3-----	0
HRRVC	Rugvica	HR		1----6--	0
HRSAL	Sali	HR		1-3-----	0
HRSBD	Slavonski Brod	HR	12	123-----	0
HRSBR	Sobra	HR		1-3-----	0
HRSDR	Sudurad	HR		1-3-----	0
HRSEN	Senj	HR	08	1-3-----	0
HRSGD	Stari Grad	HR		1-3-----	0
HRSGR	Starigrad	HR		1-3-----	0
HRSIB	Sibenik	HR	15	123-----	0
HRSIL	Silba	HR		1-------	0
HRSIS	Sisak	HR	03	123-----	0
HRSLA	Slano	HR		1-3-----	0
HRSLC	Selce	HR		1-3-----	0
HRSLO	Silo	HR		1-------	0
HRSLT	Slatine	HR		1-3-----	0
HRSMN	Sumartin	HR		1-3-----	0
HRSPL	Splitska	HR	17	1-------	0
HRSPU	Split	HR	17	1234----	0
HRSRD	Skradin	HR		1-3-----	0
HRSRG	Sarengrad	HR		1-3-----	0
HRSSK	Susak	HR		1-------	0
HRSTM	Stomorska	HR		1-3-----	0
HRSTO	Ston	HR	19	1-3-----	0
HRSTP	Sustjepan	HR		1-3-----	0
HRSUC	Sucuraj	HR		1-3-----	0
HRSUP	Supetar	HR		1-3-----	0
HRSUR	Sucurac	HR		123-----	0
HRSUS	Susak	HR	08	1-3-----	0
HRSUT	Sutivan	HR	17	1-------	0
HRSVJ	Sveti Juraj	HR		1-3-----	0
HRSVK	Sveti Kajo	HR	17	123-----	0
HRTKN	Tkon	HR		1-3-----	0
HRTNO	Tisno	HR		1-------	0
HRTNR	Tunarica	HR		1-3-----	0
HRTRI	Tribunj	HR	15	1-------	0
HRTRJ	Trpanj	HR		1-3-----	0
HRTRK	Trstenik	HR		1-3-----	0
HRTRO	Trogir	HR		1-3-----	0
HRTUR	Turanj	HR	13	1-------	0
HRUBL	Ubli	HR		1-3-----	0
HRUMG	Umag	HR	18	1-3-----	0
HRUNJ	Unije	HR		1-3-----	0
HRUVM	Uvala Mir	HR	13	1-------	0
HRVDC	Vodice	HR		1-3-----	0
HRVGN	Viganj	HR		1-3-----	0
HRVIS	Vis	HR		1-3-----	0
HRVIZ	Veli Iz	HR	13	1-------	0
HRVLB	Valbiska	HR		1-3-----	0
HRVLK	Vela Luka	HR		1-3-----	0
HRVLN	Veli Losinj	HR		1-3-----	0
HRVRA	Vranjic	HR	17	123-----	0
HRVRG	Vrgada	HR		1-3-----	0
HRVRK	Vrbnik	HR		1-3-----	0
HRVRR	Vrsar	HR		1-3-----	0
HRVRS	Vrboska	HR		1-3-----	0
HRVUK	Vukovar	HR	16	123-5--B	0
HRXXX	RIS Inland waterways	HR		1-------	0
HRZAD	Zadar	HR	01	1234----	0
HRZGL	Zigljen	HR		1-3-----	0
HRZLR	Zlarin	HR		1-3-----	0
HRZUT	Zut Marina	HR	13	1-------	0
HTACA	Les Cayes	HT	SD	1-------	0
HTCAP	Cap-Haïtien	HT		1--4----	0
HTCRC	Caracol	HT		1-3--6--	0
HTFLI	Fort Liberte	HT	NE	1-------	0
HTFOM	Fond Mombin	HT	OU	1-------	0
HTGVS	Gonaïves	HT	AR	1-------	0
HTJAK	Jacmel	HT	SE	1--4----	0
HTJEE	Jérémie	HT	GA	1--4----	0
HTLFF	Lafiteau	HT	OU	1-3-----	0
HTMIR	Miragoane	HT	NI	1-------	0
HTPAP	Port-au-Prince	HT	OU	1--45---	0
HTPEG	Petit Goâve	HT	OU	1-------	0
HTPLH	Lafito Port	HT	OU	1-------	0
HTSMC	Baie de Saint-Marc	HT	AR	1-------	0
HUADY	Adony	HU	FE	123-----	0
HUAFU	Almásfüzitó	HU	KE	123-----	0
HUAKT	Andornaktálya	HU		123-----	0
HUALS	Alsóörs	HU		123-----	0
HUASZ	Alsozsolca	HU	BZ	1-3-----	0
HUBDA	Berhida	HU	VE	1----6--	0
HUBRS	Badacsonyörs	HU	VE	1----6--	0
HUBUD	Budapest	HU	BU	12345---	0
HUBZE	Berzence	HU		123-----	0
HUBZO	Balatonszárszó	HU	SO	1----6--	0
HUCMR	Csömör	HU	PE	123-----	0
HUCPE	Csepel	HU	PE	1-3-----	0
HUDEB	Debrecen	HU		1--4----	0
HUDPA	Dunapataj	HU	BK	123-----	0
HUDRE	Dunaremete	HU	GS	1-3-----	0
HUDUU	Dunaújváros	HU	FE	123-----	0
HUDVE	Dunavecse	HU	BK	123-----	0
HUEBS	Ebes	HU	HB	1-------	0
HUERC	Ercsi	HU	FE	1-------	0
HUERD	Erdobenye	HU	BZ	1----6--	0
HUEST	Esztergom	HU		1-------	0
HUFVS	Ferencvaros	HU	PE	1-3-----	0
HUGNY	Gónyú	HU	GS	1-3-----	0
HUGYO	Gyor	HU	GS	12------	0
HUHAL	Halásztelek	HU	PE	1-3-----	0
HUHRT	Harta	HU	BK	1-------	0
HUHYF	Hegyfalu	HU	VA	1----6--	0
HUJKZ	Jászárokszállás	HU		123-----	0
HUKAR	Karcag	HU	JN	123-----	0
HUKCO	Kalocsa	HU	BK	123-----	0
HUKET	Ketegyhaza	HU	BE	1-3-----	0
HUKIA	Kisvárda	HU	SZ	123-----	0
HUKKU	Kekkut	HU	VE	1----6--	0
HUKOM	Komárom	HU		123-----	0
HUKOR	Körmend	HU	VA	123-----	0
HULAB	Lábatlan	HU		123-----	0
HULMY	Lágymányos	HU		123-----	0
HUMCQ	Miskolc	HU		1--4----	0
HUMKN	Mecseknádasd	HU		1-3-----	0
HUMOH	Mohács	HU		1-------	0
HUMTY	Mártély	HU	CS	1-3-----	0
HUNGB	Nagybajom	HU	SO	1-------	0
HUNSZ	Neszmély	HU		123-----	0
HUNZA	Nagyrada	HU	ZA	1-3-----	0
HUOOD	Göd	HU	PE	1-3-----	0
HUPAL	Pálmonostora	HU	BK	1----6--	0
HUPES	Szigetcsép	HU	PE	1-3-----	0
HURSP	Sárospatak	HU		123-----	0
HUSZD	Szentendre	HU	PE	1-3-----	0
HUSZE	Szeged	HU		1-------	0
HUSZM	Szigetszentmiklós	HU	PE	123-----	0
HUTAC	Tác	HU	FE	1-------	0
HUTHT	Tahitotfalu	HU	PE	1----6--	0
HUTOJ	Tokaj	HU	SZ	1----6--	0
HUUPS	Újpest	HU		1-3-----	0
HUVIG	Visegrád	HU	PE	1-3-----	0
HUXEL	Kecel	HU	BK	1----6--	0
HUXXX	RIS Inland waterways	HU		1-------	0
HUZAR	Aszar	HU	BK	1-------	0
HUZSI	Zsira	HU	GS	1-------	0
HUZTK	Zlate Klasy	HU		1----6--	0
IDADB	Adang Bay	ID		1-------	0
IDAGR	Anggrek	ID	SA	1-3-----	0
IDAJN	Arjuna, Java	ID		1-------	0
IDAKE	Akeselaka	ID	MA	1-------	0
IDAMA	Amamapare, Ij	ID		1-------	0
IDAMP	Ampenan, Bali	ID		1-------	0
IDAMQ	Ambon, Molucas	ID		1-------	0
IDANG	Angar	ID	MA	1-------	0
IDANO	Anoa Natuna Pt.	ID		1-------	0
IDANR	Anyer Kidul	ID	JB	123-----	0
IDAPN	Ampana	ID	ST	1-------	0
IDARB	Aroe Bay	ID		1-------	0
IDASI	Asike	ID	PA	1-------	0
IDAUN	Arun	ID		1-------	0
IDBAK	Batu Kilat	ID		1-------	0
IDBAL	Balongan Terminal	ID		1-------	0
IDBAM	Batuampar	ID	RI	1-3-----	0
IDBAP	Batu Ampar	ID	KB	1-3-----	0
IDBDJ	Banjarmasin	ID		1--4----	0
IDBEK	Bekapai Terminal	ID		1-------	0
IDBEN	Benete	ID	NB	1-------	0
IDBET	Belida Terminal	ID	RI	1-------	0
IDBGD	Bagendang	ID	KT	1-------	0
IDBGG	Banggai	ID		1-------	0
IDBIK	Biak, Irian Jaya	ID		1--4----	0
IDBIR	Biringkassi	ID		1-------	0
IDBIT	Bitung, Sulawesi	ID		1-------	0
IDBJU	Banjuwangi, Java	ID		1-------	0
IDBKS	Bengkulu, Sumatra	ID		1--4----	0
IDBLH	Balohan	ID	AC	1-------	0
IDBLI	Blinju, Banka	ID		1-------	0
IDBLL	Blang Lancang, St	ID		1-------	0
IDBLT	Belitung	ID	SS	1-------	0
IDBLV	Beliling	ID		1-------	0
IDBLW	Belawan, Sumatra	ID		1-------	0
IDBMT	Bima Terminal, Jv	ID		1-------	0
IDBMU	Bima, Sb	ID		1--4----	0
IDBNG	Bonggala	ID		1-------	0
IDBNT	Belanak Terminal	ID	RI	1-------	0
IDBOA	Benoa	ID	BA	1-------	0
IDBPN	Balikpapan	ID	KI	1--4----	0
IDBTM	Batam Island	ID	KR	1-3-----	0
IDBTN	Banten	ID		1-------	0
IDBTW	Batulicin	ID	KS	1-34----	0
IDBUA	Bula	ID		1-------	0
IDBUG	Buleleng, Bali	ID		1-------	0
IDBUR	Batu Ampar	ID	KR	1-3-----	0
IDBXT	Bontang, Kl	ID		1--4----	0
IDBYQ	Bunyu	ID	KI	1-------	0
IDCBN	Cirebon (Tjeribon)	ID		1-34----	0
IDCEB	Celukan Bawang, Bl	ID		1-------	0
IDCER	Cereweh	ID	NB	1-------	0
IDCIW	Ciwandan	ID	BT	1-------	0
IDCSA	Cape Sago	ID		1-------	0
IDCTO	New Priok Port	ID	JK	1----6--	0
IDCXP	Cilacap (Tjilatjap)	ID	JT	1-34----	0
IDDAS	Dabo, Singkep Isl	ID		1-3-----	0
IDDIV	Diviematra	ID		1-------	0
IDDJA	Djankar	ID		1-------	0
IDDJB	Jambi, Sumatra	ID		1--4----	0
IDDJJ	Jayapura, Irian Jaya	ID	PA	1-345---	0
IDDMA	Demta	ID	PA	1-3-----	0
IDDOB	Dobo	ID	MA	1--4----	0
IDDOG	Donggi	ID	SN	1-3-----	0
IDDUM	Dumai, Sumatra	ID		1--4----	0
IDELA	Elat	ID	MA	1-------	0
IDENO	Kuala Enok	ID		1-------	0
IDEXS	Exspan	ID		1-------	0
IDFKQ	Fak Fak, Irian Jaya	ID		1--4----	0
IDFTG	Pelabuhan Futong Terminal	ID	RI	1-------	0
IDGEE	Gee Island	ID	MA	1-------	0
IDGIL	Gilimanuk, Bali	ID		1-------	0
IDGNS	Gunung Sitoli, St	ID		1--4----	0
IDGRE	Gresik, Java	ID	JI	1-3-----	0
IDGTO	Gorontalo, Sulawesi	ID		1--4----	0
IDGTS	Gatot Subroto Permai	ID	BA	1-------	0
IDIBT	Indonesia Bulk Terminal	ID	KS	1-------	0
IDINA	Inanwatan	ID	PB	1--4----	0
IDJBK	Jababeka	ID		1-------	0
IDJBT	Jabung Terminal	ID	RI	1-------	0
IDJEP	Jepara	ID	JT	1-------	0
IDJIP	Jogja Inland Port	ID	YO	1----6--	0
IDJKT	Jakarta, Java	ID	JK	12345---	0
IDJOR	Jorong Anchorage	ID		1-------	0
IDJPU	Jakarta Pusat	ID	JK	1-------	0
IDJWA	Jawa Timur	ID	JI	1-------	0
IDKAH	Kahayan Bay	ID		1-------	0
IDKAM	Kambunong, Celebes	ID		1-------	0
IDKAR	Karosa, Sulawesi	ID		1-------	0
IDKAS	Kasim, Ij	ID		1-------	0
IDKAU	Kau	ID	MU	1-------	0
IDKBH	Kalabahi	ID	NT	1-3-----	0
IDKDI	Kendari, Sulawesi	ID		1--4----	0
IDKDW	Kendawangan	ID	KB	1-3-----	0
IDKEM	Kempo, Sb	ID		1-------	0
IDKGH	Krueng Geukueh	ID	AC	1-------	0
IDKHY	Kahyangan	ID	NB	1-------	0
IDKID	Kidjang, Bintan	ID		1-------	0
IDKKA	Kuala Kapuas, Kl	ID		1-------	0
IDKKB	Kunak, Borneo	ID		1-------	0
IDKMD	Komodo	ID	NT	1-------	0
IDKNL	Kolonodale	ID	ST	1-3-----	0
IDKNT	Kakap Natuna Terminal	ID		1-------	0
IDKOE	Kupang, Timor	ID		1--4----	0
IDKOJ	Koja	ID	JB	1-3--6--	0
IDKOK	Kokas	ID	PB	1-------	0
IDKOL	Kolaka	ID	SG	1-------	0
IDKPL	Kampung Laut	ID	JA	1-------	0
IDKPN	Kotapinang, Baru	ID		1-------	0
IDKRG	Kariangau	ID		1-------	0
IDKSE	Kassue	ID	PA	1-------	0
IDKSO	Kalbut Situbondo	ID	JI	1-3---7-	0
IDKTG	Ketapang, Kl	ID		1--4----	0
IDKTJ	Kualatanjung	ID	SU	1-3-----	0
IDKUA	Kualalangsa	ID	AC	1-------	0
IDKUM	Kumai	ID	KT	1-3-----	0
IDLAH	Labuha, Molucas	ID		1-34----	0
IDLAS	Langsa, Sumatra	ID		1-------	0
IDLAT	Lalang Terminal, St	ID		1-------	0
IDLBM	Lobam	ID		1-3-----	0
IDLBO	Labuan Bajo	ID	NT	1-3-----	0
IDLBR	Lembar	ID	NB	1-3-----	0
IDLIF	Lifamatola	ID		1-------	0
IDLKI	Loki	ID	MA	1-------	0
IDLLA	Lawe-Lawe, Kl	ID		1-------	0
IDLOM	Lombok	ID	NB	1-------	0
IDLSW	Lhokseumawe	ID	AC	1-34----	0
IDLTT	Lubuk Tutung	ID	KI	1-3-----	0
IDLUW	Luwuk	ID		1--4----	0
IDMAI	Mapia Island	ID	PA	1-------	0
IDMAJ	Majene, Sv	ID		1-------	0
IDMAK	Makassar	ID	SN	1-3-----	0
IDMAL	Mangole	ID		1--4----	0
IDMAR	Marabahan	ID	KS	1-------	0
IDMBK	Muara Bangkong	ID	RI	1-------	0
IDMDC	Manado	ID		1--45---	0
IDMDR	Madura Terminal	ID		1-------	0
IDMEQ	Meulaboh, Sumatra	ID		1--4----	0
IDMES	Medan, Sumatra	ID		1--45---	0
IDMGB	Manggis	ID	BA	1-3-----	0
IDMIT	Misool Terminal	ID	PA	1-------	0
IDMJU	Mamuju	ID		1--4----	0
IDMKJ	Mangkajang	ID	KI	1-------	0
IDMKQ	Merauke, Irian Jaya	ID		1--4----	0
IDMKW	Manokwari, Irian Jaya	ID		1--4----	0
IDMLI	Malili, Sulawesi	ID		1-------	0
IDMNT	Mantang, Riau	ID		1-------	0
IDMOF	Maumere, Flores	ID		1--4----	0
IDMOR	Mornopo	ID	MA	1-------	0
IDMOW	Morowali	ID	ST	1-------	0
IDMPN	Muara Pantai	ID		1-------	0
IDMRB	Merantibunting, Sumatra	ID		1-------	0
IDMRI	Musi River, Sumatra	ID		1-------	0
IDMRK	Merak, Java	ID		1-------	0
IDMSB	Muara Siberut	ID	SB	1-------	0
IDMSK	Muara Sabak	ID	RI	1-------	0
IDMTU	Muturi	ID		1-------	0
IDMUB	Muara Berau	ID		1-------	0
IDMUD	Muara Djawa	ID		1-------	0
IDMUO	Muntok, Banka	ID		1-------	0
IDMUP	Muara Pegah	ID		1-------	0
IDMUW	Muara Teweh	ID	KT	1-3-----	0
IDNIP	Nipah	ID	RI	1-------	0
IDNNX	Nunukan	ID		1--4----	0
IDNPL	North Pulau Laut	ID		1-------	0
IDOBI	Obi Island	ID		1-------	0
IDOJA	Olah Jasa Andal/Jakarta	ID	JK	1-------	0
IDOLO	Olee Lheue	ID		1-------	0
IDPAC	Paciran	ID	JI	1-3-----	0
IDPAG	Pagatan, Kalimantan	ID		1-------	0
IDPAL	Palu	ID		1-3-----	0
IDPAS	Pasir Panjang	ID		1-------	0
IDPAZ	Pasuruan, Java	ID		123-----	0
IDPBB	Pelabuhan Badas	ID	NB	1-------	0
IDPBJ	Pulau Bunyu	ID		1-3-----	0
IDPDG	Padang	ID	SB	1234----	0
IDPDJ	Tandjang	ID		1-------	0
IDPER	Perawang	ID	RI	1-3-----	0
IDPEX	Pekalongan, Java	ID		1-------	0
IDPGA	Pagerungan	ID		1-----7-	0
IDPGK	Pangkalpinang, Banka	ID		1-------	0
IDPGM	Pagimana	ID	ST	1-------	0
IDPGX	Pangkal Balam, Banka	ID		1-------	0
IDPIR	Piru	ID	MA	1-------	0
IDPJM	Pandjung Mani	ID		1-------	0
IDPKN	Pangkalanbuun	ID		1--4----	0
IDPKR	Pangkalan Brandan, Sumatra	ID		1-------	0
IDPKS	Pangkalan Susu, Sumatra	ID		1-------	0
IDPLA	Plaju, Sumatra	ID		1-3-----	0
IDPLM	Palembang, Sumatra	ID		1--4----	0
IDPMG	Port Meneng	ID		1-------	0
IDPMK	Pomako	ID	PA	1-------	0
IDPNG	Penuba	ID		1-------	0
IDPNJ	Panjang	ID		1-------	0
IDPNK	Pontianak, Kalimantan	ID		1--45---	0
IDPNN	Pamanukan, Java	ID		1-------	0
IDPNT	Prointal, Jv	ID		1-------	0
IDPOT	Poto Tano	ID	NB	1-------	0
IDPPO	Palapo, Sulawesi	ID		1-------	0
IDPPS	Pulangpisau	ID		1-------	0
IDPRN	Panarukan, Java	ID		1-------	0
IDPRO	Probolinggo, Java	ID		1-------	0
IDPSJ	Poso, Sulawesi	ID		1--4----	0
IDPSS	Pulau Sambu, Riau	ID		1-------	0
IDPTK	Padang Tikar	ID	KB	1-3-----	0
IDPTL	Pantoloan, Sv	ID		1-------	0
IDPUM	Pomalaa, Sulawesi	ID		1-34----	0
IDPUT	Pulau Laut	ID		1-------	0
IDPWG	Perawang	ID	RI	1-3-----	0
IDREO	Reo	ID	NT	1-------	0
IDRGT	Rengat, Sumatra	ID		1--4----	0
IDRNI	Ranai	ID	RI	1-------	0
IDSAD	Sadau, Borneo	ID		1-------	0
IDSAN	Sanang, Celebes	ID		1-------	0
IDSAP	Sape	ID	NB	1-3-----	0
IDSAS	Sasayap	ID		1-------	0
IDSAT	Santan Terminal, Kl	ID		1-------	0
IDSBG	Sabang, Sumatra	ID		1-------	0
IDSBM	Subaim	ID	MA	1-------	0
IDSBS	Sambas, Kalimantan	ID		1-------	0
IDSDA	Durian	ID	KR	1-------	0
IDSDJ	Sidoarjo	ID	JI	1-------	0
IDSEB	Sebangan Bay, Kalimantan	ID		1-------	0
IDSEP	Sepanjang Terminal	ID		1-------	0
IDSEQ	Sungai Pakning, Sumatra	ID		1--4----	0
IDSGG	Senggigi	ID	NB	1-3-----	0
IDSGO	Port Segoro Fajar Satryo/Jakarta	ID	JK	1-------	0
IDSGU	Sanggau	ID	KB	1-------	0
IDSIA	Siak Yechil, Riau	ID		1-------	0
IDSID	Sidangoli	ID	MU	1-3-----	0
IDSKI	Sangkulirang, Kalimantan	ID		1-------	0
IDSKK	Soengei Kolak	ID		1-------	0
IDSKP	Sekupang	ID	RI	1-3-----	0
IDSKW	Singkawang, Kalimantan	ID		1-------	0
IDSLG	Sibolga, Sumatra	ID		1-------	0
IDSMB	Semangka Bay, St	ID		1-------	0
IDSMQ	Sampit, Kalimantan	ID		1--4----	0
IDSNG	Sinabang	ID		1-3-----	0
IDSOQ	Sorong	ID		1--4----	0
IDSPA	Selat Pandjang, Sumatra	ID		1-------	0
IDSPH	Senipah Terminal	ID		1-------	0
IDSRG	Semarang	ID	JT	1-345---	0
IDSRI	Samarinda, Kalimantan	ID		1--4----	0
IDSSO	Susu	ID		1-------	0
IDSTN	Setagin	ID		1-------	0
IDSTU	Satui	ID		1-------	0
IDSUA	Suaran	ID	KI	1-------	0
IDSUB	Surabaya	ID	JI	123456--	0
IDSUG	Sungai Gerong, Sumatra	ID		1-------	0
IDSUK	Sukabumi	ID		1-------	0
IDSUM	Sumenep	ID	JI	1-------	0
IDSUN	Sunut	ID	NB	1-------	0
IDSUP	Sumenep, Madura	ID		1--4----	0
IDSUQ	Sungai Guntung, Sumatra	ID		1-------	0
IDSUS	Susoh, Sumatra	ID		1-------	0
IDSWQ	Sumbawa	ID		1--4----	0
IDSWT	Salawati Terminal	ID	PB	1-------	0
IDSZA	Cikande	ID	JB	1-3-----	0
IDSZH	Senipah	ID	KI	1---5---	0
IDTAB	Taboneo	ID	KS	1-------	0
IDTAL	Tanah Laut	ID	KS	1-------	0
IDTAN	Tanjunguban	ID		1-3-----	0
IDTAR	Tarjun	ID	KS	1-------	0
IDTAX	Taliabu Island Apt, Moluccas	ID		1--4----	0
IDTBG	Teluk Betung, Sumatra	ID		1-------	0
IDTBL	Toboali	ID	SS	1-------	0
IDTBN	Tuban, Jv	ID		1-------	0
IDTBO	Tobelo	ID		1-------	0
IDTBR	Telukbayur	ID	SB	1-3-----	0
IDTBT	Tandjung Batu, Riau	ID		1-------	0
IDTBU	Tanjung Buli	ID	MA	1-------	0
IDTEG	Tegal, Java	ID		1-------	0
IDTER	Terempa	ID	RI	1-------	0
IDTJB	Tanjungbalai	ID	KR	1--45---	0
IDTJQ	Tanjung Pandan	ID	SS	1-34----	0
IDTKA	Telok Ayer, Kalimantan	ID		1-------	0
IDTLI	Tolitoli	ID		1--4----	0
IDTME	Tanjung Merangas	ID	KI	1-------	0
IDTMK	Timika	ID	PA	1-------	0
IDTMO	Telok Melano	ID		1-------	0
IDTNJ	Tanjungpinang	ID	KR	1--4----	0
IDTPN	Tanjung Pemancingan	ID	KS	1-------	0
IDTRH	Tarahan	ID	LA	1-3-----	0
IDTRK	Tarakan, Kalimantan	ID		1-------	0
IDTSE	Tanjung Sekong, Jv	ID		1-------	0
IDTTE	Ternate, Halmahera	ID		1--4----	0
IDTUA	Tual	ID	MA	1-------	0
IDTZD	Amurang	ID	SA	1----6--	0
IDUDG	Udang Natuna Terminal	ID		1-------	0
IDUPG	Ujung Pandang, Sulawesi	ID		1--45---	0
IDUTC	Jakarta UTC1	ID	JK	1-------	0
IDUTE	Jakarta UTC3	ID	JK	1-------	0
IDWAI	Wainibe	ID	MA	1-------	0
IDWAN	Wanam	ID	PB	1-------	0
IDWED	Weda	ID	MA	1-------	0
IDWGP	Waingapu, Sumba	ID	NT	1--4----	0
IDWSS	Wamsasi	ID	MA	1-------	0
IEALQ	Alexandra Quay	IE		1-------	0
IEARD	Ardmore	IE	WD	1-3-----	0
IEARH	Arklow Head (Ie009)	IE	WW	1-------	0
IEARK	Arklow	IE		1-------	0
IEARO	Alexandra Road Oil	IE		1-------	0
IEATN	Annacotty	IE	LK	1----6--	0
IEAUG	Aughinish Island	IE		1-------	0
IEBBG	Balbriggan	IE	D	123-----	0
IEBGY	Ballynacargy	IE		1----6--	0
IEBHT	Blanchardstown	IE		123-----	0
IEBIF	B & I Ferryport	IE		1-------	0
IEBIT	B & I Terminal	IE		1-------	0
IEBLL	Ballina	IE	MO	1-3-----	0
IEBNA	Ballina	IE	TA	1-3-----	0
IEBNG	Bangor	IE		1-3-----	0
IEBTH	Bantry Harbour	IE	CO	1-------	0
IEBTM	Baltimore	IE		1-------	0
IEBUC	Buncrana	IE		1-------	0
IEBUR	Burtonport	IE		1-3-----	0
IEBVD	Ballydavid	IE	KY	1-------	0
IEBYT	Bantry	IE	CO	1-34----	0
IECAR	Carlingford	IE		1-3-----	0
IECCT	Coastal Control Terminal	IE		1-------	0
IECFI	Castlefinn	IE		1-3--6--	0
IECFN	Donegal	IE	DL	1-34----	0
IECHE	Cahirciveen	IE		1-34----	0
IECLC	Clarecastle	IE	CE	1-3-----	0
IECLD	Clare Island	IE	MO	1-3-----	0
IECLG	Clogherhead	IE	LH	1-------	0
IECLI	Clifden	IE		123-----	0
IECOB	Cobh	IE		1-------	0
IECRO	Crookhaven	IE		1-------	0
IECRS	Carrick-on-Suir	IE	TA	123-----	0
IECTB	Castletown Bearhaven	IE	CO	1-3-----	0
IEDCN	Duncannon/Saint Helens	IE	WX	1-3-----	0
IEDDK	Dundalk	IE		1-------	0
IEDFA	Dublin-Ferryport Terminal 1	IE	D	1-------	0
IEDFB	Dublin-Ferryport Terminal 2	IE	D	1-------	0
IEDFC	Dublin-Ferryport Terminal 3	IE	D	1-------	0
IEDFT	Dublin-Dublin Ferryport Terminals	IE	D	1-------	0
IEDFY	Dunfanaghy	IE	DL	1-3-----	0
IEDGV	Dungarvan	IE	KK	1-3-----	0
IEDIN	Dingle	IE		1-------	0
IEDLG	Dun Laoghaire	IE		1-------	0
IEDMF	Drogheda Maxol Facility	IE	LH	1-------	0
IEDNM	Dunmore East	IE		1-------	0
IEDPP	Drogheda Premiere Periclase	IE	LH	1-------	0
IEDRO	Drogheda	IE		1-------	0
IEDUB	Dublin	IE		12345---	0
IEDWE	Ennistymon	IE	CE	1-3-----	0
IEEBF	Broadford	IE	CW	1-------	0
IEEKY	Easkey/Rathlee	IE	SO	1-3-----	0
IEESB	ESB Poolbeg-Dublin	IE	D	1-------	0
IEFCW	Frank Cassin Wharf	IE		1-------	0
IEFEN	Fenit	IE	KY	1-3-----	0
IEFGY	Coolock	IE	D	1----6--	0
IEFID	Fiddown	IE		1-------	0
IEFIN	Fintona	IE		1----6--	0
IEFOV	Foynes	IE		1-------	0
IEFPD	Flogas Products Drogheda	IE	LH	1-------	0
IEFRW	Ford's Wharf (Topaz Energy Terminal)	IE	CO	1-------	0
IEFTD	Fethard/Slade	IE	TA	1-3-----	0
IEGGA	Glengarriff	IE	CO	1-3-----	0
IEGOW	Gowran	IE		1----6--	0
IEGRE	Greencastle	IE	DL	1-3-----	0
IEGRN	Greenore	IE		1-------	0
IEGRT	Gortahork	IE	DL	1----6--	0
IEGWY	Galway	IE		1-345---	0
IEHAU	Haulbowline	IE		1-------	0
IEHOW	Howth	IE		1-------	0
IEKBS	Killybegs	IE		1-------	0
IEKIC	Kilcoole	IE	WW	1-3-----	0
IEKIN	Kilronan	IE	G	1-34----	0
IEKKA	Kilmokea	IE		1-------	0
IEKLA	Killala	IE		1-3-----	0
IEKLN	Kinsale	IE		1-------	0
IEKLR	Kilrush	IE		1-------	0
IEKNG	Kinnegad	IE	WH	1-------	0
IELAR	Lurganm Armagh	IE	CW	1-------	0
IELMK	Limerick	IE		1--45---	0
IEMAG	Maghera	IE		1-3-----	0
IEMAP	Marino Point	IE		1-------	0
IEMAR	Marshmeadows/New Ross	IE	WX	1-------	0
IEMOT	Moneypoint	IE		1-------	0
IEMOV	Moville	IE	DL	1-3-----	0
IEMRT	Magheraroarty	IE	DL	1-------	0
IEMTL	Dublin-Marine Terminal	IE	D	1-------	0
IENAY	Newtonabbey	IE		123-----	0
IENET	Newport	IE	MO	1-3-----	0
IENEX	Newtown	IE	WX	1-------	0
IENRR	New Ross-Raheen/Roberscon	IE	WX	1-------	0
IENRS	New Ross	IE	WX	1-------	0
IEORK	Cork	IE		1--45---	0
IEPAP	Parnell Place	IE		1-------	0
IEPAT	Pandoro Terminal	IE		1-------	0
IEPAW	Passage West	IE	CO	1-3-----	0
IERAT	Rathmullan	IE	DL	1-3-----	0
IERAV	Rossaveel	IE		1-------	0
IERDM	Rathdrum	IE	WW	1-3-----	0
IERDT	Ringaskiddy Deepwater Terminal	IE	CO	1-------	0
IERIN	Ringaskiddy	IE	CO	1-------	0
IEROE	Rosslare	IE		1-------	0
IEROS	Rosslare Harbour	IE		1-------	0
IERPT	Ringaskiddy Passenger Terminal	IE	CO	1-------	0
IERRR	Kildorrery	IE	CO	1-------	0
IERSM	Rossaveel	IE	G	1-------	0
IERTN	Ramelton	IE	DL	1-3-----	0
IERUS	Rushbrooke	IE		123-----	0
IERVM	River Moy	IE		1-------	0
IESKL	Skull	IE	CO	1-3-----	0
IESLI	Sligo	IE		1-------	0
IESNN	Shannon	IE	CE	1--45---	0
IESNR	Stokestown/New Ross	IE	WX	1-------	0
IETAR	Tarbert	IE		1-------	0
IETIV	Tivoli	IE		1-------	0
IETLK	Castlenock	IE	CW	1-------	0
IETME	Tramore	IE		1-------	0
IETOB	Tober	IE	OY	1-3-----	0
IETQY	Town Quays/Drogheda	IE	LH	1-------	0
IETRA	Tralee	IE		1-------	0
IETRP	Tom Roes Point Terminal/Drogheda	IE	LH	1-------	0
IEUHL	Unionhall	IE	CO	1-3-----	0
IEWAT	Waterford	IE	WD	1-345---	0
IEWCQ	Waterford City Quays	IE	WD	1-------	0
IEWES	Westport	IE		1-------	0
IEWEX	Wexford	IE		1--4----	0
IEWGI	Waterford Great Island (ESB)	IE	WD	1-------	0
IEWHI	Whitegate	IE		1-------	0
IEWIC	Wicklow	IE		1-------	0
IEWIL	Wilton	IE	CO	1----6--	0
IEYOU	Youghal	IE		1-------	0
IL8UH	Gush Halav	IL	Z	1-3-----	0
ILACR	Acre	IL		1-------	0
ILAKK	Akko	IL	Z	1-3-----	0
ILAKL	Ashkelon	IL		1-------	0
ILAS2	Mishor Adumim	IL	M	1----6--	0
ILASH	Ashdod	IL		1-------	0
ILAST	Ashdod Southport	IL	D	1-------	0
ILBGV	Binyamina-Giv'at Ada	IL		1----6--	0
ILETH	Elat (Eilath)	IL		1--4----	0
ILHAD	Hadera	IL		1-------	0
ILHBT	Haifa Bayport	IL	HA	1-------	0
ILHFA	Haifa	IL	HA	1--45---	0
ILJUL	Julis	IL		1-------	0
ILKFV	Kfar Vitkin	IL	M	1-------	0
ILKY7	Karmei Yosef	IL	M	1----6--	0
ILM8A	Magshimim	IL	M	1-3-----	0
ILMSP	Haifa Israel Shipyards Port	IL	Z	1-------	0
ILNAB	Nabulus	IL	JM	1-3-----	0
ILNAT	Netanya	IL		123-----	0
ILOFR	Ofra	IL		1----6--	0
ILTIB	Tiberias	IL		1-3-----	0
ILTLV	Tel Aviv-Yafo	IL	TA	12345---	0
IMCTN	Castletown	IM		1-3-----	0
IMDGS	Douglas	IM		1-3-----	0
IMPEL	Peel	IM		1-3-----	0
IMPER	Port Erin	IM		1-3-----	0
IMPSM	Port Saint Mary	IM		1-------	0
IMRAM	Ramsey	IM		1-3-----	0
IMSAN	Santon	IM		1----6--	0
INABG	Alibag	IN	MH	1-------	0
INACH	Achra	IN	MH	1-------	0
INADI	Androth Is	IN	LD	1-------	0
INAIS	Amini Island	IN	LD	1-------	0
INALA	Alang SBY	IN		12------	0
INALF	Alleppey	IN	KL	1-------	0
INAMI	Andorth Is	IN	LD	1-------	1
INANG	Anijengo	IN	KL	1-------	0
INANL	Arnala	IN	MH	1-------	0
INATU	Attur	IN	TN	1----6--	0
INAZK	Azhikkal	IN	KL	1-------	0
INBAW	Bawal	IN	HR	1-------	0
INBBP	Bahabal Pur	IN	OR	1-------	0
INBDA	Bandra	IN	MH	1-------	0
INBDG	Badagara	IN	KL	1-------	0
INBDH	Bhadohi	IN	UP	12---6--	0
INBDQ	Vadodara	IN	GJ	1234----	0
INBDR	Baindur	IN	KA	1-------	0
INBED	Bedi	IN	GJ	1-------	0
INBET	Betul	IN	GA	1-------	0
INBEY	Beypore	IN	KL	1-------	0
INBGW	Bhagwa	IN	GJ	1-------	0
INBHM	Bheemunipatnam	IN	AP	1-------	0
INBHU	Bhavnagar	IN	GJ	1234----	0
INBKT	Bankot	IN	MH	1-------	0
INBLK	Belekeri	IN	KA	1-------	0
INBLM	Bilimora	IN	GJ	1-------	0
INBLP	Belapur	IN	MH	1-------	0
INBND	Banddar	IN	AP	1-------	0
INBOM	Mumbai (ex Bombay)	IN	MH	123456--	0
INBPQ	Pratapganj	IN	BR	1-3-----	0
INBPT	Bangarapet	IN	KA	123-----	0
INBRH	Broach	IN	GJ	1-------	0
INBRM	Borliai-Mandla	IN	MH	1-------	0
INBRU	Bharuch	IN	GJ	123-----	0
INBRY	Borya	IN	MH	1-------	0
INBSN	Bassain	IN	MH	1-------	0
INBSR	Bulsar	IN	GJ	1-------	0
INBTK	Bhatkal	IN	KA	1-------	0
INBTR	Bitra Is	IN	LD	1-------	0
INBUD	Budge-Budge	IN	WB	1-------	0
INBWN	Bhiwandi	IN	MH	1-------	0
INBYT	Beyt	IN	GJ	1-------	0
INCAM	Cambay	IN	GJ	1-------	0
INCAP	Calingapatam	IN	AP	1-------	0
INCAR	Carijam	IN		1-------	0
INCBL	Chandbali	IN	OR	1-------	0
INCCJ	Kozhikode (ex Calicut)	IN	KL	1234----	0
INCCU	Kolkata (ex Calcutta)	IN	WB	1--45---	0
INCDL	Cuddalore	IN	TN	1-------	0
INCHI	Chikaballur	IN	AN	1-------	0
INCHR	Chapora	IN	GA	1-------	0
INCOK	Kochi	IN	KL	123456--	0
INCOL	Colochel	IN		1-------	0
INCOO	Coondapur (Ganguly)	IN	KA	1-------	0
INCRN	Cornwallis	IN	AN	1-------	0
INCTI	Chetlat Is	IN	LD	1-------	0
INDAH	Dahej	IN	GJ	1-------	0
INDAM	Daman	IN	DD	1--4----	0
INDEG	Deogad	IN	MH	1-------	0
INDHP	Dabhol Port	IN	MH	1-------	0
INDHR	Dholera	IN	GJ	1-------	0
INDHU	Dahanu	IN	MH	1-------	0
INDIG	Dighi (Pune)	IN	MH	1-3--6--	0
INDIU	Diu	IN	DD	1--4----	0
INDIV	Div	IN	GJ	1-------	0
INDMA	Dhamara	IN	OR	123-----	0
INDMQ	Dhamra Port	IN	OR	1-------	0
INDMT	Dharamtar	IN	MH	1-------	0
INDRK	Dwarka (Rupen)	IN	GJ	1-------	0
INDRL	Dabolim	IN	GA	1-------	0
INDSK	Dhanu-shkodi	IN	TN	1-------	0
INDTW	Dantiwara	IN	MH	1-------	0
INDWA	Dwarka	IN	GJ	1-------	0
INEKM	Ernakulam	IN	KL	1-3-----	0
INENR	Ennore	IN	TN	1-------	0
INERO	Erode	IN	TN	1-3-----	0
INESH	Elphinstone Harbour	IN	AN	1-------	0
INGAN	Gandhar	IN		1-------	0
INGAU	Gauhati (Panidi)	IN	AS	1234----	1
INGGA	Gogha	IN	GJ	1-------	0
INGGV	Gangavaram	IN	AP	1-------	0
INGHA	Ghogha	IN	GJ	1-------	0
INGND	Greater Nodia	IN	UP	123-----	0
INGNO	Greater Noida	IN	UP	1-------	0
INGPR	Gopalpur	IN	OR	1-------	0
INGRR	Garden Reach	IN	WB	123-----	0
INHAL	Haldia	IN	WB	1-------	0
INHGT	Hangarkatta	IN	KA	1-------	0
INHIP	Himachal Pradesh	IN	AN	1-3-----	0
INHON	Honavar	IN	KA	1-------	0
INHRN	Harnai	IN	MH	1-------	0
INHWR	Honawar	IN	KA	1-------	0
INHZA	Hazira Port/Surat	IN	GJ	1-------	0
INICD	New Delhi	IN	DL	123--6--	0
INIXE	Mangalore	IN	KA	1--4----	0
INIXJ	Jammu	IN	JK	1234-6--	0
INIXM	Madurai	IN	TN	1-34-6--	0
INIXY	Kandla	IN	GJ	1234-6--	0
INIXZ	Port Blair	IN	AN	1--4----	0
INJAK	Jakhau	IN	GJ	1-------	0
INJBD	Jafarabad	IN	GJ	1-3-----	0
INJDA	Jodia	IN	GJ	1-------	0
INJDG	Jodhpur	IN	GJ	1----6--	0
INJGD	Jaigad	IN	MH	1-------	0
INJTP	Jaitapur	IN	MH	1-------	0
INKAK	Kakinada	IN	AP	1----6--	0
INKAL	Kallai	IN	KL	1-------	0
INKAR	Karur	IN	TN	123--6--	0
INKAT	Kattupalli	IN	TN	123-----	0
INKBT	Khambhat	IN	GJ	1-------	0
INKDI	Kadmat Is	IN	LD	1-------	0
INKDP	Kondiapetnam	IN	KL	1-------	0
INKHO	Khodiyar	IN	GJ	1----6--	0
INKIW	Kelwa	IN	MH	1-------	0
INKKM	Kanyakumari	IN	TN	1-------	0
INKKR	Kilakari	IN	TN	1-------	0
INKKU	Jaipur-Kanakpura	IN		1-3-----	0
INKLY	Kalyan	IN	MH	1-------	0
INKMB	Kumbharu	IN	MH	1-------	0
INKND	Kankudy	IN	KL	1-------	0
INKOD	Kodinar	IN	GJ	1-------	0
INKOI	Koilthottum	IN	KL	1-------	0
INKOK	Koka	IN	GJ	1-------	0
INKON	Konarak	IN	KA	1-3-----	0
INKPI	Kalpeni Island	IN	LD	1-------	0
INKRI	Krishnapatnam	IN	AP	1-------	0
INKRK	Karaikal	IN	PY	1-------	0
INKRN	Karanja	IN	MH	1-------	0
INKRP	Kiranpani	IN	MH	1-------	0
INKRW	Karwar	IN	KA	1-------	0
INKSG	Kasargod	IN	KL	1-------	0
INKSH	Kelshi	IN	MH	1-------	0
INKSP	Kulasekarapanam	IN	TN	1-------	0
INKTD	Kotda	IN	GJ	1-------	0
INKTI	Kiltan Is	IN	LD	1-------	0
INKTK	Toranagallu	IN	KA	1----6--	0
INKTP	Kattupalli Port	IN	TN	123-----	0
INKTW	Koheshwar	IN	GJ	1-------	0
INKVI	Kavi	IN	GJ	1-------	0
INKVL	Kovalam	IN	KL	1-------	0
INKVT	Kavaram Is	IN	LD	1-------	0
INLNG	Lapanga	IN	OR	1----6--	0
INLPR	Leapuram	IN	KL	1-------	0
INMAA	Chennai (ex Madras)	IN	TN	12345---	0
INMAC	Machilipatnam	IN	AP	123-----	0
INMAH	Mahe	IN	PY	123-----	0
INMAL	Malpe	IN	KA	1-------	0
INMAP	Masulipatnam	IN	AP	1-------	0
INMCI	Minicoi I	IN	KL	1-------	0
INMDA	Magdalla	IN	GJ	1-------	0
INMDK	Mul Dwårka	IN	GJ	1-------	0
INMDP	Mandapam	IN	TN	1-------	0
INMDV	Måndvi	IN	GJ	1-3-----	0
INMDW	Meadows	IN	AN	1-------	0
INMGR	Mangrol	IN	GJ	1-------	0
INMHA	Mahuva	IN	GJ	1-------	0
INMLI	Maroli	IN	GJ	1-------	0
INMLP	Mallipuram	IN	KL	1-------	0
INMLW	Malwan	IN	MH	1-------	0
INMNR	Manori	IN	MH	1-------	0
INMNW	Mandwa	IN	MH	1-------	0
INMOB	Morbi	IN	GJ	1-3-----	0
INMRA	Mora	IN	MH	1-------	0
INMRI	Mithivirdi	IN	GJ	1-------	0
INMRK	Malappuram	IN	KL	1-------	0
INMRM	Marmagao (Marmugao)	IN	GA	123-----	0
INMTW	Metwad	IN	GJ	1-------	0
INMUG	Munger	IN	BR	123-----	0
INMUN	Mundra	IN	GJ	1-------	0
INMUR	Murad	IN	MH	1-------	0
INMYB	Mayabandar	IN	AN	1-------	0
INNAN	Nancowrie	IN	AN	1-------	0
INNAV	Navlakhi	IN	GJ	1-------	0
INNDG	Nandgaon	IN	MH	1-------	0
INNEE	Nindakara	IN	KL	1-3-----	0
INNEL	Nellore	IN	AP	1-------	0
INNGC	Nagercoil	IN	TN	1-3-----	0
INNHV	Nhave	IN	MH	1-------	0
INNML	New Mangalore	IN	KA	1-------	0
INNPT	Nagappattinam	IN	TN	1-3-----	0
INNSA	Jawaharlal Nehru (Nhava Sheva)	IN	MH	1-------	0
INNTU	New Tuticorin	IN	TN	1-3-----	0
INNVB	Navabunder	IN	GJ	1-------	0
INNVP	Navaspur	IN	AP	1-------	0
INNVT	Nivti	IN	MH	1-------	0
INNWP	Newapur	IN	MH	1-------	0
INOKH	Okha	IN	GJ	1-------	0
INONJ	Onjal	IN	GJ	1-------	0
INORS	Orissa	IN		1----6--	0
INPAN	Panaji Port	IN	GA	1-------	0
INPAV	Pipavav (Victor) Port	IN	GJ	123-----	0
INPBD	Porbandar	IN	GJ	1--4----	0
INPDD	Padubidri	IN	KA	1-------	0
INPER	Perundurai	IN	TN	1-3-----	0
INPID	Port Indai	IN		1-------	0
INPIN	Pindhara	IN	GJ	1-------	0
INPMB	Pamban	IN	TN	1-------	0
INPNJ	Panjim	IN	GA	1-------	0
INPNM	Panambur, Va Mangalore	IN		1-------	0
INPNN	Ponnani	IN	KL	1-------	0
INPNY	Pondicherry	IN	PY	1-34-6--	0
INPPJ	Pellet Plant Jetty/Shiroda	IN	GA	1-------	0
INPPT	Paradip Port	IN	OR	1-------	0
INPPV	Port Pipavav	IN	GJ	1-------	0
INPRG	Purangad	IN	MH	1-------	0
INPRN	Portonovo	IN	TN	1-------	0
INPRT	Paradip Garh	IN	OR	123-----	0
INPSH	Palshet	IN	MH	1-------	0
INPST	Positra	IN	GJ	1-3-----	0
INPUL	Pulicat	IN	TN	1-------	0
INPUR	Puri	IN	OR	1-------	0
INQUI	Quilon	IN	KL	1-------	0
INRAM	Rameshwaram	IN	TN	1-------	0
INRED	Redi	IN	MH	1-------	0
INRGT	Ranghat Bay	IN	AN	1-------	0
INRJP	Rajpara/Navabunder	IN	GJ	1-------	0
INRJR	Rajpuri	IN	MH	1-------	0
INRKG	Rajakkamangalam	IN	KL	1-------	0
INRNR	Ranpar	IN	MH	1-------	0
INROZ	Rozi	IN	GJ	1-------	0
INRRI	Raili	IN	BR	1-------	0
INRTC	Ratnagiri	IN	MH	1--4----	0
INRVD	Revdanda	IN	MH	1-------	0
INSAD	Sanathnagar	IN	HR	1-3-----	0
INSAL	Salaya	IN	GJ	1-------	0
INSAM	Samalkot	IN	AP	123--6--	0
INSBH	Sinbhour	IN	GJ	1-------	0
INSHI	Shirola	IN	KA	1-------	0
INSHP	Simbhour Port	IN		1-------	0
INSIK	Sika	IN	GJ	123-----	0
INSIL	Siliguri	IN	WB	123-----	0
INSIM	Sima/Navabunder	IN	GJ	1-------	0
INSKK	Sikkim	IN	AN	1-3-----	0
INSMR	Simor	IN	GJ	1-------	0
INSRV	Surasani-Yanam	IN	AP	1-------	0
INSTP	Satpati	IN	MH	1-------	0
INSTV	Surat	IN	GJ	1234-6--	0
INSWA	Sahnewal	IN	PB	1----6--	0
INSWD	Shriwardhan	IN	MH	1-------	0
INTAD	Tadri	IN	KA	1-3-----	0
INTEL	Tellicherry	IN	KL	1-------	0
INTHL	Thal	IN	MH	1-------	0
INTHN	Thane	IN	MH	123-----	0
INTIV	Tiviri	IN		1-------	0
INTJA	Talaja	IN	GJ	1-------	0
INTKS	Tenkasi	IN	TN	1-------	0
INTMP	Trombay	IN	MH	1-------	0
INTNA	Thana	IN	MH	1-------	0
INTND	Tondi	IN	TN	1-------	0
INTNK	Tankari	IN	GJ	1-------	0
INTPH	Thopputhurai	IN	TN	1-------	0
INTPN	Talpona	IN	GA	1-------	0
INTRA	Tranquebar	IN	TN	1-------	0
INTRP	Tarapur	IN	MH	1-------	0
INTRV	Thiruvananthapuram (ex Trivandrum)	IN	KL	1234----	0
INTUN	Tuna	IN	GJ	1-------	0
INTUT	Tuticorin	IN	TN	123--6--	0
INTYR	Tirukkadayyur	IN	TN	1-------	0
INULW	Ulwa	IN	MH	1-------	0
INUMB	Umbergoan	IN	GJ	1-------	0
INUMR	Umarsadi	IN	GJ	1-------	0
INURA	Uran	IN	MH	123-----	0
INUTN	Uttan	IN	MH	1-------	0
INVAD	Vadinar	IN	GJ	1-------	0
INVEN	Vengurla	IN	MH	1-------	0
INVEP	Veppalodai	IN	TN	1-------	0
INVIG	Vizagapatanam	IN	DL	1-------	0
INVKM	Valinokkam	IN	TN	1-------	0
INVNG	Vemgira	IN	MH	1-------	0
INVRD	Varavda	IN	MH	1-------	0
INVRU	Vadarevu	IN	AP	1-------	0
INVSI	Vansi-Borsi	IN	GJ	1-------	0
INVSV	Varsova	IN	MH	1-------	0
INVTZ	Visakhapatnam	IN	AP	1234-6--	0
INVVA	Veraval	IN	GJ	1-------	0
INVYD	Vijaydurg	IN	MH	1-------	0
INVZJ	Vazhinjam	IN	KL	1-------	0
INWAD	Wada	IN	MH	1-3-----	0
INZUM	Tumkur	IN	KA	1-3-----	0
IQALF	Abu Al Fulus	IQ		1-------	0
IQASD	Al Asad	IQ		1-3-----	0
IQBGW	Baghdåd	IQ	BG	12345---	0
IQBSR	Basra	IQ	BA	1-------	0
IQFAO	Fao	IQ		1-------	0
IQHIL	Al Hillah	IQ	BB	1-------	0
IQIKD	Iskandariyha	IQ		1-------	0
IQKAR	Karbala	IQ		1-------	0
IQKAZ	Khor al Zubair	IQ		1-------	0
IQKHA	Khor Al Amaya	IQ		1-------	0
IQKIK	Kirkuk	IQ		1-------	0
IQMAB	Basrah Oil Terminal	IQ	BA	1-------	0
IQMAN	Mandali	IQ		1-------	0
IQNAS	Najat	IQ		1-------	0
IQNJF	Najaf	IQ	NA	1-34----	0
IQNSR	Nasiriyah	IQ		1-3-----	0
IQOSM	Mosul (Ak Mawsil)	IQ	NI	1-3-----	0
IQSAM	Samarra'	IQ	SD	1-------	0
IQTJI	Taji	IQ		1-3-----	0
IQTQD	Al Taqaddum	IQ		1-3-----	0
IQUQR	Umm Qasr Port	IQ	BA	123-----	0
IQZAO	Zakho	IQ		1-3-----	0
IRABD	Abadan	IR		1--45---	0
IRAMD	Bandar Amirabad	IR	21	123-56--	0
IRAMP	Amir Abad Pt	IR	21	1-------	0
IRASA	Asaluyeh	IR	18	1-3-----	0
IRAZD	Yazd	IR		1--4----	0
IRBAH	Bandar Assaluyeh	IR		1-------	0
IRBAM	Amirabad	IR	06	1-------	0
IRBAZ	Bandar-e Anzali	IR	01	1-------	0
IRBIK	Imam Khomeini Pt/ Mahshahr City	IR	10	1-------	0
IRBKK	Bandar-e Emam Khomeyni	IR		1----6--	0
IRBKM	Bandar Khomeini	IR	06	1-34----	0
IRBMR	Bandar Mashur	IR	06	1-----7-	0
IRBND	Bandar Abbas	IR	22	1--4----	0
IRBPA	Bandare Parsian	IR	22	1-------	0
IRBRG	Bandar-e Gaz	IR		1-------	0
IRBSR	Bandar Shahid Rajaee	IR		1-------	0
IRBUZ	Bushehr	IR	18	1-34----	0
IRCYT	Soroosh (Cyrus) Terminal	IR		1-------	0
IRDAY	Dayyer	IR	18	1-------	0
IRFKR	Freidoon Kenar	IR	21	1-------	0
IRIFN	Isfahan	IR		12-4----	0
IRIMH	Imam Hasan	IR		1-------	0
IRKAS	Kashan	IR		1-------	0
IRKAV	Kuvei	IR	22	1-3-----	0
IRKHK	Khark Island	IR		1--4----	0
IRKHO	Khorramshahr	IR		1-------	0
IRKSH	Kermanshah (Bakhtaran)	IR	05	123-----	0
IRLIN	Lingah	IR		1-------	0
IRLVP	Lavan	IR		1--4----	0
IRMRX	Bandar-e Måh Shahr	IR	06	1234----	0
IRNEK	Bandar Neka	IR		1-3-56--	0
IRNKA	Neka	IR	21	1-------	0
IRNSH	Now Shahr	IR		1-------	0
IRRBA	Ras Bahrgan	IR		1-------	0
IRSBR	Shahid Bahonar	IR	23	1-------	0
IRSIX	Sari	IR		1-------	0
IRSRA	Sarooj Anchorage	IR		1-------	0
IRSRP	Shahid Rajaee Pt/Bandar Abbas	IR	23	1-------	0
IRSXI	Sirri Island	IR		1--4----	0
IRSYZ	Shiraz	IR		1--4----	0
IRTBZ	Tabriz	IR		1--4----	0
IRTMB	Tombak	IR	18	1-3-----	0
IRZBR	Chah Bahar	IR		1--4----	0
ISAKR	Akranes	IS		1-------	0
ISAKU	Akureyri	IS		1-------	0
ISASS	Arskogssandur	IS		1-------	0
ISBAK	Bakkafjördur	IS		1-------	0
ISBGJ	Borgarfjørdur eystri	IS		1-------	0
ISBIL	Bildudalur - høfn	IS		1-------	0
ISBLO	Blonduos	IS		1--4----	0
ISBOI	Bordeyri	IS		1-------	0
ISBOL	Bolungarvik	IS		1-34----	0
ISBOR	Borgarnes	IS		1-------	0
ISBRE	Breiddalsvik	IS		1-------	0
ISBRJ	Brjánslækur	IS	3	1-------	0
ISBUD	Budardalur	IS	3	1-3-----	0
ISDAL	Dalvík	IS		1-------	0
ISDJU	Djúpivogur	IS		1--4----	0
ISDPV	Djupavik	IS		1-------	0
ISDRA	Drangsnes	IS		1-------	0
ISESK	Eskifjørdur - høfn	IS		1-------	0
ISFAS	Faskrudsfjørdur	IS		1--4----	0
ISFEY	Flatey	IS	3	1-------	0
ISFLA	Flateyri	IS		1-------	0
ISGRB	Gardabaer	IS		1-------	0
ISGRD	Gardur	IS		1-------	0
ISGRE	Grenivík	IS		1-------	0
ISGRF	Grundarfjørdur	IS		1-------	0
ISGRI	Grindavík	IS		1-------	0
ISGRT	Grundartangi	IS		1-------	0
ISGUF	Gufunes/Reykjavik	IS		1-------	0
ISHAF	Hafnarfjørdur	IS		1-------	0
ISHEL	Helguvik	IS		1-------	0
ISHFN	Höfn, Hornafjørdur	IS		1--4----	0
ISHJA	Hjalteyri	IS		1-------	0
ISHNR	Hafnir	IS		1-------	0
ISHOF	Hofsós	IS		1-------	0
ISHRI	Hrisey	IS		1-------	0
ISHUS	Husavik - høfn	IS		1-------	0
ISHVM	Hvammstangi	IS		1-------	0
ISHVR	Midsandur	IS		1-------	0
ISISA	Isafjørdur - høfn	IS		1-------	0
ISKEV	Keflavikurkaupstadur	IS		1-------	0
ISKJF	Skerjafjördur	IS		1-------	0
ISKOP	Kopasker - høfn	IS		1-------	0
ISKOV	Kópavogur	IS		1-------	0
ISKRO	Krokfjardarnes	IS		1-------	0
ISLAN	Landeyjahöfn	IS	8	1-------	0
ISLSA	Litli Sandur	IS		1-------	0
ISMJH	Mjoeyrarhofn	IS	7	1-3--67-	0
ISMJO	Mjofjördur	IS		1-------	0
ISMOS	Mosfellsbaer	IS		1-3-----	0
ISNES	Neskaupstadur	IS		1-------	1
ISNJA	Njardvik	IS		1-------	0
ISNOU	Nordurfjördur	IS		1-------	0
ISOLF	Olafsfjørdur	IS		1-------	0
ISOLV	Olafsvík	IS		1-------	0
ISOSP	Ospakseyri	IS		1-------	0
ISPAT	Patreksfjørdur - høfn	IS		1-------	0
ISRAU	Raufarhöfn	IS		1--4----	0
ISREY	Reykjavík	IS		1-------	0
ISRFJ	Reydarfjørdur	IS		1-------	0
ISRHA	Reykhólar	IS		1-------	0
ISRIF	Rif-Hellisandur	IS		1--4----	0
ISSAN	Sandgerdi	IS		1-------	0
ISSAU	Saudarkrokur - høfn	IS		1-------	0
ISSEY	Seydisfjørdur	IS		1-------	0
ISSIG	Siglufjørdur - høfn	IS		1-------	0
ISSKA	Skagaströnd	IS		1-------	0
ISSTD	Stodhvarfjørdur	IS		1-------	0
ISSTR	Straumsvik	IS		1-------	0
ISSTY	Stykkisholmur - høfn	IS		1-------	0
ISSUD	Sudureyri/Sugandafjord	IS		1-------	0
ISSUV	Sudavik	IS		1-------	0
ISSVA	Svalbardseyri	IS		1-------	0
ISTAL	Talknafjørdur/Sveinseyri	IS		1-------	0
ISTEY	Thingeyri	IS		1--4----	0
ISTHH	Thorlakshofn	IS		1-------	0
ISTHN	Tjörneshöfn	IS		1-------	0
ISTHO	Thorshofn	IS		1--4----	0
ISVES	Vestmannaeyjar - høfn	IS		1-------	0
ISVOG	Vogar	IS		1-------	0
ISVPN	Vopnafjördur	IS		1-------	0
ITAAS	Marina di Davoli	IT	CZ	123-----	0
ITACL	Aci Castello	IT		1-------	0
ITACT	Aci Trezza	IT	CT	123-----	0
ITADA	Andora	IT	SV	1-3-----	0
ITAEL	Castel Volturno	IT		1-3-----	0
ITAGP	Agropoli	IT	SA	1-------	0
ITAHO	Alghero	IT	SS	123-----	0
ITALI	Alicudi	IT		1-------	0
ITALS	Alassio	IT	SV	1-3-----	0
ITAMA	Amalfi	IT	SA	1-------	0
ITAMN	Santa Maria Navarrese	IT	OG	1-3-----	0
ITAMT	Amantea	IT	CS	1-3-----	0
ITANZ	Anzio	IT	RM	1-------	0
ITAOA	Paola	IT		123-----	0
ITAOI	Ancona	IT	AN	1-34----	0
ITAOL	Acciaroli	IT		1-3-----	0
ITAOR	Caorle	IT		1-3-----	0
ITATA	Arma di Taggia	IT		1-3-----	0
ITATI	Castiglioncello	IT	LI	123-----	1
ITATX	Arbatax	IT	NU	1-------	0
ITAUG	Augusta	IT		1-------	0
ITAVO	Avola	IT	SR	1-3-----	0
ITAZA	Arenzano	IT	GE	1-3-----	0
ITB8D	Bardello	IT	VA	1-------	0
ITBAI	Baia	IT	NA	1-------	0
ITBCB	Bagnara Calabra	IT	RC	123-----	0
ITBCE	Bisceglie	IT	BT	123-----	0
ITBDS	Brindisi	IT	BR	1-------	0
ITBGH	Bordighera	IT	IM	1-3-----	0
ITBLA	Bellaria	IT	RN	123-----	0
ITBLN	Bagnoli	IT	NA	1-------	0
ITBLT	Barletta	IT	BT	1-------	0
ITBMA	Bovalino Marina	IT	RC	1-------	0
ITBMT	Belvedere Marittimo	IT	CS	1-3-----	0
ITBNC	Bianco	IT	RC	1-3-----	0
ITBOA	Bosa	IT	OR	123-----	0
ITBRI	Bari	IT	BA	1-34----	0
ITBVM	Bova Marina	IT	RC	123-----	0
ITCAG	Cagliari	IT	CA	1-34----	0
ITCAS	Castellammare di Stabia	IT	NA	1-------	0
ITCCB	Cape Carbonara	IT		1-------	0
ITCCL	Cattolica	IT	RN	1-3-----	0
ITCCQ	Cetraro	IT	CS	1-3-----	0
ITCEC	Cecina	IT	LI	1-------	0
ITCEQ	Castiglione della Pescaia	IT		1-3-----	0
ITCEV	Cervia	IT	RA	1-3-----	0
ITCFU	Cefalù	IT		123-----	0
ITCGC	Corigliano Calabro	IT	CS	1-3-----	0
ITCHI	Chioggia	IT		1-------	0
ITCHX	Chiavari	IT	GE	123-----	0
ITCLF	Carloforte	IT		1-------	0
ITCLS	Calasetta	IT		1-------	0
ITCML	Casamicciola Terme	IT	NA	1-3-----	0
ITCNT	Cesenatico	IT		123-----	0
ITCOQ	Capo d'Orlando	IT		123-----	0
ITCPA	Capraia	IT		1-------	0
ITCPM	Cupra Marittima	IT	AP	123-----	0
ITCPN	Copanello	IT	CZ	123-----	0
ITCRQ	Castro Marina	IT		1-3-----	0
ITCRT	Cariati	IT		123-----	0
ITCRV	Crotone	IT		1-------	0
ITCTA	Catania	IT	CT	1-------	0
ITCTK	Castelsardo	IT	SS	1-3-----	0
ITCTR	Castellammare del Golfo	IT	TP	1-------	0
ITCVV	Civitavecchia	IT	RM	1-------	0
ITCVX	Cavo	IT		1-------	0
ITDIA	Diamante	IT		123-----	0
ITDNO	Duino	IT		123--6--	0
ITFAL	Falconara	IT		1-------	0
ITFAO	Fano	IT		1-3-----	0
ITFAV	Favignana	IT		1-------	0
ITFCO	Fiumicino	IT	RM	1--4----	0
ITFCV	Foce Varano	IT		1-3-----	0
ITFGE	Fregene	IT		1-3-----	0
ITFME	Francavilla al Mare	IT		1-3-----	0
ITFNL	Finale Ligure	IT	SV	123-----	0
ITFOL	Follonica	IT	GR	1-------	0
ITFOM	Formia	IT		1-3-----	0
ITFOR	Isolotto Formica	IT		1-------	0
ITFPO	Filicudi Porto	IT		1-------	0
ITFRD	Forio	IT		1-3-----	0
ITFSA	Fusina	IT	VE	1-3-----	0
ITGAE	Gaeta	IT		1-------	0
ITGAI	Golfo Aranci	IT	SS	1-------	0
ITGAL	Gallipoli	IT		1-------	0
ITGEA	Gela	IT		1-------	0
ITGIA	Giardini Naxos	IT	ME	1-3-----	0
ITGII	Giannutri	IT		1-------	0
ITGIT	Gioia Tauro	IT		1-------	0
ITGLJ	Camogli	IT	GE	123-----	0
ITGMA	Gabicce Mare	IT		123--6--	0
ITGOA	Genova	IT	GE	12345---	0
ITGOO	Goro	IT		1-3-----	0
ITGOR	Gorgona	IT		1-------	0
ITGRD	Grado	IT		1-------	0
ITGSV	Rosignano Solvay	IT	LI	123-----	0
ITGUI	Giulianova	IT	TE	1-3-----	0
ITGVZ	Giovinazzo	IT		123-----	0
ITGZS	Anguillara Sabazia	IT	RM	1----6--	0
ITICA	Torvaianica	IT	RM	1-3-----	0
ITIDF	Isola delle Femmine	IT		123-----	0
ITIDG	Isola del Giglio	IT		1-------	0
ITIMP	Imperia	IT	IM	1-------	0
ITIOA	Civitanova Marche	IT	MC	1-3-----	0
ITIOI	Maiori	IT		1-3-----	0
ITISB	Pier Isab	IT	SR	1-------	0
ITISH	Ischia	IT	NA	1--4----	0
ITISN	Isola Asinara	IT		1-------	0
ITISS	Isola Santo Stefano	IT		1-------	0
ITITI	Sistiana	IT	TS	1-3-----	0
ITJLO	Iesolo	IT	VE	1-34----	0
ITLAD	Ladispoli	IT	RM	123-----	0
ITLAE	Lacco Ameno	IT		1-3-----	0
ITLAW	Lavagna	IT	GE	123-----	0
ITLEA	Scalea	IT		1-3-----	0
ITLEC	Leuca	IT		1-3-----	0
ITLEN	Levanto	IT	SP	1-3-----	0
ITLER	Lerici	IT	SP	1-3-----	0
ITLES	Lesina	IT		1-3-----	0
ITLEV	Levanzo	IT		1-3-----	0
ITLIC	Licata	IT		1-------	0
ITLIP	Lipari	IT	ME	1-------	0
ITLIU	Linosa	IT		1--4----	0
ITLIV	Livorno	IT		1-------	0
ITLLT	Savelletri	IT	BR	1-3-----	0
ITLMP	Lampedusa	IT		1--4----	0
ITLOA	Loano	IT	SV	123-----	0
ITLSD	Lignano Sabbiadoro	IT		1-3-----	0
ITM2R	Marina di Ragusa	IT	RG	1-3-----	0
ITMAH	Marina di Ginosa	IT		1-3-----	0
ITMAJ	Marano Lagunare	IT		1-3-----	0
ITMAM	Marciana Marina	IT		1-3-----	0
ITMAZ	Mazara del Vallo	IT	TP	1-3-----	0
ITMDA	La Maddalena	IT	SS	1-3-----	0
ITMDC	Marina di Carrara	IT		1-------	0
ITMDW	Margherita di Savoia	IT		1-3-----	0
ITMFR	Manfredonia	IT		1-------	0
ITMGE	Marina Grande	IT		1-3-----	0
ITMIM	Mili Marina	IT	ME	123-----	0
ITMIS	Misano Adriatico	IT	RN	123-----	0
ITMIT	Marina di Camerota	IT		1-3-----	0
ITMLB	Marina della Lobra	IT		1-3-----	0
ITMLS	Montalto di Castro	IT	VT	123-----	0
ITMLU	Massa Lubrense	IT		1-3-----	0
ITMLZ	Milazzo	IT		1-------	0
ITMMO	Marettimo	IT		1-------	0
ITMND	Mondello, Palermo	IT		1-3-----	0
ITMNF	Monfalcone	IT		1-------	0
ITMNP	Monopoli	IT		1-------	0
ITMNU	Marinella di Selinunte	IT		1-3-----	0
ITMOL	Molfetta	IT		1-------	0
ITMPA	Marina di Pisa	IT		1-3-----	0
ITMPS	Melito di Porto Salvo	IT	RC	123-----	0
ITMRA	Marsala	IT	TP	123-----	0
ITMRM	Cirò Marina	IT	KR	123-----	0
ITMRP	Marina di Campo	IT	LI	1-3-----	0
ITMSB	Marina di Pisciotta	IT		1-3-----	0
ITMSD	Marina di Grosseto	IT		1-3-----	0
ITMSN	Messina	IT		1-------	0
ITMTH	Meta	IT	NA	123-----	0
ITNAP	Napoli	IT	NA	1234----	0
ITNCT	San Cataldo	IT	LE	1-3-----	0
ITNGA	Sperlonga	IT		1-3-----	0
ITNIG	Cannigione	IT		1-------	0
ITNLI	Noli	IT	SV	1-3-----	0
ITNNE	Cala Gonone	IT		1-3-----	0
ITNSR	Nova Siri	IT	MT	1-------	0
ITNTA	Sant'Antioco	IT		1-3-----	0
ITNTE	Sestri Levante	IT	GE	1-3-----	0
ITNTT	Nettuno	IT		1-3-----	0
ITNUM	Numana	IT		1-3-----	0
ITOBT	Orbetello	IT		123-----	0
ITODB	Mola di Bari	IT		123-----	0
ITODG	Mondragone	IT		1-3-----	0
ITOGN	Ognina	IT		1-3-----	0
ITOLB	Olbia	IT	SS	1234----	0
ITONE	Oneglia	IT		1-------	0
ITORL	Porticello	IT		1-3-----	0
ITOTN	Ortona	IT		1-------	0
ITOTO	Otranto	IT		1-------	0
ITOZI	Pozzillo	IT	CT	1-3-----	0
ITPAN	Panarea	IT		1-------	0
ITPAU	Palau	IT		1-------	0
ITPAZ	Porto Azzurro	IT		1-------	0
ITPCE	Porto Cervo	IT		1-------	0
ITPCH	Peschici	IT		1-------	0
ITPCN	Porto Conte Torre Nuova	IT	CA	1-3-----	0
ITPDI	Porto d'Ischia	IT		1-------	0
ITPED	Pedaso	IT		123-----	0
ITPEM	Porto Empedocle	IT		1-------	0
ITPES	Pesaro	IT	PU	1-3-----	0
ITPFE	Portoferraio	IT		1-------	0
ITPFX	Porto Foxi (Sarroch)	IT		1-------	0
ITPGA	Porto Garibaldi	IT		1-------	0
ITPGL	Portigliola	IT	RC	1-3-----	0
ITPIA	Pianosa	IT		1-------	0
ITPIM	Praia a Mare	IT	CS	123-----	0
ITPIO	Piombino	IT		1-------	0
ITPIZ	Pizzo	IT		12-4----	0
ITPLI	Porto Lignano	IT		1-------	0
ITPLN	Palinuro	IT		1-3-----	0
ITPMA	Marghera	IT	VE	123-----	0
ITPMM	Palmi	IT		123-----	0
ITPMO	Palermo	IT	PA	1--4----	0
ITPMZ	Porto Maurizio	IT		1-------	0
ITPNG	Porto Nogaro	IT		1-------	0
ITPNL	Pantelleria	IT		1--4----	0
ITPNZ	Ponza	IT	LT	1-------	0
ITPOM	Pomezia	IT	RM	1-------	0
ITPOQ	Porto Viro	IT	RO	1-3-----	0
ITPOS	Positano	IT		1-------	0
ITPOZ	Pozzuoli	IT		1-------	0
ITPPF	Porto Palo	IT	CT	123-----	0
ITPPL	Portopalo	IT	SR	1-3-----	0
ITPPT	Porto Tolle	IT		1-3-----	0
ITPRF	Porto Recanati	IT		123-----	0
ITPRH	Sapri	IT		1-3-----	0
ITPRJ	Capri	IT	NA	1-------	0
ITPRL	Priolo Gargallo	IT	SR	1-3-----	0
ITPRO	Procida	IT		1-------	0
ITPRR	Piano di Sorrento	IT	NA	123-----	0
ITPRW	Portovenere	IT	SP	1-3-----	0
ITPSR	Pescara	IT	PE	1-34----	0
ITPSS	Porto Santo Stefano	IT		1-------	0
ITPTC	Portici	IT	NA	1-3-----	0
ITPTF	Portofino	IT	GE	1-------	0
ITPTH	Porto Ercole	IT		1-3-----	0
ITPTI	Patti	IT	ME	1-3-----	0
ITPTO	Porto Torres	IT	SS	1-------	0
ITPUC	Punta Cugno	IT	SR	1-------	0
ITPVE	Portoscuso (Porto Vesme)	IT		123-----	0
ITPVT	Porto Levante	IT		1-3-----	0
ITPZL	Pozzallo	IT	RG	1-3-----	0
ITQMM	Marina di Massa	IT		1-3-----	0
ITQOS	Oristano	IT	OR	1-3-----	0
ITRAN	Ravenna	IT		1-------	0
ITRCE	Riccione	IT	RN	123-----	0
ITREC	Recco	IT	GE	123-----	0
ITREG	Reggio di Calabria	IT	RC	1-34----	0
ITRGG	Rodi Garganico	IT		1-------	0
ITRIN	Rinella	IT		1-------	0
ITRMA	Rio Marina	IT		1-------	0
ITRMG	Rio Maggiore	IT	SP	1-3-----	0
ITRMI	Rimini	IT	RN	1234----	0
ITRNS	Spotorno	IT		1-3-----	0
ITROC	Roccella Ionica	IT		123-----	0
ITRPO	Rapallo	IT	GE	123-----	0
ITRPT	Riposto	IT	CT	1-3-----	0
ITRRO	Sorrento	IT		1-------	0
ITRRV	Sferracavallo	IT		1-3-----	0
ITRSM	Monterosso al Mare	IT	SP	123-----	0
ITRTS	Riva Trigoso	IT		1-3-----	0
ITRTT	Marotta	IT		123-----	0
ITSAL	Salerno	IT		1-3-----	0
ITSAT	Sant' Antioco	IT		1-------	0
ITSCK	Sciacca	IT		123-----	0
ITSCO	Scoglitti	IT	RG	1-3-----	0
ITSDB	San Benedetto del Tronto	IT	AP	1-3-----	0
ITSEG	Senigallia	IT	AN	123-----	0
ITSFE	San Felice Circeo	IT		1-3-----	0
ITSFM	Santa Foca di Melendugno	IT		1-3-----	0
ITSID	Siderno Marina	IT	RC	1-3-----	0
ITSIG	Porto San Giorgio	IT		123-----	0
ITSIR	Siracusa	IT		1-------	0
ITSLA	Santa Marina Salina	IT		1-3-----	0
ITSLC	Saline, Reggio Calabria	IT		123-----	0
ITSLL	Scilla	IT		123-----	0
ITSLV	Silvi Marina	IT	TE	1-3-----	0
ITSMA	Santa Marinella	IT		123-----	0
ITSMK	Santa Maria di Castellabate	IT		1-3-----	0
ITSML	Santa Margherita Ligure	IT	GE	1-------	0
ITSNR	Terrasini	IT		123-----	0
ITSOO	Soverato	IT		1-3-----	0
ITSPA	Santa Panagia	IT		1-3-----	0
ITSPE	La Spezia	IT	SP	1-------	0
ITSRE	San Remo	IT	IM	1-------	0
ITSRH	Scario	IT		1-3-----	0
ITSSF	Santo Stefano al Mare	IT	IM	123-----	0
ITSTE	Santa Teresa di Gallura	IT	SS	1-------	0
ITSTR	Stromboli	IT		1-------	0
ITSVC	San Vito lo Capo	IT		1-------	0
ITSVN	Savona	IT	SV	123-----	0
ITTAA	Cetara	IT		1-3-----	0
ITTAL	Talamone	IT		1-------	0
ITTAO	Taormina	IT		1-3-----	0
ITTAR	Taranto	IT		1-------	0
ITTCC	Trebisacce	IT		123-----	0
ITTCS	Torre Cesarea	IT	LE	1-3-----	0
ITTEA	Maratea	IT		123-----	0
ITTEF	Santo Stefano di Camastra	IT	ME	1-3-----	0
ITTGR	Torregrande	IT		1-------	0
ITTGV	Torre Gaveta	IT		1-3-----	0
ITTLY	Porto San Vitale	IT	RA	1-3-----	0
ITTMI	Termoli	IT		1-------	0
ITTMT	Isole Tremiti	IT	FG	1-------	0
ITTNI	Trani	IT		1-------	0
ITTOA	Torre Annunziata	IT		1-------	0
ITTPS	Trapani	IT	TP	1--4----	0
ITTRC	Terracina	IT		1-------	0
ITTRH	Torre Faro	IT		1-3-----	0
ITTRI	Termini Imerese	IT	PA	1-------	0
ITTRS	Trieste	IT		12-4----	0
ITTRU	Torre San Giovanni d'Ugento	IT	LE	1-3-----	0
ITTTN	Stintino	IT		1-3-----	0
ITTVC	Torviscosa	IT	UD	1-------	0
ITUGG	Muggia	IT		1-3-----	0
ITULE	Zaule	IT	TS	1-------	0
ITURI	Scauri	IT		1-3-----	0
ITUST	Ustica	IT		1-------	0
ITVCE	Venezia	IT	VE	12345--B	0
ITVDA	Vada	IT		1-------	0
ITVDL	Vado Ligure	IT	SV	123-----	0
ITVEN	Ventimiglia	IT	IM	1-3-5---	0
ITVIA	Viareggio	IT		1-------	0
ITVIE	Vieste	IT		1-------	0
ITVSG	Villa San Giovanni, Calabria	IT		123-----	0
ITVSO	Vasto	IT		1-------	0
ITVT3	Villafranca Tirrena	IT	ME	12--56--	0
ITVTI	Voltri	IT	GE	1-------	0
ITVTT	Ventotene	IT		1-------	0
ITVUL	Vulcano porto	IT		1-------	0
ITVVA	Vibo Valentia	IT		1-------	0
ITVZN	Vernazza	IT	SP	123-----	0
ITXXX	RIS Inland waterways	IT		1-------	0
ITZQQ	Polignano a Mare	IT	BA	123--6--	0
JESAB	Saint Aubin	JE		1-3-----	0
JESCJ	Saint Clement	JE		1-----7-	0
JESTH	Saint Hélier	JE		1-3-----	0
JMALP	Alligator Pond	JM		1-------	0
JMBLR	Black River	JM		1-------	0
JMBWN	Bowden	JM		1-------	0
JMFMH	Falmouth	JM		1-------	0
JMKIN	Kingston	JM		1--45---	0
JMMBJ	Montego Bay	JM		1--4----	0
JMOCJ	Ocho Rios	JM		1--4----	0
JMORC	Oracabessa	JM		1-------	0
JMPEV	Port Esquivel	JM		1-------	0
JMPHE	Port Henderson	JM	14	1-------	0
JMPKS	Port Kaiser	JM		1-------	0
JMPMO	Port Morant	JM		1-------	0
JMPOT	Port Antonio	JM		1--4----	0
JMPRH	Port Rhoades	JM		1-------	0
JMPRO	Port Royal	JM		1-------	0
JMRIB	Rio Bueno	JM		1-------	0
JMROP	Rocky Point	JM		1-------	0
JMSAW	Saint Ann's Bay	JM	06	1-------	0
JMSLM	Savanna-la-Mar	JM		1-------	0
JMSRI	Salt River	JM		1-------	0
JOAQJ	Al 'Aqabah	JO	AQ	1-34----	0
JODAH	Abu Alandah	JO	AM	1----6--	0
JPAAM	Ama, Shimane	JP	32	1-------	0
JPABA	Abashiri	JP	01	1-------	0
JPABO	Aboshi/Himeji	JP	28	1-------	0
JPABS	Abohshita	JP	42	1-------	0
JPABT	Abuto	JP	34	1-------	0
JPABU	Aburatsu	JP	45	1-------	0
JPACH	Ajisu	JP	35	1-------	0
JPADE	Ade	JP	28	1-------	0
JPADO	Ado	JP	37	1-------	0
JPAFG	Akitafunagawa	JP	05	1-------	0
JPAGJ	Aguni	JP	47	1--4----	0
JPAGN	Agenosho	JP	35	1-------	0
JPAGR	Agonoura	JP	47	1-------	0
JPAGS	Ageshima	JP	37	1-------	0
JPAIA	Ainouraaoki/Naru	JP	42	1-------	0
JPAIG	Aki-gun/Hiroshima	JP	34	1-------	0
JPAII	Aio	JP	35	1-------	0
JPAIK	Aikawa, Niigata	JP	15	1-------	0
JPAIM	Aishima	JP	35	1-------	0
JPAIN	Ainoura/Sasebo	JP	42	1-------	0
JPAIO	Aioi	JP	28	1-------	0
JPAIW	Aikawa, Nagasaki	JP	42	1-------	0
JPAIZ	Aizu, Kumamoto	JP	43	1-------	0
JPAJI	Aji	JP	37	1-------	0
JPAJK	Ajigasawa	JP	02	1-------	0
JPAJN	Ajino	JP	33	1-------	0
JPAJR	Ajiro, Shizuoka	JP	22	1-------	0
JPAJX	Aja	JP	47	1-------	0
JPAKA	Akashi	JP	28	1-------	0
JPAKB	Akohbaru	JP	46	1-------	0
JPAKD	Akadomari	JP	15	1-------	0
JPAKE	Akkeshi	JP	01	1-------	0
JPAKG	Akakina	JP	46	1-------	0
JPAKH	Akehama	JP	38	1-------	0
JPAKI	Aikakita	JP	32	1-------	0
JPAKK	Akasaki, Kumamoto	JP	43	1-------	0
JPAKM	Akamizu	JP	46	1-------	0
JPAKN	Akune	JP	46	1-------	0
JPAKO	Akoh	JP	28	1-------	0
JPAKT	Akitsu	JP	34	1-------	0
JPAKW	Azako	JP	46	1-------	0
JPAKZ	Aika	JP	32	1-------	0
JPAMA	Amagasaki	JP	28	1-------	0
JPAMG	Asamogawa	JP	26	1-------	0
JPAMI	Atami	JP	22	1-------	0
JPAMJ	Amaji	JP	39	1-------	0
JPAMM	Ama, Hyogo	JP	28	1-------	0
JPAMR	Arimura	JP	46	1-------	0
JPAMS	Amasaki	JP	38	1-------	0
JPAMT	Amatsuke	JP	43	1-------	0
JPAMU	Amura	JP	43	1-------	0
JPAMX	AmagasakiNishinomiyaAshiya	JP	28	1-------	0
JPAMY	Amiya	JP	32	1-------	0
JPANA	Anan	JP	36	1-------	0
JPANB	Anbo	JP	46	1-------	0
JPANE	Anegasaki	JP	12	1-------	0
JPANM	Anamizu	JP	17	1-------	0
JPAOE	Aoe	JP	35	1-------	0
JPAOG	Aogashima	JP	13	1-------	0
JPAOI	Aoki	JP	37	1-------	0
JPAOJ	Aomori	JP	02	1--4----	0
JPAOK	Aokata	JP	42	1-------	0
JPAOM	Omi	JP	15	123-----	0
JPAON	Aonae	JP	01	1-------	0
JPAOS	Aoshima	JP	42	1-------	0
JPAPP	Koshi	JP	43	1----6--	0
JPARA	Arari	JP	22	1-------	0
JPARG	Amurogama	JP	46	1-------	0
JPARI	Ariake, Tokyo	JP	13	1-3-----	0
JPARK	Arikawa	JP	42	1-------	0
JPARO	Arao	JP	43	1-------	0
JPARZ	Arouzu	JP	38	1-------	0
JPASA	Asa	JP	35	1-------	0
JPASB	Ashibe	JP	42	1-------	0
JPASH	Ashinoura	JP	42	1-------	0
JPASI	Asahimachi	JP	14	1-3-----	0
JPASJ	Amamioshima	JP	46	1--4----	0
JPASK	Akasaki, Tottori	JP	31	1-------	0
JPASM	Asami	JP	43	1-------	0
JPASR	Ashizuri	JP	39	1-------	0
JPAST	Ashitoku	JP	46	1-------	0
JPASU	Kasuya	JP	40	1----6--	0
JPASW	Asakawa	JP	36	1-------	0
JPASZ	Ashiya, Fukuoka	JP	40	1-------	0
JPATA	Ataka	JP	17	1-3-----	0
JPATK	Atsuki	JP	35	1-------	0
JPATM	Atsumi	JP	23	1-------	0
JPATT	Atatajima	JP	34	1-------	0
JPAUI	Asakuchi	JP	33	1----6--	0
JPAWA	Awa	JP	47	1-------	0
JPAWM	Awashimanishi	JP	37	1-------	0
JPAWS	Awashima	JP	37	1-------	0
JPAWZ	Awazu	JP	36	1-------	0
JPAXT	Akita	JP	05	1--4----	0
JPAXZ	Zushi	JP	14	1----6--	0
JPAYU	Ayukawa	JP	04	1-------	0
JPAZJ	Ajiro, Tottori	JP	31	1-------	0
JPAZR	Ajiro, Okayama	JP	33	1-------	0
JPAZU	Azu	JP	42	1-------	0
JPBDM	Bohdomari	JP	46	1-------	0
JPBEP	Beppu, Shimane	JP	32	1-------	0
JPBFS	Beppushinko	JP	44	1-------	0
JPBIZ	Bizen	JP	33	1-3-----	0
JPBKW	Shibukawa	JP	10	1----6--	0
JPBOM	Boma	JP	46	1-------	0
JPBPU	Beppu, Oita	JP	44	1--4----	0
JPBYO	Byobu	JP	37	1-------	0
JPCHB	Chiba	JP	12	1-------	0
JPCHF	Chofu	JP	35	1-------	0
JPCHG	Chigasaki	JP	14	123-----	0
JPCHH	Chichii	JP	32	1-------	0
JPCHI	China	JP	46	1-------	0
JPCHK	Chikubushima	JP	25	1-------	0
JPCHO	Choshi	JP	12	1-------	0
JPCHT	Chitose, Hiroshima	JP	34	1-------	0
JPCHU	Churui	JP	01	1-------	0
JPCHW	Chimu Wan	JP		1-------	0
JPCIO	Chio	JP	33	1-------	0
JPCJU	Chiju	JP	43	1-------	0
JPCKM	Chikumi	JP	32	1-------	0
JPCNS	Chinase	JP	46	1-------	0
JPCTA	Chita	JP	23	1-------	0
JPCYU	Chiryu	JP	23	1----6--	0
JPCYZ	Chiyozaki	JP	24	1-------	0
JPDAT	Date	JP	01	1-------	0
JPDSR	Dohshiro	JP	42	1-------	0
JPDTU	Daito	JP	42	1-------	0
JPDZK	Dohzaki	JP	42	1-------	0
JPEBI	Ebito	JP	43	1-------	0
JPEGO	Ego	JP	43	1-------	0
JPEGS	Eigashima	JP	28	1-------	0
JPEII	Ei	JP	28	1-------	0
JPEIS	Eishi	JP	46	1-------	0
JPEJM	Ejima	JP	37	1-------	0
JPEKZ	Enokizu	JP	42	1-------	0
JPEMM	Erimo	JP	01	1-------	0
JPEMU	Emukae	JP	42	1-------	0
JPENA	Ena	JP	07	1-------	0
JPENH	Enohama	JP	33	1-------	0
JPENN	En	JP	46	1-------	0
JPENO	Enoura, Shizuoka	JP	22	1-------	0
JPENR	Enoura, Kagawa	JP	37	1-------	0
JPESI	Esashi/Hiyama	JP	01	1-------	0
JPESK	Esaki	JP	35	1-------	0
JPESM	Eshima	JP	32	1-------	0
JPESS	Esashi/Soya	JP	01	1-------	0
JPETA	Etajima	JP	34	1-------	0
JPETM	Etomo	JP	32	1-------	0
JPEZA	Ezaki	JP	47	1-------	0
JPFAE	Fukae, Nagasaki	JP	42	1-------	0
JPFCM	Fuchinomoto	JP	42	1-------	0
JPFGS	Fugusaki	JP	23	1-------	0
JPFGW	Futagawa	JP	46	1-------	0
JPFHR	Furubira	JP	01	1-------	0
JPFJN	Fujino	JP	46	1-------	0
JPFKD	Fukuda	JP	34	1-------	0
JPFKE	Fukue, Aichi	JP	23	1-------	0
JPFKH	Fukae, Hiroshima	JP	34	1-------	0
JPFKI	Fukai	JP	33	1-------	0
JPFKJ	Fukui	JP	18	1-------	0
JPFKK	Fukaura, Aomori	JP	02	1-------	0
JPFKM	Fukushima, Nagasaki	JP	42	1-3-----	0
JPFKR	Fukaura, Ehime	JP	38	1-------	0
JPFKU	Fukushima, Hokkaido	JP	01	1-3-----	0
JPFKY	Fukuyama, Hiroshima	JP	34	1-------	0
JPFMD	Futamado	JP	43	1-------	0
JPFMS	Fukushima, Miyazaki	JP	45	1-34----	0
JPFMT	Futamata, Kagoshima	JP	46	1-------	0
JPFNA	Funaya	JP	38	1-------	0
JPFNB	Funabashi	JP	12	1-------	0
JPFND	Funadomari	JP	01	1-------	0
JPFNK	Funagawa	JP	05	1-------	0
JPFNR	Funaura	JP	47	1-------	0
JPFNS	Funakoshi	JP	38	1-------	0
JPFNU	Funauki	JP	47	1-------	0
JPFNZ	Funazu	JP	32	1-------	0
JPFRA	Fukura, Hyogo	JP	28	1-------	0
JPFRE	Furue, Nagasaki	JP	42	1-------	0
JPFRI	Fukari	JP	42	1-------	0
JPFRJ	Fukuura, Ishikawa	JP	17	1-------	0
JPFRK	Furuike	JP	28	1-------	0
JPFRM	Furue, Miyazaki	JP	45	1-------	0
JPFRS	Furusato, Nagasaki	JP	42	1-------	0
JPFRU	Furue, Kagoshima	JP	46	1-------	0
JPFRX	Furue, Ehime	JP	38	1-------	0
JPFSH	Funakakushi	JP	37	1-------	0
JPFSK	Fushiki	JP	16	1-------	0
JPFST	Furusato, Kagoshima	JP	46	1-3-----	0
JPFTE	Futae	JP	43	1-------	0
JPFTG	Futago	JP	32	1-------	0
JPFTM	Futenma	JP	47	1-------	0
JPFTS	Futtsu, Chiba	JP	12	1-------	0
JPFTT	Futamata, Shimane	JP	32	1-------	0
JPFTX	Fushikitoyama	JP	16	1-------	0
JPFUA	Fukuura, Kumamoto	JP	43	1-------	0
JPFUE	Fuke	JP	27	1-------	0
JPFUJ	Fukue, Nagasaki	JP	42	1--4----	0
JPFUM	Fukami	JP	43	1-------	0
JPFUO	Fukuro	JP	30	1-------	0
JPFUR	Fukuura, Ehime	JP	38	1-------	0
JPFUU	Fukura, Kagoshima	JP	46	1-------	0
JPFUW	Fukawa	JP	35	1-------	0
JPFYM	Fukuyama, Kagoshima	JP	46	1-------	0
JPGAM	Gamagori	JP	23	1-------	0
JPGKA	Gushikawa	JP	47	1-------	0
JPGKB	Gohnokubi	JP	42	1-------	0
JPGKN	Gokan	JP	33	1-------	0
JPGKS	Gokasho	JP	24	1-------	0
JPGNG	Gunge	JP	28	1-------	0
JPGNW	Ginowan	JP	47	1-------	0
JPGOI	Goi/Ichihara	JP	12	1-------	0
JPGON	Gonoura	JP	42	1-------	0
JPGOO	Gobo Wakayama	JP	30	1----6--	0
JPGOT	Gohtsu	JP	32	1-------	0
JPGPT	Gendentokai	JP	08	1-------	0
JPGTK	Kitanagoya	JP	23	1-------	0
JPGTO	Goto	JP	42	1-3-----	0
JPHAA	Hami	JP	46	1-------	0
JPHAB	Habu, Hiroshima	JP	34	1-------	0
JPHAD	Heda	JP	22	1-------	0
JPHAE	Haenohama	JP	46	1-------	0
JPHAG	Hagi	JP	35	1-------	0
JPHAH	Hashima	JP	35	1-------	0
JPHAI	Haiki	JP	42	1-------	0
JPHAM	Hamasarufutsu	JP	01	1-------	0
JPHAN	Hannan	JP	27	1-------	0
JPHAR	Hara	JP	42	1-------	0
JPHAS	Hashihama	JP	38	1-------	0
JPHAU	Habu, Tokyo	JP	13	1-------	0
JPHBB	Habu, Yamaguchi	JP	35	1-------	0
JPHBK	Hibikishinko	JP	40	1-------	0
JPHBO	Haboro	JP	01	1-------	0
JPHBR	Hiburi	JP	38	1-------	0
JPHDA	Handa	JP	23	1-------	0
JPHDK	Hidaka	JP	30	1-------	0
JPHDO	Himedo	JP	43	1-------	0
JPHEA	Hiketa	JP	37	1-------	0
JPHED	Hetono	JP	46	1-------	0
JPHEI	Henza	JP	47	1-------	0
JPHES	Hesaki	JP	40	1-------	0
JPHET	Heta	JP	46	1-------	0
JPHGH	Higashihazu	JP	23	1-------	0
JPHGN	Higashisonogi-Gun Cho	JP	42	1----6--	0
JPHGO	Hachigo	JP	46	1-------	0
JPHGS	Ohshima/Hagi	JP	35	1-------	0
JPHGU	Hirugaura	JP	42	1-------	0
JPHHE	Hachinohe	JP	02	1--4----	0
JPHHH	Higashinohama	JP	46	1-------	0
JPHHM	Hohomi	JP	32	1-------	0
JPHHR	Higashiharima	JP	28	1-------	0
JPHIA	Hiagari/Kitakiushu	JP	40	1-------	0
JPHIB	Hibi	JP	33	1-------	0
JPHIC	Hitachinaka	JP	08	1-------	0
JPHIE	Hikone	JP	25	1-------	0
JPHIG	Higashishioya	JP	46	1-------	0
JPHII	Hirasaki	JP	46	1-------	0
JPHIJ	Hiroshima	JP	34	1--4----	0
JPHIK	Hiki	JP	30	1-------	0
JPHIM	Himeji	JP	28	1-------	0
JPHIN	Hinase	JP	33	1-------	0
JPHIO	Higashi-Ogishima	JP	14	1-3-----	0
JPHIR	Hiroo	JP	01	1-------	0
JPHIS	Hikoshima	JP	35	1-------	0
JPHIU	Hiratsuka	JP	14	1-3-----	0
JPHIZ	Hizenohshima	JP	42	1-------	0
JPHJA	Honjima	JP	37	1-------	0
JPHJI	Hiji	JP	44	1-------	0
JPHJM	Hamajima	JP	24	1-------	0
JPHJO	Hojo	JP	38	1-------	0
JPHJR	Hamajiri	JP	46	1-------	0
JPHJT	Hirota, Kagoshima	JP	46	1-------	0
JPHKD	Hakodate	JP	01	1--4----	0
JPHKJ	Hamasaka	JP	28	1-------	0
JPHKK	Hyakkan	JP	43	1-------	0
JPHKM	Honkushima	JP	38	1-------	0
JPHKN	Hekinan	JP	23	1-------	0
JPHKR	Hikari	JP	35	1-------	0
JPHKS	Hakatashima	JP	38	1-------	0
JPHKT	Hakata/Fukuoka	JP	40	123-5---	0
JPHKU	Hakoura	JP	37	1-------	0
JPHKW	Hamakanaya	JP	12	1-------	0
JPHKZ	Hikozaki	JP	33	1-------	0
JPHMA	Hishima	JP	35	1-------	0
JPHMC	Hamochi	JP	15	1-------	0
JPHMD	Hamada	JP	32	1-------	0
JPHMG	Hamaguri	JP	38	1-------	0
JPHMH	Himeshima	JP	44	1-------	0
JPHMI	Hatami	JP	34	1-------	0
JPHMJ	Himi	JP	16	1-------	0
JPHMK	Himekawa	JP	15	1-------	0
JPHMM	Hamamatsu	JP	22	1-------	0
JPHMN	Hamana	JP	22	1-------	0
JPHMR	Hamura	JP	13	1-------	0
JPHMS	Himosashi	JP	42	1-------	0
JPHMT	Hikimoto	JP	24	1-------	0
JPHMW	Hamawaki	JP	42	1-------	0
JPHMX	Hamasaki	JP	47	1-------	0
JPHNE	Hane	JP	44	1-------	0
JPHNG	Hinagu	JP	43	1-------	0
JPHNJ	Honjo, Kyoto	JP	26	1-------	0
JPHNK	Hanasaki	JP	01	1-------	0
JPHNN	Honmoku	JP	14	1-3-----	0
JPHNR	Himenoura	JP	32	1-------	0
JPHNS	Hinoshima	JP	43	1-------	0
JPHNY	Hanyu	JP	32	1-------	0
JPHNZ	Hinozu	JP	32	1-------	0
JPHOD	Hondo	JP	43	1-------	0
JPHOF	Hofu	JP	35	123-----	0
JPHON	Honjo, Akita	JP	05	1-------	0
JPHOS	Hoshika, Saga	JP	41	1-------	0
JPHOT	Hotokegaura	JP	02	1-------	0
JPHPP	Hoppozaki	JP	46	1-------	0
JPHRA	Hirao	JP	35	1-------	0
JPHRD	Hirado	JP	42	1-------	0
JPHRE	Horie	JP	38	1-------	0
JPHRH	Hirohata	JP	28	1-------	0
JPHRI	Horikappu	JP	01	1-------	0
JPHRJ	Hirai	JP	35	1-------	0
JPHRK	Hirakata	JP	08	1-------	0
JPHRM	Haramachi	JP	07	1-------	0
JPHRO	Hiro	JP	34	1-------	0
JPHRR	Hirara	JP	47	1-------	0
JPHRS	Hirase	JP	43	1-------	0
JPHRU	Hiroura	JP	42	1-------	0
JPHRW	Hiraiwa	JP	45	1-------	0
JPHSG	Saga	JP		1-------	0
JPHSH	Hashi	JP	32	1-------	0
JPHSI	Hoshika, Nagasaki	JP	42	1-------	0
JPHSK	Hamasako	JP	42	1-------	0
JPHSM	Hososhima	JP	45	1-------	0
JPHSN	Hisanohama	JP	07	1-------	0
JPHSR	Hashirajima	JP	35	1-------	0
JPHSS	Hase	JP	46	1-------	0
JPHSU	Hamasuki	JP	46	1-------	0
JPHSW	Hirasawa	JP	05	1-------	0
JPHTA	Hirota, Iwate	JP	03	1-------	0
JPHTC	Hitachi	JP	08	1-------	0
JPHTK	Hitakatsu	JP	42	1-------	0
JPHTM	Futami, Tokyo	JP	13	1-------	0
JPHTO	Hatoma	JP	47	1-------	0
JPHTS	Hitsushima	JP	35	1-------	0
JPHTT	Hata	JP	33	1-------	0
JPHUD	Hoda	JP	32	1-------	0
JPHUR	Hannoura	JP	17	1-------	0
JPHUT	Futami, Niigata	JP	15	1-------	0
JPHWA	Hamatsuwaki	JP	46	1-------	0
JPHWS	Hiwasa	JP	36	1-------	0
JPHYG	Hyugadomari	JP	44	1-------	0
JPHYK	Hayakawa	JP	38	1-------	0
JPHYM	Hayama	JP	14	1-------	0
JPHYR	Hyakunoura	JP	38	1-------	0
JPHYS	Hisayoshi	JP	38	1-------	0
JPHYT	Hayato	JP	46	1-------	0
JPIBR	Iburi	JP	39	1-------	0
JPIBS	Ibusuki	JP	46	1-------	0
JPICD	Icchoda	JP	43	1-------	0
JPICH	Ichihara	JP	12	1-------	0
JPICK	Ichikawa	JP	12	1-------	0
JPICO	Ichikikushikino	JP	46	123-----	0
JPICW	Ishikariwan Shinko	JP		1-------	0
JPIDA	Iida	JP	17	1-------	0
JPIDJ	Indohji	JP	42	1-------	0
JPIDM	Iwayadomari	JP	46	1-------	0
JPIEJ	Iejima/Okinawa	JP	47	1--4----	0
JPIER	Ieura	JP	37	1-------	0
JPIES	Ieshima, Hyogo	JP	28	1-------	0
JPIGO	Igo	JP	32	1-------	0
JPIGR	Imagire	JP	36	1-------	0
JPIHA	Niihama	JP	38	1--4----	0
JPIHO	Ihota	JP	35	1-------	0
JPIIB	Iibi	JP	32	1-------	0
JPIII	Ii	JP	35	1-------	0
JPIIN	Nishinoomote	JP	46	1--4----	0
JPIKA	Ikeda, Kagawa	JP	37	1-------	0
JPIKC	Ikuchi	JP	34	1-------	0
JPIKD	Ikeda, Wakayama	JP	30	1-------	0
JPIKE	Ikeshima	JP	42	1-------	0
JPIKJ	Isshiki	JP	23	1-------	0
JPIKK	Ikitsuki	JP	42	1-------	0
JPIKN	Ikina	JP	38	1-------	0
JPIKR	Ikara	JP	46	1-------	0
JPIKT	Ikata	JP	38	1-------	0
JPIKU	Ikunohama	JP	37	1-------	0
JPIKW	Ishikawa	JP	47	1-3-----	0
JPIMA	Imafuku	JP	42	1-------	0
JPIMB	Imabari	JP	38	1-------	0
JPIMI	Imari	JP	41	1-------	0
JPIMM	Imi	JP	44	1-------	0
JPIMT	Imazato	JP	42	1-------	0
JPIMZ	Imazu	JP	38	1-------	0
JPINA	Ina	JP	42	1-------	0
JPIND	Inonada	JP	32	1-------	0
JPINE	Ine	JP	26	1-------	0
JPING	Inugaura	JP	42	1-------	0
JPINK	Inokushi, Oita	JP	44	1-------	0
JPINO	Inobe	JP	46	1-------	0
JPINR	Inatori	JP	22	1-------	0
JPINS	Innoshima	JP	34	1-------	0
JPINT	Iinoseto	JP	42	1-------	0
JPINZ	Inujima	JP	33	1-------	0
JPIOU	Iwojima, Kagoshima	JP	46	1-------	0
JPIRK	Irago	JP	23	1-------	0
JPISA	Issai	JP	39	1-------	0
JPISB	Ishiba	JP	37	1-------	0
JPISC	Ishiwaki	JP	31	1-------	0
JPISD	Ishida	JP	42	1-------	0
JPISE	Ise	JP	24	1-------	0
JPISG	Ishigaki	JP	47	1-------	0
JPISH	Ishima	JP	33	1-------	0
JPISI	Ishikari	JP	01	1-------	0
JPISK	Iseki	JP	46	1-------	0
JPISM	Ishinomaki	JP	04	1-------	0
JPISU	Isuwan	JP	46	1-------	0
JPISX	Isozaki	JP	08	1-------	0
JPISY	Isahaya	JP	42	1-------	0
JPITJ	Itoh, Shizuoka	JP	22	1-------	0
JPITK	Itako	JP	08	1-------	0
JPITO	Itozaki	JP	34	1-------	0
JPITS	Itsukushima	JP	34	1-------	0
JPITU	Itoh, Shimane	JP	32	1-------	0
JPIUH	Inokuchi, Ehime	JP	38	1-------	0
JPIWA	Iwamatsu	JP	38	1-------	0
JPIWG	Iwagi,Ehime	JP	38	1-------	0
JPIWH	Iwafune	JP	15	1-------	0
JPIWI	Iwaki	JP	07	1-------	0
JPIWK	Iwakuni	JP	35	1-------	0
JPIWN	Iwanai	JP	01	1-------	0
JPIWT	Iwojima, Nagasaki	JP	42	1-------	0
JPIWY	Iwaya	JP	28	1-------	0
JPIYA	Iya	JP	32	1-------	0
JPIYM	Iyomishima	JP	38	1-------	0
JPIYO	Iyo	JP	38	1-------	0
JPIZH	Izuhara	JP	42	1-------	0
JPIZI	Izumi, Nagasaki	JP	42	1-------	0
JPIZM	Izumi, Aichi	JP	23	1-------	0
JPIZO	Izumo	JP	32	1--4----	0
JPIZS	Izumisano	JP	27	1-------	0
JPIZU	Izuka	JP	37	1-------	0
JPIZW	Inazawa	JP	23	1-3-----	0
JPJKT	Kotoura	JP	33	1-------	0
JPJKW	Jokawauchi	JP	46	1-------	0
JPJON	Jonoshita	JP	42	1-------	0
JPJTS	Joetsu	JP	15	123-----	0
JPKAA	Kada	JP	30	1-------	0
JPKAB	Kabanoki	JP	43	1-------	0
JPKAC	Kasaura	JP	32	1-------	0
JPKAD	Kaita	JP	34	1-------	0
JPKAE	Kashimae	JP	42	1-------	0
JPKAF	Kafuri	JP	40	1-------	0
JPKAG	Kawarago	JP	08	1-------	0
JPKAH	Kamihira	JP	43	1-------	0
JPKAI	Kainan	JP	30	1-------	0
JPKAJ	Kama, Shimane	JP	32	1-------	0
JPKAM	Kametoku	JP	46	1-------	0
JPKAN	Karuno	JP	08	1-------	0
JPKAO	Kashino	JP	33	1-------	0
JPKAR	Karatsu	JP	41	1-------	0
JPKAT	Katsuura, Wakayama	JP	30	1-------	0
JPKAU	Kasumigaura	JP	08	1-3-----	0
JPKAW	Kawauchi	JP	02	1-------	0
JPKAX	Komoe	JP	28	1-------	0
JPKAZ	Kaizaki	JP	32	1-------	0
JPKBA	Katasoba	JP	46	1-------	0
JPKBI	Kobui	JP	01	1-------	0
JPKBK	Kafuka	JP	01	1-------	0
JPKBM	Kabashima	JP	42	1-------	0
JPKBR	Kubura	JP	47	1-------	0
JPKBS	Kobishima	JP	33	1-------	0
JPKBT	Kobato	JP	42	1-------	0
JPKBU	Kubuki	JP	42	1-------	0
JPKCF	Kuchinofukuura	JP	46	1-------	0
JPKCH	Kawachi, Kumamoto	JP	43	1-------	0
JPKCZ	Kochi	JP	39	1--4----	0
JPKDA	Kishiwada	JP	27	1-------	0
JPKDI	Kodai	JP	42	1-------	0
JPKDJ	Kasedo	JP	46	1-------	0
JPKDK	Kodakashima	JP	44	1-------	0
JPKDM	Kodomari, Kumamoto	JP	43	1-------	0
JPKDO	Kadokura	JP	46	1-------	0
JPKDR	Katadomari	JP	46	1-------	0
JPKDW	Kadokawa	JP	45	1-------	0
JPKDX	Kita/Minamidaito	JP	47	1-------	0
JPKEB	Kebuki	JP	42	1-------	0
JPKEC	Kechi	JP	42	1-------	0
JPKEE	Kameike	JP	47	1-------	0
JPKEG	Kegoya	JP	34	1-------	0
JPKEJ	Keraji	JP	46	1-------	0
JPKEM	Keruma	JP	47	1-------	0
JPKER	Kakeroma	JP	46	1-------	0
JPKFU	Kohtsufukae	JP	43	1-------	0
JPKGA	Kakogawa	JP	28	1-------	0
JPKGB	Kuka	JP	35	1-------	0
JPKGC	Koguchi	JP	42	1-------	0
JPKGE	Kumage	JP	44	1-------	0
JPKGJ	Kigasajima	JP	37	1-------	0
JPKGM	Kagami	JP	43	1-------	0
JPKGO	Kumago	JP	38	1-------	0
JPKGR	Kamagari	JP	34	1-------	0
JPKGS	Kogushi, Yamaguchi	JP	35	1-------	0
JPKGT	Kaigata	JP	46	1-------	0
JPKGU	Kanegusuku	JP	47	1-------	0
JPKHJ	Kurimamaehama	JP	47	1-------	0
JPKHM	Ohama, Kagoshima	JP	46	1-------	0
JPKHR	Kihara	JP	34	1-------	0
JPKHS	Kurahashi	JP	34	1-------	0
JPKIA	Kiami	JP	32	1-------	0
JPKIB	Kibe	JP	44	1-------	0
JPKII	Kiire	JP	46	1-------	0
JPKIJ	Niigata	JP	15	1-------	0
JPKIK	Kikuma	JP	38	1-------	0
JPKIM	Kineshima	JP	37	1-------	0
JPKIN	Kinwan	JP	47	1-------	0
JPKIR	Kitaura, Ehime	JP	38	1-------	0
JPKIS	Kamaishi	JP	03	1-------	0
JPKIT	Kitaura, Miyazaki	JP	45	1-------	0
JPKIW	Kisawa	JP	37	1-------	0
JPKJA	Kohjima	JP	33	1-------	0
JPKJD	Kudadon	JP	46	1-------	0
JPKJG	Kaga, Shimane	JP	32	1-------	0
JPKJI	Kuji, Iwate	JP	03	1-------	0
JPKJJ	Koshima	JP	46	1-------	0
JPKJK	Kajiki	JP	46	1-------	0
JPKJM	Kameura, Kumamoto	JP	43	1-------	0
JPKJN	Kannonji	JP	37	1-------	0
JPKJO	Kinjo	JP	23	1-------	0
JPKJR	Kiriishi	JP	46	1-------	0
JPKJT	Kitaura, Akita	JP	05	1-------	0
JPKJU	Koura, Kagoshima	JP	46	1-------	0
JPKKA	Karakuma	JP	46	1-------	0
JPKKB	Kokubo	JP	38	1-------	0
JPKKE	Komukae	JP	42	1-------	0
JPKKJ	Kitakyushu	JP	40	12345---	0
JPKKK	Kushiku	JP	44	1-------	0
JPKKL	Kohzaki	JP	42	1-------	0
JPKKM	Katakami	JP	33	1-------	0
JPKKO	Komenotsu	JP	46	1-------	0
JPKKR	Kouri	JP	47	1-------	0
JPKKT	Kamikatetsu	JP	46	1-------	0
JPKKU	Kuji, Kagoshima	JP	46	1-------	0
JPKKW	Kanokawa	JP	34	1-------	0
JPKKX	Kikaishima	JP	46	1--4----	0
JPKKZ	Kashikojima	JP	24	1-------	0
JPKMD	Komoda	JP	42	1-------	0
JPKME	Kamae	JP	44	1-------	0
JPKMF	Kaminofuruta	JP	46	1-------	0
JPKMH	Kumihama	JP	26	1-------	0
JPKMI	Miyazaki, Miyazaki	JP	45	1--4----	0
JPKMJ	Kumamoto	JP	43	1--4----	0
JPKMK	Kaminokae	JP	39	1-------	0
JPKMM	Kaminato	JP	13	1-------	0
JPKMN	Kominato	JP	02	1-------	0
JPKMO	Kamo	JP	06	1-------	0
JPKMR	Kameura, Tokushima	JP	36	1-------	0
JPKMS	Kumeshima	JP	47	1-------	0
JPKMT	Kimitsu	JP	12	1-------	0
JPKMU	Kamiura	JP	38	1-------	0
JPKMW	Kamikawaguchi	JP	39	1-------	0
JPKMX	Komatsu, Yamaguchi	JP	35	1-------	0
JPKMY	Kamiyakunagata	JP	46	1-------	0
JPKNA	Kuwana	JP	24	1-------	0
JPKNB	Konbukariishi	JP	01	1-------	0
JPKND	Kanda, Fukuoka	JP	40	1-------	0
JPKNE	Kinoe	JP	34	1-------	0
JPKNG	Kuniga	JP	32	1-------	0
JPKNH	Kunehama	JP	42	1-------	0
JPKNI	Konagai	JP	42	1-------	0
JPKNJ	Kisane	JP	32	1-------	0
JPKNK	Kinkasan	JP	04	1-------	0
JPKNM	Kanmon	JP	40	1-------	0
JPKNN	Kin	JP	42	1-------	0
JPKNO	Konoura	JP	05	1-------	0
JPKNR	Kohnoura	JP	42	1-------	0
JPKNS	Kunisaki	JP	44	1-------	0
JPKNT	Kinomoto	JP	24	1-------	0
JPKNU	Kinuura	JP	23	1-------	0
JPKNX	KinNakagusuku	JP	47	1-------	0
JPKNY	Koniya	JP	46	1-------	0
JPKNZ	Kanazawa	JP	17	1-------	0
JPKOB	Koza	JP	30	1-------	0
JPKOD	Kodomari, Aomori	JP	02	1-------	0
JPKOF	Konan	JP	07	1-------	0
JPKOG	Kogushi, Okayama	JP	33	1-------	0
JPKOH	Kohama	JP	47	1-------	0
JPKOI	Koike/Uwajima	JP	38	1-------	0
JPKOJ	Kagoshima	JP	46	1--4----	0
JPKOK	Kokura	JP	40	1-3-----	0
JPKOM	Komatsushima	JP	36	1-------	0
JPKON	Konoshima	JP	33	1-------	0
JPKOO	Kohmen	JP	46	1-------	0
JPKOR	Koura, Kagawa	JP	37	1-------	0
JPKOS	Kose	JP	37	1-------	0
JPKOU	Kohzujima	JP	13	1-------	0
JPKOX	Kaminoseki	JP	35	1-------	0
JPKOY	Koyoh/Etajima	JP	34	1-------	0
JPKOZ	Kozuna	JP	42	1-------	0
JPKRA	Kannoura	JP	39	1-------	0
JPKRB	Karubi	JP	32	1-------	0
JPKRC	Kuramai	JP	23	1-------	0
JPKRD	Kuroda	JP	32	1-------	0
JPKRE	Kure, Hiroshima	JP	34	1-------	0
JPKRH	Kurihama	JP	14	1-------	0
JPKRI	Kurio	JP	46	1-------	0
JPKRJ	Kuroshima, Okinawa	JP	47	1-------	0
JPKRK	Karakizaki	JP	43	1-------	0
JPKRM	Kurokami	JP	46	1-------	0
JPKRN	Kuranotani	JP	32	1-------	0
JPKRR	Kujiragaura	JP	42	1-------	0
JPKRS	Kurushima	JP	38	1-------	0
JPKRT	Kiritappu	JP	01	1-------	0
JPKRU	Kurii	JP	32	1-------	0
JPKRX	Kuroi	JP	45	1-------	0
JPKRY	Kariya, Saga	JP	41	1-------	0
JPKSA	Kasaoka	JP	33	1-------	0
JPKSB	Kusubo	JP	42	1-------	0
JPKSC	Kashima, Saga	JP	41	1-------	0
JPKSD	Kasado	JP	35	1-------	0
JPKSE	Kamoise	JP	42	1-------	0
JPKSF	Kitsuki	JP	44	1----6--	0
JPKSH	Kishiku	JP	42	1-------	0
JPKSK	Kurosaki	JP	40	1-------	0
JPKSM	Kashima, Ibaraki	JP	08	1-------	0
JPKSN	Kesennuma	JP	04	1-------	0
JPKSR	Kishira	JP	46	1-------	0
JPKSS	Kasasa, Kagoshima	JP	46	1-------	0
JPKST	Kisakata	JP	05	1-------	0
JPKSU	Katsumoto	JP	42	1-------	0
JPKSW	Kashiwa, Ehime	JP	38	1-------	0
JPKSX	Kosuki	JP	46	1-------	0
JPKSY	Kasasa, Yamaguchi	JP	35	1-------	0
JPKTA	Kitanada	JP	38	1-------	0
JPKTG	Kutsugata	JP	01	1-------	0
JPKTJ	Kotakarajima	JP	46	1-------	0
JPKTK	Kataku	JP	44	1-------	0
JPKTL	Kitakijima	JP	33	1-------	0
JPKTM	Karatomari	JP	40	1-------	0
JPKTN	Kitakami	JP	03	123-----	0
JPKTO	Kottoi	JP	35	1-------	0
JPKTR	Kitaura, Kagawa	JP	37	1-------	0
JPKTS	Katashima	JP	39	1-------	0
JPKTU	Kohtsuura	JP	43	1-------	0
JPKTX	Kita/Kitadaito	JP	47	1-------	0
JPKTZ	Kata	JP	24	1-------	0
JPKUC	Kuchinotsu	JP	42	1-------	0
JPKUD	Kudamatsu	JP	35	1-------	0
JPKUE	Kure, Kochi	JP	39	1-------	0
JPKUF	Kofu	JP	19	123--6--	0
JPKUG	Kugui	JP	33	1-------	0
JPKUH	Kushiro	JP	01	1--4----	0
JPKUR	Katsuura, Chiba	JP	12	1-------	0
JPKUT	Kute	JP	32	1-------	0
JPKUU	Kumanoe	JP	45	1-------	0
JPKUW	Kuwanoura	JP	46	1-------	0
JPKUX	Kuronohama	JP	46	1-------	0
JPKUZ	Kuzu	JP	37	1-------	0
JPKWA	Kawanazu	JP	38	1-------	0
JPKWC	Kawachi, Nagasaki	JP	42	1-------	0
JPKWI	Kawanoishi	JP	38	1-------	0
JPKWJ	Kawajiri, Hiroshima	JP	34	1-------	0
JPKWM	Kawashimo	JP	32	1-------	0
JPKWN	Kawanoe	JP	38	1-------	0
JPKWR	Kawajiri, Ibaraki	JP	08	1-------	0
JPKWS	Kawasaki	JP	14	1-------	0
JPKWT	Kawatana	JP	42	1-------	0
JPKWX	Kowa	JP	23	1-------	0
JPKWZ	Kashiwazaki	JP	15	1-------	0
JPKXK	Kusukawa	JP	46	1-------	0
JPKXS	Kasumi	JP	28	1-------	0
JPKYA	Kanoya	JP	46	1-------	0
JPKYK	Kanayaki	JP	43	1-------	0
JPKYM	Kuyama	JP	42	1-------	0
JPKYO	Koyoh/Kawajiri	JP	34	1-------	0
JPKYR	Isso	JP	46	1-------	0
JPKZE	Kozera	JP	42	1-------	0
JPKZH	Kazuhara	JP	37	1-------	0
JPKZI	Kijima	JP	33	1-------	0
JPKZJ	Kozai	JP	37	1-------	0
JPKZK	Kozukushi	JP	39	1-------	0
JPKZM	Kazume	JP	42	1-------	0
JPKZR	Kohjiro	JP	42	1-------	0
JPKZS	Kazusaminato	JP	12	1-------	0
JPKZU	Kisarazu	JP	12	1-------	0
JPMAB	Maruichibi	JP	44	1-------	0
JPMAD	Maedomari/Iheya	JP	47	1-------	0
JPMAG	Mategata	JP	38	1-------	0
JPMAI	Maizuru	JP	26	1-------	0
JPMAK	Makiyama	JP	40	1-------	0
JPMAM	Matama	JP	44	1-------	0
JPMAO	Matsuo	JP	33	1-------	0
JPMAR	Marugame	JP	37	1-------	0
JPMAS	Masaki	JP	38	1-------	0
JPMAT	Matsushima, Nagasaki	JP	42	1-------	0
JPMAU	Matsuura, Kagoshima	JP	46	1-------	0
JPMAW	Nishimaizuru	JP	26	1-------	0
JPMBE	Monbetsu/Abashiri	JP	01	1-------	0
JPMBR	Mebaruzaki	JP	34	1-------	0
JPMBT	Motobu	JP	47	1-------	0
JPMCD	Mochidoi	JP	42	1-------	0
JPMCH	Mochiishi	JP	32	1-------	0
JPMDJ	Masuda, Kagoshima	JP	46	1-------	0
JPMDR	Maedomari/Tarama	JP	47	1-------	0
JPMEG	Megi	JP	37	1-------	0
JPMEI	Meihama	JP	40	1-------	0
JPMEN	Mei	JP	42	1-------	0
JPMER	Maeura	JP	33	1-------	0
JPMET	Meitsu	JP	45	1-------	0
JPMGA	Matsugaura	JP	46	1-------	0
JPMGC	Maguchi	JP	33	1-------	0
JPMGM	Magome	JP	42	1-------	0
JPMGN	Mogine	JP	43	1-------	0
JPMGS	Megoshima	JP	42	1-------	0
JPMGU	Magusa	JP	23	1-------	0
JPMGY	Nagayama	JP	47	1-------	0
JPMHM	Maehama	JP	38	1-------	0
JPMHN	Mihowan	JP	31	1-------	0
JPMHR	Mihara	JP	34	1-------	0
JPMIH	Mihonoseki	JP	32	1-------	0
JPMII	Miike, Fukuoka	JP	40	1-------	0
JPMIJ	Miike, Tokyo	JP	13	1-------	0
JPMIK	Misaki, Kanagawa	JP	14	1-------	0
JPMIN	Minamata	JP	43	1-------	0
JPMIR	Miura/Mitsushima	JP	42	1-------	0
JPMIS	Misumi, Kumamoto	JP	43	1-------	0
JPMIT	Mitaka, Hiroshima	JP	34	1-------	0
JPMIY	Miyazu	JP	26	1-------	0
JPMIZ	Mizushima	JP	33	1-------	0
JPMJR	Mitajiri	JP	35	123-----	0
JPMKA	Mukata	JP	44	1-------	0
JPMKG	Makigawa	JP	46	1-------	0
JPMKI	Misaki, Kochi	JP	39	1-------	0
JPMKJ	Mikisato	JP	24	1-------	0
JPMKK	Makurazaki	JP	46	1-------	0
JPMKM	Mikame	JP	38	1-------	0
JPMKR	Mikurajima	JP	13	1-------	0
JPMKS	Mitsukoshima	JP	34	1-------	0
JPMKU	Mukunoura	JP	34	1-------	0
JPMKW	Mikawa	JP	23	1-------	0
JPMKX	Mishima, Kawanoe	JP	38	1-------	0
JPMMA	Maenohama	JP	46	1-------	0
JPMMD	Minamidaito	JP	47	1--4----	0
JPMMI	Misumi, Shimane	JP	32	1-------	0
JPMMM	Mageshimamisaki	JP	46	1-------	0
JPMMT	Mimitsu	JP	45	1-------	0
JPMMY	Miyakojima	JP	47	1--4----	0
JPMNA	Manazuru	JP	14	1-------	0
JPMNE	Mine	JP	42	1-------	0
JPMNG	Matsunaga	JP	34	1-------	0
JPMNJ	Minna/Motobu	JP	47	1-------	0
JPMNM	Minami	JP	32	1-------	0
JPMNN	Minna/Tarama	JP	47	1-------	0
JPMNO	Miyanoura/Kamiyaku	JP	46	1-------	0
JPMNR	Miyanoura, Nagasaki	JP	42	1-------	0
JPMNT	Minato, Hyogo	JP	28	1-------	0
JPMNY	Minmaya	JP	02	1-------	0
JPMOG	Mogi	JP	42	1-------	0
JPMOJ	Moji/Kitakyushu	JP	40	123-5---	0
JPMOM	Morodomi	JP	41	1-------	0
JPMOO	Morie	JP	44	1-------	0
JPMOR	Mori	JP	01	1-------	0
JPMOT	Motomachi	JP	13	1-------	0
JPMOU	Motoura/Toshima	JP	46	1-------	0
JPMOX	Monoi	JP	32	1-------	0
JPMQT	Mito, Kagawa	JP	37	1-------	0
JPMRA	Matsushima, Miyagi	JP	04	1-------	0
JPMRE	Mure	JP	37	1-------	0
JPMRG	Moriage	JP	38	1-------	0
JPMRH	Morinohama	JP	42	1-------	0
JPMRJ	Murotomisaki	JP	39	1-------	0
JPMRK	Morakui	JP	32	1-------	0
JPMRM	Muromoto	JP	37	1-------	0
JPMRO	Murokita	JP	37	1-------	0
JPMRS	Murotsu, Hyogo	JP	28	1-------	0
JPMRT	Murotsu, Yamaguchi	JP	35	1-------	0
JPMRU	Maruo	JP	35	1-------	0
JPMRZ	Morozaki	JP	23	1-------	0
JPMSA	Matsusaka	JP	24	1-------	0
JPMSD	Masuda, Shimane	JP	32	1-------	0
JPMSH	Musashi	JP	44	1-------	0
JPMSI	MieShikimi	JP	42	1-------	0
JPMSK	Mashike	JP	01	1-------	0
JPMSO	Misho	JP	38	1-------	0
JPMSR	Mishiro	JP	42	1-------	0
JPMSS	Matsushima, Okayama	JP	33	1-------	0
JPMST	Misato	JP	42	1-------	0
JPMSX	Misaki, Ehime	JP	38	1-------	0
JPMTC	Mitachi	JP	37	1-------	0
JPMTE	Matsue	JP	32	1-------	0
JPMTH	Mitsuhama	JP	38	1-------	0
JPMTI	Mitarai	JP	34	1-------	0
JPMTK	Mitsukue	JP	38	1-------	0
JPMTM	Matsumae	JP	01	1-------	0
JPMTO	Motoura/Azuma	JP	46	1-------	0
JPMTR	Mutsure	JP	35	1-------	0
JPMTS	Matsuura, Nagasaki	JP	42	1-------	0
JPMTU	Matsuura, Oita	JP	44	1-------	0
JPMTY	Matoya	JP	24	1-------	0
JPMTZ	Matsuzaki	JP	22	1-------	0
JPMUG	Mugi	JP	36	1-------	0
JPMUK	Mukaishima	JP	34	1-------	0
JPMUR	Muroran	JP	01	1-------	0
JPMUT	Mutsuogawara	JP	02	1-------	0
JPMUX	Murotsu, Kochi	JP	39	1-------	0
JPMUY	Miyanoura, Kagawa	JP	37	1-------	0
JPMWA	Maruiwa	JP	33	1-------	0
JPMWR	Mawari	JP	42	1-------	0
JPMXT	Mita	JP	32	1-------	0
JPMYA	Muya	JP	36	1-------	0
JPMYG	Miyagahama	JP	46	1-------	0
JPMYI	Miyagi	JP	10	1-3-----	0
JPMYJ	Matsuyama	JP	38	1--4----	0
JPMYK	Miyako, Iwate	JP	03	1-------	0
JPMYN	Miyanoura/Azuma	JP	46	1-------	0
JPMYT	Miyoshi, Tokushima	JP	36	1----6--	0
JPMYU	Miyaura	JP	38	1-------	0
JPMYX	Muta, Nagasaki	JP	42	1-------	0
JPMZK	Miyazaki, Ehime	JP	38	1-------	0
JPMZM	Murozumi	JP	35	1-------	0
JPMZR	Motozaru	JP	44	1-------	0
JPMZS	Mizusaki	JP	42	1-------	0
JPNAA	Nagaura, Nagasaki	JP	42	1-------	0
JPNAB	Nagara	JP	46	1-------	0
JPNAD	Nadahama	JP	28	1-------	0
JPNAG	Nagahama, Shimane	JP	32	1-------	0
JPNAH	Naha, Okinawa	JP	47	1--45---	0
JPNAI	Narashino	JP	12	1-------	0
JPNAK	Nakagusuku	JP	47	1-------	0
JPNAM	Nama	JP	42	1-------	0
JPNAN	Nakanoseki	JP	35	1-------	0
JPNAO	Naoetsu	JP	15	1-------	0
JPNAR	Naarai	JP	12	1-------	0
JPNAS	Naoshima	JP	37	1-------	0
JPNAT	Nakatsu	JP	44	1-------	0
JPNAY	Nagayo	JP	42	1-------	0
JPNAZ	Naze	JP	46	1-------	0
JPNBS	Nobeokashinko	JP	45	1-------	0
JPNBU	Nobu/Mitsushima	JP	42	1-------	0
JPNDI	Nishi/Minamidaito	JP	47	1-------	0
JPNDY	Nadayama	JP	32	1-------	0
JPNEJ	Nejime	JP	46	1-------	0
JPNEM	Nemuro	JP	01	1-------	0
JPNEO	Neo	JP	42	1-------	0
JPNEX	Nagae, Ehime	JP	38	1-------	0
JPNEZ	Nezugaseki	JP	06	1-------	0
JPNGA	Nagareyama, Chiba	JP	12	1----6--	0
JPNGD	Nagouda	JP	32	1-------	0
JPNGE	Nagae, Shimane	JP	32	1-------	0
JPNGG	Nagame	JP	43	1-------	0
JPNGH	Nagahama, Ehime	JP	38	1-------	0
JPNGI	Neghishi/Yokohama	JP	14	1-------	0
JPNGM	Nagimi	JP	38	1-------	0
JPNGN	Naigainoura	JP	39	1-------	0
JPNGO	Nagoya, Aichi	JP	23	1--45---	0
JPNGR	Nagaura/Yokosuka	JP	14	1-------	0
JPNGS	Nagasaki	JP	42	1--4----	0
JPNGU	Nagasu, Kumamoto	JP	43	1-------	0
JPNGY	Nagaokakyo	JP	26	1-------	0
JPNHA	Nakahama, Hiroshima	JP	34	1-------	0
JPNHI	Nahari	JP	39	1-------	0
JPNHJ	Noheji	JP	02	1-------	0
JPNHM	Nagahama, Shiga	JP	25	1-------	0
JPNHN	Nagasakinohana	JP	37	1-------	0
JPNHR	Nishihara	JP	47	1-------	0
JPNIA	Nita	JP	42	1-------	0
JPNIC	Nichinan	JP	45	1-------	0
JPNID	Nishi/Kitadaito	JP	47	1-------	0
JPNIH	Niigatahigashi	JP	15	1-------	0
JPNIJ	Niijima	JP	13	1-------	0
JPNIK	Nikaho	JP	05	1----6--	0
JPNIM	Nima	JP	32	1-------	0
JPNIN	Niigatanishi	JP	15	1-------	0
JPNIO	Nio	JP	37	1-------	0
JPNIS	Nishinaka	JP	38	1-------	0
JPNIT	Namikata	JP	38	1-------	0
JPNIX	Nii	JP	42	1-------	0
JPNJM	Nakajima	JP	38	1-------	0
JPNJR	Nojiri	JP	46	1-------	0
JPNKD	Nakada	JP	47	1-------	0
JPNKH	Nakahama, Tottori	JP	31	1-------	0
JPNKJ	Nakahama, Kyoto	JP	26	1-------	0
JPNKK	Nakakoshiki	JP	46	1-------	0
JPNKL	Nakama, Kagoshima	JP	46	1-------	0
JPNKM	Nakama, Okinawa	JP	47	1-------	0
JPNKN	Nakanoura	JP	42	1-------	0
JPNKO	Nanko	JP	27	1-------	0
JPNKR	Nakiri	JP	24	1-------	0
JPNKS	Nakanoshima	JP	46	1-------	0
JPNKT	Nakata, Hiroshima	JP	34	1-------	0
JPNKX	Nakanosaku	JP	07	1-------	0
JPNKY	Nakayama	JP	32	1-------	0
JPNKZ	Nakashima	JP	36	1-------	0
JPNMA	Nagahama, Kagoshima	JP	46	1-------	0
JPNMC	Nakamichi	JP	19	1-3--6--	0
JPNMI	Nomi	JP	45	1-------	0
JPNMK	Nomaike	JP	46	1-------	0
JPNMT	Nakaminato	JP	08	1-------	0
JPNNH	Nunohama	JP	33	1-------	0
JPNNK	Nenokuchi	JP	02	1-------	0
JPNNO	Nanao	JP	17	1-------	0
JPNNT	Nanatsugama	JP	42	1-------	0
JPNOA	Nago	JP	47	1-------	0
JPNOB	Nobeoka	JP	45	1-------	0
JPNOH	Nohara	JP	26	1-------	0
JPNOJ	Onojo	JP	40	1----6--	0
JPNOM	Nomizaki	JP	43	1-------	0
JPNON	Nonohama	JP	33	1-------	0
JPNOU	Noh	JP	15	1-------	0
JPNQH	Noho	JP	47	1-------	0
JPNRO	Narao	JP	42	1-------	0
JPNRS	Narushima	JP	42	1-------	0
JPNRU	Naruto	JP	36	1-------	0
JPNSA	Nagashima	JP	24	1-------	0
JPNSB	Nishibe	JP	38	1-------	0
JPNSH	Nishishioya	JP	46	1-------	0
JPNSI	Nishiesan	JP	01	1-------	0
JPNSK	Nishiki	JP	27	1-------	0
JPNSM	Nishimura	JP	32	1-------	0
JPNSR	Noshiro	JP	05	1-------	0
JPNST	Nishikata	JP	46	1-------	0
JPNSU	Nagasu, Oita	JP	44	1-------	0
JPNSX	Nasa	JP	36	1-------	0
JPNTO	Nishitokyo	JP	13	1----6--	0
JPNTX	Nakata, Kumamoto	JP	43	1-------	0
JPNTY	Nanatsuyama	JP	46	1-------	0
JPNUM	Numazu	JP	22	1-------	0
JPNUR	Nishiura	JP	22	1-------	0
JPNWA	Nyugawa	JP	38	1-------	0
JPNXG	Nigishima	JP	24	1-------	0
JPNYA	Nishinomiya	JP	28	1-3-----	0
JPNYK	Nyukou	JP	32	1-------	0
JPNYZ	Nyuzu	JP	44	1-------	0
JPOAA	Okada	JP	13	1-------	0
JPOAD	Onoaida	JP	46	1-------	0
JPOAR	Oarai	JP	08	1-------	0
JPOAT	Ogatsu	JP	04	1-------	0
JPOAX	Oma	JP	02	1-------	0
JPOBA	Obama, Mie	JP	24	1-------	0
JPOBB	Obama, Nagasaki	JP	42	1-------	0
JPOBE	Obe, Ehime	JP	38	1-------	0
JPOBM	Obama, Fukui	JP	18	1-------	0
JPOBS	Ohbishima	JP	33	1-------	0
JPOBX	Ohbe, Kagawa	JP	37	1-------	0
JPOCH	Okunouchi	JP	34	1-------	0
JPODA	Odahigashi	JP	32	1-------	0
JPODM	Odomari	JP	46	1-------	0
JPODN	Ohdana	JP	46	1-------	0
JPODO	Odoh	JP	43	1-------	0
JPODS	Odeshima	JP	37	1-------	0
JPOFK	Ohfunakoshi	JP	42	1-------	0
JPOFR	Ohfukaura	JP	39	1-------	0
JPOFT	Ohfunato	JP	03	1-------	0
JPOGA	Ogasawara	JP	13	1-------	0
JPOGC	Ongachi	JP	46	1-------	0
JPOGE	Ohge	JP	38	1-------	0
JPOGF	Ogifushi	JP	01	1-------	0
JPOGH	Oginohama	JP	04	1-------	0
JPOGI	Ogi, Niigata	JP	15	1-------	0
JPOGK	Ogi, Kagawa	JP	37	1-------	0
JPOGM	Ogomori	JP	46	1-------	0
JPOGS	Ohgishima	JP	14	1-------	0
JPOGU	Ohgushi	JP	42	1-------	0
JPOHA	Ohama, Kagawa	JP	37	1-------	0
JPOHM	Ohama, Ehime	JP	38	1-------	0
JPOHO	Ohi	JP	13	1-------	0
JPOHT	Ohata	JP	02	1-------	0
JPOIG	Ohigawa	JP	22	1-------	0
JPOII	Ogi, Ishikawa	JP	17	1-------	0
JPOIM	Ohshima, Tokyo	JP	13	1--4----	0
JPOIS	Oiso	JP	14	1-------	0
JPOIT	Oita	JP	44	1--4----	0
JPOIU	Okiura, Hiroshima	JP	34	1-------	0
JPOJI	Ojika	JP	42	1-------	0
JPOJM	Omosu	JP	32	1-------	0
JPOJO	Osako	JP	34	1-------	0
JPOKB	Okubo, Tokyo	JP	13	1-------	0
JPOKC	Okitsu, Chiba	JP	12	1-------	0
JPOKG	Okogi	JP	38	1-------	0
JPOKH	Ohkawara	JP	42	1-------	0
JPOKI	Oki	JP	32	1--4----	0
JPOKJ	Okayama	JP	33	1--4----	0
JPOKK	Okinokojima	JP	46	1-------	0
JPOKM	Okamoto	JP	32	1-------	0
JPOKN	Okinajima	JP	07	1-------	0
JPOKR	Ohbukura/Uwajima	JP	38	1-------	0
JPOKS	Okiuranishi	JP	35	1-------	0
JPOKT	Okitsu, Shizuoka	JP	22	1-------	0
JPOKU	Oku	JP	47	1-------	0
JPOKW	Okawa, Wakayama	JP	30	1-------	0
JPOKX	Okiura, Yamaguchi	JP	35	1-------	0
JPOMA	Aomi	JP	13	1----6--	0
JPOMC	Omachi	JP	20	1----6--	0
JPOMD	Omodaka	JP	42	1-------	0
JPOMH	Omotehama	JP	04	1-------	0
JPOMI	Omi	JP	38	1-------	0
JPOMJ	Omura	JP	42	1--4----	0
JPOMN	Omon	JP	43	1-------	0
JPOMO	Omoto	JP	03	1-------	0
JPOMR	Okamura	JP	38	1-------	0
JPOMS	Omishima	JP	38	1-------	0
JPOMT	Ominato	JP	02	1-------	0
JPOMU	Omuta	JP	40	1-------	0
JPOMW	Omonawa	JP	46	1-------	0
JPOMX	Ohama, Tottori	JP	31	1-------	0
JPOMY	Omiyaji	JP	43	1-------	0
JPOMZ	Omaezaki	JP	22	1-------	0
JPONA	Onahama	JP	07	1-------	0
JPOND	Onoda	JP	35	1-------	0
JPONE	Ohnejime	JP	46	1-------	0
JPONG	Onagawa	JP	04	1-------	0
JPONI	Onishi	JP	38	1-------	0
JPONJ	Oniike	JP	43	1-------	0
JPONK	Oniki	JP	43	1-------	0
JPONO	Onomichi	JP	34	1-------	0
JPONS	Ohnishi/Ohsaki	JP	34	1-------	0
JPONW	Oniwaki	JP	01	1-------	0
JPONX	OnomichiItozaki	JP	34	1-------	0
JPOOA	Oura, Saga	JP	41	1-------	0
JPOOB	Obatake	JP	35	1-------	0
JPOOC	Ochiyo	JP	13	1-------	0
JPOOG	Ohgaki	JP	34	1-------	0
JPOOH	Ohama, Okayama	JP	33	1-------	0
JPOOJ	Okubo, Kagoshima	JP	46	1-------	0
JPOOM	Ohshima, Kagawa	JP	37	1-------	0
JPOON	Ohnoh	JP	45	1-------	0
JPOOO	Ozu	JP	34	1-------	0
JPOOR	Oura/Kasaoka	JP	33	1-------	0
JPOOW	Okawa, Nagasaki	JP	42	1-------	0
JPOPA	Oppama	JP	14	123-----	0
JPORA	Ohra	JP	38	1-------	0
JPORG	Origami	JP	42	1-------	0
JPORN	Orino	JP	36	1-------	0
JPORR	Oura/Uchinoura	JP	46	1-------	0
JPORX	Oura/Marugame	JP	37	1-------	0
JPOSA	Osaka	JP	27	1--45---	0
JPOSD	Oshidomari	JP	01	1-------	0
JPOSE	Osoe	JP	32	1-------	0
JPOSG	Ogi	JP	41	1----6--	0
JPOSH	Ohshima, Wakayama	JP	30	1-------	0
JPOSI	Ohshima, Ehime	JP	38	1-------	0
JPOSJ	Otsu, Ibaraki	JP	08	1-------	0
JPOSK	Osaki, Miyagi	JP	04	1-------	0
JPOSL	Oshima, Yamaguchi	JP	35	1-------	0
JPOSM	Ôshima, Nagasaki	JP	42	1-------	0
JPOSN	Osaki/Mitsushima	JP	42	1-------	0
JPOSO	Ohshima, Miyazaki	JP	45	1-------	0
JPOSR	Ohgasari	JP	46	1-------	0
JPOSS	Ohshima, Fukuoka	JP	40	1-------	0
JPOST	Osetoyanagi	JP	42	1-------	0
JPOSU	Osuki	JP	46	1-------	0
JPOSX	Osaki, Kagoshima	JP	46	1-------	0
JPOTA	Otao	JP	42	1-------	0
JPOTJ	Otsuchi	JP	03	1-------	0
JPOTK	Otake	JP	34	1-------	0
JPOTM	Otomi	JP	18	1-------	0
JPOTO	Osato	JP	46	1-------	0
JPOTR	Otaru	JP	01	1--4----	0
JPOTU	Otsu, Shiga	JP	25	1-------	0
JPOTW	Otawa	JP	42	1-------	0
JPOUA	Oura/Ariake	JP	43	1-------	0
JPOUK	Osaka, Tottori	JP	31	1-------	0
JPOUM	Omu	JP	01	1-------	0
JPOUR	Oura/Kamitsushima	JP	42	1-------	0
JPOUS	Ohse	JP	08	1-------	0
JPOWA	Owase	JP	24	1-------	0
JPOYA	Ojoya	JP	46	1-------	0
JPOYB	Oyabu	JP	33	1-------	0
JPOYM	Ohyama/Mitsushima	JP	42	1-------	0
JPOZJ	Ohzuku	JP	32	1-------	0
JPOZU	Ozuku	JP	32	1-------	0
JPOZX	Ozaki	JP	27	1-------	0
JPQSG	Saga, Saga	JP	41	1--4----	0
JPRAU	Rausu	JP	01	1-------	0
JPRBN	Noboribetsu	JP	01	1-------	0
JPRHK	Reihoku	JP	43	1-------	0
JPRKO	Rokko Island	JP	28	1-------	0
JPRMI	Rumoi	JP	01	1-------	0
JPRND	Ronden	JP	32	1-------	0
JPRYA	Ryuo	JP	25	1-------	0
JPRYG	Ryugamizu	JP	46	1-------	0
JPRYO	Ryotsu	JP	15	1-------	0
JPRYS	Ryohshida	JP	34	1-------	0
JPSAB	Saba	JP	38	1-------	0
JPSAC	Sai, Shimane	JP	32	1-------	0
JPSAD	Saidoh	JP	46	1-------	0
JPSAE	Saiki	JP	44	1-------	0
JPSAG	Saganoseki	JP	44	1-------	0
JPSAI	Saigo, Shimane	JP	32	1-------	0
JPSAJ	Saijo	JP	38	1-------	0
JPSAK	Sakai	JP	27	1-------	0
JPSAM	Samani	JP	01	1-------	0
JPSAN	Sanbonmatsu	JP	37	1-------	0
JPSAO	Sato	JP	46	1-------	0
JPSAR	Shikaura	JP	46	1-------	0
JPSAS	Sasago	JP	32	1-------	0
JPSAT	Sakate	JP	37	1-------	0
JPSAU	Sakitsu	JP	43	1-------	0
JPSAW	Sagawa	JP	38	1-------	0
JPSAZ	Saza	JP	42	1-------	0
JPSBH	Shibetsu	JP	01	1----6--	0
JPSBK	Sakaisenboku	JP	27	1-------	0
JPSBS	Shibushi	JP	46	1-------	0
JPSBU	Shibaura	JP	13	1-------	0
JPSBY	Shibayama	JP	28	1-------	0
JPSCH	Shichirinagahama	JP	02	1-------	0
JPSCR	Shichirui	JP	32	1-------	0
JPSDA	Shimoda, Nagasaki	JP	42	1-------	0
JPSDJ	Sendai, Miyagi	JP	04	1--4----	0
JPSDK	Shitooke	JP	46	1-------	0
JPSDS	Sendaishinko	JP	04	1-------	0
JPSDU	Sodegaura	JP	12	1-------	0
JPSDZ	Saidaiji	JP	33	1-------	0
JPSEB	Seibu	JP	13	1-------	0
JPSEG	Seigaura	JP	46	1-------	0
JPSEI	Seki	JP	21	1-------	0
JPSEK	Sekinehama	JP	02	1-------	0
JPSEN	Satsumasendai	JP	46	1-------	0
JPSEQ	Se/Izuhara	JP	42	1-------	0
JPSES	Sesoko	JP	47	1-------	0
JPSET	Seto	JP	42	1-------	0
JPSEZ	Sezaki	JP	46	1-------	0
JPSGA	Saga, Kochi	JP	39	1-------	0
JPSGE	Suge	JP	38	1-------	0
JPSGI	Shigetomi	JP	46	1-------	0
JPSGJ	Sagi	JP	34	1-------	0
JPSGM	Sendaishiogama	JP	04	1-------	0
JPSGR	Sagara	JP	22	1-------	0
JPSGT	Shiogatani	JP	44	1-------	0
JPSGU	Saigo, Nagasaki	JP	42	1-------	0
JPSGW	Segawa	JP	42	1-------	0
JPSGX	Sonogi	JP	42	1-------	0
JPSHG	Shinagawa, Tokyo	JP	13	123-----	0
JPSHH	Shirahama, Kagoshima	JP	46	1-------	0
JPSHJ	Shinko	JP	20	1-3-----	0
JPSHK	Shinkiba	JP	13	1-------	0
JPSHN	Shingu	JP	30	1-------	0
JPSHR	Shari	JP	01	1-------	0
JPSHS	Shimonoseki	JP	35	1---5---	0
JPSHU	Shushi	JP	42	1-------	0
JPSHZ	Shimazuya	JP	32	1-------	0
JPSIA	Shimoda, Kumamoto	JP	43	1-------	0
JPSID	Shido	JP	37	1-------	0
JPSIG	Shigei	JP	34	1-------	0
JPSIH	Shirahama, Okinawa	JP	47	1-------	0
JPSIK	Shikamachi	JP	42	1-------	0
JPSIM	Shimama	JP	46	1-------	0
JPSIN	Shiinoki	JP	46	1-------	0
JPSIO	Shioya, Ishikawa	JP	17	1-------	0
JPSIR	Shirahama, Nagasaki	JP	42	1-------	0
JPSIS	Shishikui	JP	36	1-------	0
JPSIT	Shitanoura	JP	42	1-------	0
JPSJA	Sai, Aomori	JP	02	1-------	0
JPSJI	Shishijima, Kagawa	JP	37	1-------	0
JPSJM	Shishijima, Kagoshima	JP	46	1-------	0
JPSJR	Shiroko	JP	24	1-------	0
JPSKB	Shibukawa	JP	33	1-------	0
JPSKD	Sakaide	JP	37	1-------	0
JPSKH	Sakihama	JP	39	1-------	0
JPSKK	Sakaki	JP	39	1-------	0
JPSKM	Shikama	JP	28	1-------	0
JPSKN	Shikinejima	JP	13	1-------	0
JPSKO	Sakoshi	JP	28	1-------	0
JPSKR	Sakuraikako	JP	38	1-------	0
JPSKT	Sakata	JP	06	1-------	0
JPSKU	Shiraku	JP	33	1-------	0
JPSKW	Shinkawa, Aichi	JP	23	1-------	0
JPSKY	Sekiya	JP	37	1-------	0
JPSKZ	Shikokuchuo	JP	38	1-3--6--	0
JPSMA	Souma	JP	07	1-------	0
JPSMB	Shimabara	JP	42	1-------	0
JPSMD	Shimoda, Shizuoka	JP	22	1-------	0
JPSME	Same	JP	02	1-------	0
JPSMH	Shimohisage	JP	38	1-------	0
JPSMI	Sumie	JP	45	1-------	0
JPSMJ	Shinmoji	JP	40	1-------	0
JPSMM	Shimamaki	JP	01	1-------	0
JPSMN	Sakaiminato	JP	31	1-------	0
JPSMO	Shimoda, Kochi	JP	39	1-------	0
JPSMR	Shimodomari/Mikame	JP	38	1-------	0
JPSMT	Shimotsu	JP	30	1-------	0
JPSMU	Sakimui	JP	01	1-------	0
JPSMY	Sumiyoshi	JP	46	1-------	0
JPSMZ	Shimizu	JP	22	1-------	0
JPSNA	Sonai/Yonaguni	JP	47	1-------	0
JPSNE	Sone	JP	42	1-------	0
JPSNI	Sonai/Taketomi	JP	47	1-------	0
JPSNJ	Shinojima	JP	23	1-------	0
JPSNK	Shinkawa, Kagoshima	JP	46	1-------	0
JPSNM	Sanami	JP	32	1-------	0
JPSNN	Shonan	JP	14	1-------	0
JPSNO	Shitanoe	JP	44	1-------	0
JPSNR	Shukunoura	JP	42	1-------	0
JPSNU	Shimanoura	JP	45	1-------	0
JPSNW	Shinokawa	JP	46	1-------	0
JPSNX	Sanagi	JP	37	1-------	0
JPSNZ	Shinzaike	JP	37	1-------	0
JPSOG	Sogo	JP	33	1-------	0
JPSOH	Shiohama	JP	32	1-------	0
JPSOO	Shimonokae	JP	39	1-------	0
JPSOR	Sonoura	JP	42	1-------	0
JPSOT	Sotodomari/Nishiumi	JP	38	1-------	0
JPSOY	Soya	JP	01	1-------	0
JPSOZ	Sozu	JP	32	1-------	0
JPSRA	Shiraki	JP	35	1-------	0
JPSRH	Shirahama, Kagawa	JP	37	1-------	0
JPSRJ	Shiro	JP	32	1-------	0
JPSRK	Shirosaki	JP	03	1-------	0
JPSRO	Shiraoi	JP	01	1-------	0
JPSRS	Shirose	JP	46	1-------	0
JPSRT	Shirakata	JP	38	1-------	0
JPSRX	Shirahama, Chiba	JP	12	1-------	0
JPSRZ	Sakurajima	JP	46	1-------	0
JPSSA	Shimotsuura	JP	43	1-------	0
JPSSB	Sasebo	JP	42	1-------	0
JPSSE	Sasue	JP	46	1-------	0
JPSSH	Shishiboe	JP	42	1-------	0
JPSSI	Sashiki	JP	43	1-------	0
JPSSJ	Shisakajima	JP	38	1-------	0
JPSSK	Saizaki	JP	34	1-------	0
JPSSM	Shishimi	JP	42	1-------	0
JPSSN	Sasuna	JP	42	1-------	0
JPSSS	Saikai	JP	42	1-------	0
JPSSU	Sensyu	JP	27	1-------	0
JPSSZ	Shimada	JP	22	1-------	0
JPSTA	Sata	JP	46	1-------	0
JPSTB	Shitaba	JP	38	1-------	0
JPSTD	Setoda	JP	34	1-------	0
JPSTE	Satoura	JP	37	1-------	0
JPSTI	Shimotsui	JP	33	1-------	0
JPSTJ	Shikata	JP	34	1-------	0
JPSTN	Setana	JP	01	1-------	0
JPSTO	Sakito	JP	42	1-------	0
JPSTR	Shirotori	JP	37	1-------	0
JPSTT	Seto, Kagoshima	JP	46	1-------	0
JPSTU	Suttsu	JP	01	1-------	0
JPSTW	Satsukawawan	JP	46	1-------	0
JPSTZ	Saitozaki	JP	40	1-------	0
JPSUE	Sunoe	JP	34	1-------	0
JPSUG	Suga	JP	32	1-------	0
JPSUH	Sumoto, Hyogo	JP	28	1-------	0
JPSUK	Sukumowan	JP	39	1-------	0
JPSUM	Suminoe	JP	41	1-------	0
JPSUR	Sugeura	JP	32	1-------	0
JPSUS	Susa	JP	35	1-------	0
JPSUT	Sumoto, Kumamoto	JP	43	1-------	0
JPSUU	Sugawa	JP	42	1-------	0
JPSUW	Suwa	JP	32	1-------	0
JPSUZ	Susaki	JP	39	1-------	0
JPSWA	Shimokawaguchi	JP	39	1-------	0
JPSXM	Sunami	JP	34	1-------	0
JPSXT	Seto, Kagawa	JP	37	1-------	0
JPSXZ	Nakanoto	JP	17	1----6--	0
JPSYA	Shioya, Okinawa	JP	47	1-------	0
JPSYD	Sanyo Onoda Yamaguchi	JP	35	123-----	0
JPSYG	Shioyagamoto	JP	46	1-------	0
JPSYM	Sonoyama	JP	46	1-------	0
JPSYO	Shoura	JP	46	1-------	0
JPSYZ	Shiriyazaki	JP	02	1-------	0
JPSZG	Shizugawa	JP	04	1-------	0
JPSZI	Shinjima	JP	46	1-------	0
JPSZK	Senzaki	JP	35	1-------	0
JPSZU	Shizuura	JP	22	1-------	0
JPTAA	Takamijima	JP	37	1-------	0
JPTAB	Tabugawa	JP	46	1-------	0
JPTAC	Tachiyama	JP	46	1-------	0
JPTAD	Tadotsu	JP	37	1-------	0
JPTAE	Tanabe	JP	30	1-------	0
JPTAG	Tagi	JP	32	1-------	0
JPTAH	Takahama, Ehime	JP	38	1-------	0
JPTAJ	Tajiri	JP	46	1-------	0
JPTAK	Takamatsu	JP	37	1--4----	0
JPTAL	Tainouchi	JP	34	1-------	0
JPTAM	Tamano	JP	33	1-------	0
JPTAN	Tanagawa	JP	27	1-------	0
JPTAO	Tago	JP	22	1-------	0
JPTAQ	Taira	JP	42	1-------	0
JPTAR	Tahara	JP	34	1-------	0
JPTAS	Takeshiki	JP	42	1-------	0
JPTAT	Tatsugo	JP	46	1-------	0
JPTAW	Tannowa	JP	27	1-------	0
JPTAZ	Tai	JP	26	1-------	0
JPTBN	Tachibana	JP	36	1-------	0
JPTBO	Tobo	JP	41	1-3-----	0
JPTBR	Tabira	JP	42	1-------	0
JPTBS	Awajikoryunotsubasa	JP	28	1-------	0
JPTBT	Tobata/Kitakyushu	JP	40	1-------	0
JPTBU	Tabu	JP	35	1-------	0
JPTCC	Tokuchi	JP	47	1-------	0
JPTCH	Tsuchiura	JP	08	1-------	0
JPTDA	Tohda	JP	32	1-------	0
JPTDJ	Takedatsu	JP	44	1-------	0
JPTDN	Tadanoumi	JP	34	1-------	0
JPTDT	Tairadate	JP	02	1-------	0
JPTEA	Takena	JP	32	1-------	0
JPTEE	Take	JP	46	1-------	0
JPTEI	Tei	JP	39	1-------	0
JPTEK	Tekutsuku	JP	46	1-------	0
JPTER	Teuri	JP	01	1-------	0
JPTET	Tateishi, Ehime	JP	38	1-------	0
JPTEU	Teuchi	JP	46	1-------	0
JPTGC	Toguchi	JP	46	1-------	0
JPTGO	Tagonoura	JP	22	1-------	0
JPTHM	Tanohama	JP	03	1-------	0
JPTHR	Takehara	JP	34	1-------	0
JPTHS	Toyohashi	JP	23	1-------	0
JPTIA	Taisha	JP	32	1-------	0
JPTIN	Tainoura	JP	42	1-------	0
JPTIS	Teishi	JP	22	1-------	0
JPTJI	Takarajima	JP	46	1-------	0
JPTJJ	Tomamae	JP	01	1-------	0
JPTJK	Takashima/Masuda	JP	32	1-------	0
JPTJM	Tojima	JP	38	1-------	0
JPTJO	Toshima, Hyogo	JP	28	1-------	0
JPTJR	Tajiri, Tottori	JP	31	1-------	0
JPTJS	Tokashiki	JP	47	1-------	0
JPTKA	Tokai	JP	23	1-------	0
JPTKC	Takanokuchi	JP	46	1-------	0
JPTKD	Takada	JP	44	1-------	0
JPTKE	Takeno	JP	28	1-------	0
JPTKG	Takasu, Kagoshima	JP	46	1-------	0
JPTKH	Takahama/Amakusa	JP	43	1-3-----	0
JPTKI	Taki	JP	17	1-------	0
JPTKJ	Tokujin	JP	47	1-------	0
JPTKK	Takaoka	JP	16	1-------	0
JPTKM	Takuma	JP	37	1-------	0
JPTKO	Tokonami	JP	42	1-------	0
JPTKR	Tokoro	JP	01	1-------	0
JPTKS	Tokushima	JP	36	1--4----	0
JPTKT	Taketoyo	JP	23	1-------	0
JPTKU	Takuno	JP	32	1-------	0
JPTKW	Tainokawa	JP	46	1-------	0
JPTKY	Tokuyama	JP	35	1-------	0
JPTKZ	Takezaki	JP	42	1-------	0
JPTMA	Tomari/Shiribeshi	JP	01	1-------	0
JPTME	Tomie	JP	42	1-------	0
JPTMI	Tsukumi	JP	44	1-------	0
JPTMJ	Takami	JP	37	1-------	0
JPTMK	Tomakomai	JP	01	1--4----	0
JPTMM	Tomiku	JP	44	1-------	0
JPTMN	Tamanoura	JP	42	1-------	0
JPTMO	Tomioka, Kumamoto	JP	43	1-------	0
JPTMR	Tomari, Okinawa	JP	47	1-------	0
JPTMS	Tamatsu, Ehime	JP	38	1-------	0
JPTMT	Tamatsu, Okayama	JP	33	1-------	0
JPTMU	Tomitsu	JP	43	1-------	0
JPTMZ	Tarumizu	JP	46	1-------	0
JPTNA	Tsuna	JP	28	1-------	0
JPTNB	Takanabe	JP	45	1-------	0
JPTND	Tonda	JP	35	1-------	0
JPTNH	Tonoshohigash	JP	37	1-------	0
JPTNI	Tsuneishi	JP	34	1-------	0
JPTNK	Tanasoko	JP	43	1-------	0
JPTNO	Tonosho	JP	37	1-------	0
JPTNR	Tanoura, Kumamoto	JP	43	1-------	0
JPTNS	Tsunoshima	JP	35	1-------	0
JPTNU	Tanoura/Kitakyushu	JP	40	1-------	0
JPTNW	Tanowaki	JP	46	1-------	0
JPTNY	Taniyama	JP	46	1-------	0
JPTOA	Toyo	JP	38	1----6--	0
JPTOB	Toba	JP	24	1-------	0
JPTOC	Togane	JP	12	1----6--	0
JPTOD	Todohokke	JP	01	1-------	0
JPTOG	Togi	JP	17	1-------	0
JPTOI	Toi	JP	22	1-------	0
JPTOJ	Toga	JP	05	1-------	0
JPTOK	Tokachi	JP	01	1-------	0
JPTOM	Tomioka, Tokushima	JP	36	1-------	0
JPTON	Tonoura	JP	45	1-------	0
JPTOS	Toyamashinko	JP	16	1-------	0
JPTOT	Totoro	JP	45	1-------	0
JPTOU	Touyo	JP	38	1-------	0
JPTOX	Toshima/Tokyo	JP	13	1-3-----	0
JPTOY	Toyama	JP	16	1--4----	0
JPTRC	Tsuruuchi	JP	37	1-------	0
JPTRD	Teradomari	JP	15	1-------	0
JPTRG	Tsuruga	JP	18	1-------	0
JPTRH	Tarugahama	JP	42	1-------	0
JPTRO	Tororo	JP	43	1-------	0
JPTRR	Tomariura	JP	39	1-------	0
JPTRU	Tsurumi, Okayama	JP	33	1-------	0
JPTRZ	Terazu/Yatsuka	JP	32	1-------	0
JPTSG	Takasago	JP	28	1-------	0
JPTSH	Tsushi	JP	28	1-------	0
JPTSI	Teshima	JP	37	1-------	0
JPTSK	Tsurusaki	JP	44	1-------	0
JPTSM	Takashima/Nishisonogi	JP	42	1-------	0
JPTSO	Teshio	JP	01	1-------	0
JPTSS	Tasumi	JP	32	1-------	0
JPTST	Tsutsu	JP	42	1-------	0
JPTSU	Tsu	JP	24	1-------	0
JPTSX	Takeshima	JP	46	1-------	0
JPTSZ	Tosashimizu	JP	39	1-------	0
JPTTH	Taketomihigashi	JP	47	1-------	0
JPTTJ	Tottori	JP	31	1--4----	0
JPTTK	Tsuzuki Ku	JP		1----6--	0
JPTTM	Tsutsumi	JP	32	1-------	0
JPTTS	Tateishi, Kagawa	JP	37	1-------	0
JPTTU	Tokitsu	JP	42	1-------	0
JPTTY	Tateyama	JP	12	1-------	0
JPTUB	Tsubame	JP	15	1-------	0
JPTUD	Tsuda	JP	37	1-------	0
JPTUI	Tsui	JP	28	1-------	0
JPTUR	Tanoura, Ehime	JP	38	1-------	0
JPTUS	Toyoshige	JP	31	1-------	0
JPTUU	Tsukumo	JP	34	1-------	0
JPTUZ	Tsuzu Yamaguchi	JP	35	1-------	0
JPTWA	Tsukinokawa	JP	42	1-------	0
JPTXD	Tokuyamakudamatsu	JP	35	1-------	0
JPTXK	Takasu, Fukui	JP	18	1-------	0
JPTXN	Tokoname	JP	23	1-------	0
JPTYA	Toyota	JP	23	123-----	0
JPTYH	Toyohama, Kagawa	JP	37	1-------	0
JPTYJ	Toyohama, Aichi	JP	23	1-------	0
JPTYN	Tsuiyama	JP	28	1-------	0
JPTYO	Tokyo	JP	13	12345---	0
JPTYP	Tsuyoshi	JP	42	1-------	0
JPTYR	Toyoura	JP	33	1-------	0
JPTYU	Tayui	JP	42	1-------	0
JPTZA	Taiza	JP	26	1-------	0
JPTZU	Terazu/Matsue	JP	32	1-------	0
JPUAO	Urago	JP	32	1-------	0
JPUBJ	Ube	JP	35	1--4----	0
JPUBK	Ushibuka	JP	43	1-------	0
JPUBY	Ubuyu	JP	32	1-------	0
JPUCH	Uchiumi	JP	45	1-------	0
JPUCN	Uchinomi	JP	37	1-------	0
JPUCR	Uchiura, Ishikawa	JP	17	1-------	0
JPUCU	Uchiura, Fukui	JP	18	1-------	0
JPUDD	Udo	JP	46	1-------	0
JPUDO	Udono	JP	24	1-------	0
JPUEC	Uechi	JP	47	1-------	0
JPUGA	Uga	JP	32	1-------	0
JPUGU	Ugusu	JP	22	1-------	0
JPUHH	Uchihana	JP	47	1-------	0
JPUJI	Ujina	JP	34	1-------	0
JPUJY	Ujiyamada	JP	24	1-------	0
JPUKA	Usuka	JP	42	1-------	0
JPUKB	Kobe	JP	28	12345---	0
JPUKI	Ukui	JP	30	1-------	0
JPUKJ	Ukejima	JP	46	1-------	0
JPUKN	Uken	JP	46	1-------	0
JPUKT	Ukitsu	JP	46	1-------	0
JPUMG	Umagoe	JP	37	1-------	0
JPUNM	Uranomae	JP	46	1-------	0
JPUNO	Uno	JP	33	1-------	0
JPUNS	Unoshima	JP	40	1-------	0
JPUNT	Unten	JP	47	1-------	0
JPUNU	Uchinourahetsuka	JP	46	1-------	0
JPUOM	Uomi	JP	46	1-------	0
JPUOU	Uozu, Shimane	JP	32	1-------	0
JPUOZ	Uozu, Toyama	JP	16	1-------	0
JPURA	Ura	JP	28	1-------	0
JPURG	Uraga	JP	14	1-------	0
JPURH	Urahara	JP	46	1-------	0
JPURK	Urakawa	JP	01	1-------	0
JPURM	Uragami	JP	30	1-------	0
JPURR	Urashiro	JP	44	1-------	0
JPURS	Urasoko	JP	46	1-------	0
JPURU	Furumi	JP	32	1-------	0
JPUSA	Usa/Tosa	JP	39	1-------	0
JPUSG	Ushigakubijima	JP	37	1-------	0
JPUSH	Ushimado	JP	33	1-------	0
JPUSI	Ushine	JP	46	1-------	0
JPUSJ	Usujiri	JP	01	1-------	0
JPUSK	Usuki	JP	44	1-------	0
JPUSN	Usuno	JP	44	1-------	0
JPUST	Ushitsu	JP	17	1-------	0
JPUSU	Usunoura	JP	42	1-------	0
JPUTM	Utsumi, Aichi	JP	23	1-------	0
JPUTS	Utsumi, Hiroshima	JP	34	1-------	0
JPUTZ	Utazu	JP	37	1-------	0
JPUUN	Unnan	JP	32	1----6--	0
JPUUR	Uchinoura	JP	46	1-------	0
JPUWA	Uwajima	JP	38	1-------	0
JPUZK	Uzuki	JP	32	1-------	0
JPWAD	Wadomari	JP	46	1-------	0
JPWAI	Waita	JP	35	1-------	0
JPWAK	Wakayama	JP	30	1-------	0
JPWAM	Wakamatsu/Kitakyushu	JP	40	123-----	0
JPWAN	Wan	JP	46	1-------	0
JPWAT	Watanoha	JP	04	1-------	0
JPWDA	Wada	JP	18	1-------	0
JPWJM	Wajima	JP	17	1-------	0
JPWKI	Wakimisaki	JP	42	1-------	0
JPWKJ	Wakkanai	JP	01	1--4----	0
JPWKR	Wakura	JP	17	1-------	0
JPWKT	Wakatsu	JP	40	1-------	0
JPWKW	Wakinosawa	JP	02	1-------	0
JPWKZ	Wakizaki	JP	46	1-------	0
JPWMT	Wakimoto	JP	38	1-------	0
JPWNA	Wano	JP	46	1-------	0
JPWNI	Waniura	JP	42	1-------	0
JPWSB	Washibeyanoura	JP	34	1-------	0
JPWTU	Wakamatsu, Nagasaki	JP	42	1-------	0
JPXCA	Niikappu	JP	01	1----6--	0
JPYAA	Yanagi	JP	43	1-------	0
JPYAD	Yamada, Iwate	JP	03	1-------	0
JPYAG	Yagi, Hyogo	JP	28	1-------	0
JPYAM	Yamagawa	JP	46	1-------	0
JPYAN	Yanai	JP	35	1-------	0
JPYAS	Yasumiya	JP	02	1-------	0
JPYAT	Yatsushiro	JP	43	1-------	0
JPYBK	Yobuko	JP	41	1-------	0
JPYBT	Yubetsu	JP	01	1-------	0
JPYCH	Yachiyo	JP	12	123-----	0
JPYDA	Yoshida, Aichi	JP	23	1-------	0
JPYDM	Yudomari	JP	46	1-------	0
JPYGE	Yuge	JP	38	1-------	0
JPYGH	Yamaguchihigashi	JP	35	1-------	0
JPYGI	Yagi, Iwate	JP	03	1-------	0
JPYGR	Yagishiri	JP	01	1-------	0
JPYHA	Yoshiura/Yunotsu	JP	32	1-------	0
JPYHI	Yoshiumi	JP	38	1-3-----	0
JPYIC	Yoichi	JP	01	1-------	0
JPYKK	Yokkaichi	JP	24	1-------	0
JPYKS	Yokoshima/Kurahashi	JP	34	1-------	0
JPYKT	Yokota, Hiroshima	JP	34	1-------	0
JPYKU	Yakuzu	JP	46	1-------	0
JPYMA	Yasurahama	JP	46	1-------	0
JPYMC	Yumachi	JP	32	1-------	0
JPYMD	Yamada, Okayama	JP	33	1-------	0
JPYMG	Yamaguchi	JP	35	1-------	0
JPYMN	Yamanoura	JP	43	1-------	0
JPYMT	Yamatani	JP	32	1-------	0
JPYMU	Yumugi	JP	46	1-------	0
JPYNE	Yaene	JP	13	1-------	0
JPYNI	Yani	JP	46	1-------	0
JPYNM	Yunomochiki	JP	46	1-------	0
JPYNN	Yanma	JP	46	1-------	0
JPYNT	Yunotsu	JP	32	1-------	0
JPYNZ	Yonouzu	JP	44	1-------	0
JPYOC	Yoichigaura	JP	43	1-------	0
JPYOG	Yonegura	JP	33	1-------	0
JPYOK	Yokohama	JP	14	12345---	0
JPYOR	Yoro	JP	46	1-------	0
JPYOS	Yokosuka	JP	14	123-----	0
JPYOT	Yotsukura	JP	07	1-------	0
JPYOU	Youra	JP	44	1-------	0
JPYQD	Yamada	JP	28	1-------	0
JPYRA	Yura, Hyogo	JP	28	1-------	0
JPYRG	Yurigahama	JP	46	1-------	0
JPYRO	Yoro	JP	21	1----6--	0
JPYSD	Yoshida, Ehime	JP	38	1-------	0
JPYSG	Yasugi	JP	32	1-------	0
JPYSH	Yuasahiro	JP	30	1-------	0
JPYSM	Yoshima	JP	37	1-------	0
JPYSN	Yoshinozaki	JP	37	1-------	0
JPYSR	Yoshiura/Misumi	JP	32	1-------	0
JPYSS	Yoshiase	JP	34	1-------	0
JPYSU	Yoshiura	JP	34	1-------	0
JPYSZ	Yoshizu	JP	24	1-------	0
JPYTI	Yutai	JP	38	1-------	0
JPYUA	Yura, Yamaguchi	JP	35	1-------	0
JPYUJ	Yura, Yamagata	JP	06	1-------	0
JPYUK	Yuki	JP	36	1-------	0
JPYUR	Yura, Wakayama	JP	30	1-------	0
JPYUS	Yusu	JP	38	1-------	0
JPYUU	Yuu	JP	35	1-------	0
JPYWH	Yawatahama	JP	38	1-------	0
JPYWN	Yuwan	JP	46	1-------	0
JPYWT	Yawata/Kitakyushu	JP	40	123-----	0
JPYYA	Awano	JP	35	1-------	0
JPYZU	Yaizu	JP	22	1-------	0
JPZKA	Iizuka	JP	40	1----6--	0
JPZMM	Zamami	JP	47	1-------	0
KEKIL	Kilindini	KE		1-------	0
KEKIS	Kisumu	KE		1--4----	0
KELAU	Lamu	KE		1--4----	0
KEMBA	Mombasa	KE		1--45---	0
KEMYD	Malindi	KE		1--4----	0
KESIA	Siaya	KE	38	1-------	0
KESMN	Shimoni	KE	19	1-3-----	0
KHCHE	Cheko	KH		1-------	0
KHKKO	Kas Kong	KH		1-------	0
KHKOS	Kâmpóng Saôm	KH		1-34--7-	0
KHPNH	Phnom Penh	KH		1--45---	0
KHTKH	Ta Khmau	KH	12	1-------	0
KIBIR	Birnie Island	KI	P	1-------	0
KIEBI	Enderbury Island	KI	P	1-------	0
KIFIS	Fanning Islands	KI		1-------	0
KIHUL	Hull Island	KI	P	1-------	0
KIMCK	Mckean Island	KI	P	1-------	0
KINIK	Nikumaroro	KI	P	1-------	1
KIPHO	Phoenix Islands	KI		1-------	0
KISYI	Sydney Island	KI	P	1-------	0
KITRW	Tarawa	KI		1--4----	0
KIWNI	Washington Islands	KI		1-------	0
KMAJN	Anjouan Apt	KM	A	1-34----	0
KMFOU	Foumboni, Moheli	KM		1-------	0
KMMUT	Mutsamudu, Anjouan	KM	A	1-3-----	0
KMYVA	Moroni	KM		1--45---	0
KNBAS	Basseterre, Saint Kitts	KN		1---5---	0
KNCHA	Charlestown	KN		1--4----	0
KNNEV	Nevis	KN		1--4----	0
KPCHO	Chongjin	KP	09	1-------	0
KPGEN	Gensan	KP		1-------	0
KPHAE	Haeju	KP	05	1-------	0
KPHGM	Hungnam	KP	08	1-------	0
KPNAM	Nampo	KP	14	123-----	0
KPODA	Odaejin	KP		1-------	0
KPRIW	Riwon	KP		1-------	0
KPRJN	Rajin (Najin)	KP	13	123-----	0
KPSAM	Samcha do	KP		1-------	0
KPSGN	Songnim	KP	06	1-------	0
KPSIN	Sinpo	KP		1-------	0
KPSON	Songjin	KP		1-------	0
KPTCH	Tanchon	KP	08	1-------	0
KPWON	Wonsan	KP	07	1-------	0
KRANJ	Anjeong	KR	48	1-------	1
KRAWL	Aewol	KR	49	1-------	0
KRBIN	Biin	KR	44	1-------	0
KRBJG	Busanjin-Gu	KR	26	1-3-----	0
KRBNP	Busan New Port	KR	26	1-------	0
KRBOR	Boryeong	KR	44	123-----	0
KRBUK	Bupyong/Incheon	KR	28	123-----	0
KRCGY	Chungyang	KR	30	1-------	0
KRCHA	Jeju	KR	49	1-34----	0
KRCHF	Jinhae	KR	48	1234----	0
KRCHG	Janghang/Seocheon-gun	KR	44	1-------	0
KRCJA	Chuja	KR	49	1-------	0
KRDBL	Daebul/Yeongam-gun	KR	46	123-----	0
KRDCN	Daecheon	KR	44	1-------	0
KRDDO	Dokdo	KR	47	1-------	0
KRDHS	Daeheuksando	KR	46	1-------	0
KRGDO	Galdoo	KR	46	1-------	0
KRGGH	Gageohyangri	KR	46	1-------	0
KRGGU	Ganggu	KR	46	1-------	0
KRGIN	Gyeongin	KR	28	1-------	0
KRGMD	Geomundo	KR	46	1-------	0
KRGRP	Guryongpo	KR	47	1-------	0
KRHAR	Haryana	KR	26	1-------	0
KRHAS	Hosan	KR	42	1-------	0
KRHDO	Hongdo	KR	46	1-------	0
KRHHP	Hwahungpo	KR	46	1-------	0
KRHLM	Hallim	KR	49	1-------	0
KRHPO	Hupo	KR	47	1-------	0
KRHSN	Hwasun	KR	49	123-----	0
KRINC	Incheon	KR	28	123-----	0
KRJHA	Junghwa	KR	48	1-------	0
KRJMJ	Jumunjin	KR	42	1-------	0
KRKAN	Gwangyang	KR	46	123-----	0
KRKCN	Gamcheon/Busan	KR	26	1-------	0
KRKDO	Kukdo	KR	47	1-------	0
KRKHN	Gohyeon/Geoje	KR	48	1-------	0
KRKJE	Geoje	KR	48	1-3-----	0
KRKPO	Pohang	KR	47	1234----	0
KRKUV	Gunsan	KR	45	1234----	0
KRKWA	Kwangyang	KR	49	1-------	0
KRMAS	Masan	KR	48	123-----	0
KRMIP	Mipo/Ulsan	KR	31	1-3-----	0
KRMOK	Mokpo	KR	46	123-----	0
KRMUK	Mukho/Donghae	KR	42	123-----	0
KRNDS	Nokdongsin	KR	46	1-------	0
KRNRD	Narodo	KR	46	1-------	0
KROKK	Okgye/Gangneung	KR	42	12------	0
KROKP	Okpo/Geoje	KR	48	1-3-----	0
KRONS	Onsan/Ulsan	KR	31	1-------	0
KRPTK	Pyeongtaek	KR	41	123--6--	0
KRPUS	Busan	KR	26	1234567-	0
KRSBU	South Busan	KR	26	1-------	0
KRSCP	Samcheonpo/Sacheon	KR	48	1-3-----	0
KRSEL	Seoul	KR	11	12345---	0
KRSGG	Songgong	KR	46	1-------	0
KRSHG	Sinhang/Pohang	KR	48	1-3-----	0
KRSHO	Sokcho	KR	42	1-3-----	0
KRSMA	Shinma	KR	46	1-------	0
KRSPO	Seogwipo	KR	49	1-3-----	0
KRSSP	Seongsan-po	KR	49	1-3-----	0
KRSUK	Samcheok	KR	42	1234----	0
KRSUO	Suwon	KR	41	123-----	0
KRSWD	Sangwangdeungdo	KR	45	1-------	0
KRTAN	Taean-gun	KR	44	1-3-----	0
KRTGA	Tonghae	KR	42	1-3-----	0
KRTGH	Donghae	KR	42	123-----	0
KRTJI	Dangjin	KR	44	1-3-----	0
KRTSN	Daesan/Seosan	KR	44	1-------	0
KRTYG	Tongyeong	KR	48	1-3-----	0
KRULL	Ulleung	KR	47	1-------	0
KRUSN	Ulsan	KR	31	1234----	0
KRWND	Wando-gun	KR	46	1-3-----	0
KRYGP	Yonggipo	KR	28	1-------	0
KRYOC	Yochon	KR	47	1-3-----	0
KRYOS	Yeosu	KR	46	123-----	0
KRYPD	Yeonpyeongdo	KR	28	1-------	0
KWDOH	Doha	KW	KU	1-------	0
KWJBD	Jebel Dhana	KW		1-------	0
KWKHT	As Sulaybikhat	KW	AH	1-3-----	0
KWKWI	Kuwait	KW		1--45---	0
KWKWM	Khor al Mufatta	KW		1-------	0
KWMEA	Mina' al Ahmadi	KW		1-------	0
KWMIB	Mina' 'Abd Allah	KW		1-------	0
KWMIS	Mina Saud	KW		1-------	0
KWMZR	Mina Al Zour	KW	AH	1-------	0
KWSAA	Shuaiba	KW		1-3--6--	0
KWSAL	As Salimiyah	KW		1-3-----	0
KWSMY	Salmiya	KW	HA	1-------	0
KWSWK	Shuwaikh	KW		1-------	0
KYGEC	Georgetown, Grand Cayman	KY		1-34----	0
KZAAU	Aktau	KZ	47	12-4----	0
KZBTN	Bautino	KZ		1----6--	0
KZTAU	Temirtau	KZ	35	1-3-----	0
LBACT	Amchit	LB	JL	1-------	0
LBBEY	Beirut	LB	BA	1--45---	0
LBBRU	Brummana	LB	JL	1-3--6--	0
LBBYL	Byblos	LB	JL	1-3-----	0
LBCHK	Chekka	LB		1-------	0
LBDRA	Dora	LB	JL	1-------	0
LBJIE	Jieh	LB		1-------	0
LBKHA	Khalde	LB		1-------	0
LBKYE	Tripoli	LB		1--4----	0
LBLN8	Bekaa	LB	BI	1-3-----	0
LBOUZ	Ouzai	LB		1-------	0
LBSAY	Saydå	LB		1-3-----	0
LBSEL	Selaata	LB		1-------	0
LBSUR	Sur (Tyre)	LB		1-------	0
LBZHR	Zahrani Terminal	LB		1-------	0
LBZUK	Zouk	LB	JL	1-------	0
LCCAS	Castries	LC		1-3-----	0
LCCDS	Cul de Sac	LC		1-------	0
LCVIF	Vieux Fort	LC		1-------	0
LKBRW	Beruwala	LK		1-------	0
LKBTC	Batticoloa	LK		1--4----	0
LKCMB	Colombo	LK	11	12345---	0
LKGAL	Galle	LK		1-------	0
LKHBA	Hambantota	LK		1-------	0
LKJAF	Jaffna	LK		1--4----	0
LKJCT	Jaya Container Terminal	LK		1-------	0
LKKAL	Kalpitiya	LK		1-------	0
LKKAY	Kayts	LK		1-------	0
LKKCT	Koggala	LK		1234----	0
LKKNK	Kankesanturai	LK		1-------	0
LKKON	Kondavattavan	LK		1-3-----	0
LKMAN	Mannar	LK		1-------	0
LKMAW	Mawella	LK		1-3-----	0
LKMUL	Mulativu	LK		1-------	0
LKOLU	Oluvil	LK		1-------	0
LKPPE	Point Pedro	LK		1-------	0
LKSGT	South Asia Gateway Terminal	LK		1-------	0
LKTAL	Talaimannar	LK		1-------	0
LKTRR	Trincomalee	LK		1--4----	0
LKUCT	Unity Container Terminal	LK		1-------	0
LRCMT	Cape Mount	LR		1-------	0
LRCPA	Cape Palmas	LR		1--4----	0
LRFIM	Fimibo	LR		1-------	0
LRGBS	Grand Bassa	LR		1-------	0
LRGRE	Greenville	LR		1-------	0
LRHAR	Harper	LR	MY	1-3-----	0
LRLOB	Lower Buchanan	LR		1-------	0
LRMAR	Marshall	LR		1-------	0
LRMLW	Monrovia	LR	MO	1-345---	0
LRROX	Robertsport	LR		1-------	0
LRRVC	River Cess	LR		1--4----	0
LRSAB	Sarioe Bay	LR		1-------	0
LRSAZ	Sasstown	LR		1--4----	0
LRSNI	Sinoe	LR		1--4----	0
LRTRT	Trade Town	LR		1-------	0
LRUCN	Buchanan	LR		1--4----	0
LTBOT	Botingé	LT		1-------	0
LTKLJ	Klaipeda	LT		12-4----	0
LTMLM	Malku ilankos juru uosto PVP/Klaipeda	LT	KL	1-3----B	0
LTMOM	Molo juru uosto PVP/Klaipeda	LT	KL	1-3----B	0
LTPLM	Pilies juru uosto PVP/Klaipeda	LT	KL	1-3----B	0
LUBKM	Bech-Kleinmacher	LU		1-3-----	0
LUEZT	Esch-sur-Alzette	LU		1-3-----	0
LUHDK	Huldange	LU	D	1-3-----	0
LULUX	Luxembourg	LU		1-345---	0
LUMRT	Mertert	LU		1-------	0
LUROD	Rodange	LU		1-------	0
LUWLG	Wormeldange	LU	L	1----6--	0
LUXXX	RIS Inland waterways	LU		1-------	0
LUZXC	Grundhof	LU	G	1-3-----	0
LVEGE	Engure	LV	029	1-3-----	0
LVLPX	Liepaja	LV	LPX	1-34----	0
LVMRX	Mersrags	LV	063	123-----	0
LVPVT	Pavilosta	LV	071	1-3-----	0
LVRIX	Riga	LV	RIX	12-45---	0
LVROJ	Roja	LV	079	1-3-----	0
LVSAL	Salacgriva	LV	054	1-3-----	0
LVSKU	Skulte	LV	054	123-----	0
LVVNT	Ventspils	LV	VEN	1-------	0
LVZJA	Jurmala	LV	JUR	1----6--	0
LYABA	Al Bayda	LY		1-------	0
LYABK	Abu Kammash	LY		1-------	0
LYAPO	Apollonia	LY		1-------	0
LYBAR	Bardiyah	LY		1-------	0
LYBEN	Bingazi (Benghazi)	LY		1--45---	0
LYBOU	El Bouri	LY		1-------	0
LYBUA	Bu'ayrat al Hasun	LY		1-------	0
LYDRX	Darnah	LY		1-------	0
LYELK	El Choms	LY		1-3-----	0
LYESI	As Sidr	LY		1-------	0
LYKHO	Al Khums	LY		1-3-----	0
LYLMQ	Marsa Brega	LY		1--4----	0
LYMEH	Marsa El Hania	LY		1-------	0
LYMEL	Mellitah (Qasr Ahmed)	LY	MI	123-----	0
LYMHR	Marsa el Hariga	LY		1-------	0
LYMRA	Misurata	LY		1--4----	0
LYMTH	Melittah	LY	TB	1-----7-	0
LYRLA	Ras Lanuf	LY		1-------	0
LYSOU	Soussah	LY		1-------	0
LYSRT	Sirte (Surt)	LY		1-------	0
LYTAG	Tagiura	LY		1-------	0
LYTIP	Tripoli	LY		1--4----	0
LYTOA	Toulmeitha	LY		1-------	0
LYTOB	Tobruk	LY		1--4----	0
LYTUK	Tukrah	LY		1-------	0
LYZAW	Az Zawiyah	LY		1-------	0
LYZLI	Zliten	LY		1-------	0
LYZUA	Zuara	LY		1-------	0
MA6KN	Souq Larb'A Al Gharb	MA	KEN	1----6--	0
MAAGA	Agadir	MA		1--4----	0
MAAHU	Al Hoceïma	MA		1--4----	0
MAANZ	Anza	MA	AGD	1-3-----	0
MAASI	Asilah	MA		1-------	0
MAAZE	Azemmour	MA		1-------	0
MABUJ	Boujdour	MA	BOD	1-3-----	0
MACAS	Casablanca	MA	CAS	1--45---	1
MAD2V	Ar Rommani	MA	KHE	1----6--	0
MAELJ	El Jadida	MA	JDI	1-3-----	0
MAESS	Essaouira	MA	ESI	1-3-----	0
MAEUN	Laayoune (El Aaiun)	MA		1--4----	0
MAJFL	Jorf Lasfar	MA		1-3-----	0
MALAR	Larache	MA		1-------	0
MAMOH	Mohammedia	MA		1-------	0
MANDR	Nador	MA		1-------	0
MANNA	Kenitra (ex Port Lyautey)	MA		1--4----	0
MANPS	Nouveau Port Safi, Sidi Boudenyan	MA	SAF	1-------	0
MAPTM	Tanger Med	MA	TNG	123-----	0
MARBA	Rabat	MA		1--4----	0
MAREM	Ras El Ma	MA	NAD	1----6--	0
MARNA	Roches Noires	MA	MOH	1-3-----	0
MASAL	Salé	MA		1-------	0
MASFI	Safi	MA		1--4----	0
MASII	Sidi Ifni	MA		1-------	0
MASMD	Aït Melloul	MA	13	1----6--	0
MATEM	Temara	MA	06	1-------	0
MATNG	Tangier	MA		1--45---	0
MATTU	Tétouan	MA		1--4----	0
MAVIL	Dakhla	MA		1--4----	0
MCMCM	Monte-Carlo	MC		1--4----	0
MCMON	Monaco	MC		1---5---	0
MDGIU	Giurgiulesti	MD	CA	1-3-----	0
MDXXX	RIS Inland waterways	MD		1-------	0
MEBAR	Bar	ME		123-----	0
MEBIJ	Bijela	ME		1-3-----	0
MEBUD	Budva	ME	05	1-3-----	0
MEHNO	Hercegnovi	ME		1234----	0
MEIGL	Igalo	ME		1-3-----	0
MEKOT	Kotor	ME	10	1-34----	0
MEPVC	Petrovac	ME		1-3-----	0
MERSN	Risan (Risano)	ME		1-3-----	0
METIV	Tivat	ME	19	1-34----	0
MEULC	Ulcinj	ME	20	1-3-----	0
MEZEL	Zelenika	ME		123-----	0
MFGES	Galisbay	MF		1-------	0
MFMAR	Marigot	MF		1-------	0
MGADK	Androka	MG		1-------	0
MGANM	Antalaha	MG		1--4----	0
MGBIK	Brickaville	MG		1-------	0
MGBMD	Belo	MG		1--4----	0
MGBPY	Besalampy	MG		1--4----	0
MGBRR	Barren Islands	MG		1-------	0
MGDIE	Antsiranana	MG		1--4----	0
MGDWB	Soalala	MG		1--4----	0
MGEHL	Ehoala	MG	U	1-------	0
MGFTU	Fort Dauphin (Toalagnaro)	MG		1--4----	0
MGHLV	Hell-Ville	MG		1-------	0
MGMJN	Majunga (Mahajanga)	MG		1--4----	0
MGMNJ	Mananjary	MG		1--4----	0
MGMOB	Manombo	MG		1-------	0
MGMOQ	Morondava	MG		1--4----	0
MGMXM	Morombe	MG		1--4----	0
MGMXT	Maintirano	MG		1--4----	0
MGNOS	Nosy-Be	MG		1-34----	0
MGNOV	Nosy-Varika	MG		1-------	0
MGPSL	Port Saint Louis	MG		1-------	0
MGRVA	Farafangana	MG		1--4----	0
MGSVB	Sambava	MG		1--4----	0
MGTLE	Tulear (Toliara)	MG		1--4----	0
MGTMM	Tamatave (Toamasina)	MG		1--45---	0
MGTOA	Toamasina	MG		1-------	0
MGVAT	Vatomandry	MG		1--4----	0
MGVEH	Vehiperro	MG		1-------	0
MGVVB	Mahanoro	MG		1--4----	0
MGWMN	Maroantsetra	MG		1--4----	0
MGWMR	Mananara	MG		1--4----	0
MGWVK	Manakara	MG		1--4----	0
MHMAJ	Majuro	MH	MAJ	1--4----	0
MHTAR	Taroa	MH		1-------	0
MKDKJ	Demir Kapija	MK	103	1-3-----	0
MKNOD	Novi Dojran	MK	406	1-------	0
MKRAD	Radovis	MK	409	1----6--	0
MKSNI	Sveti Nikole	MK	108	1-------	0
MMAKY	Akyab (Sittwe)	MM		1--4----	0
MMBIL	Bilin	MM		1-------	0
MMBOG	Bogale	MM		1-------	0
MMBSX	Bassein	MM		1--4----	0
MMHEB	Henzada	MM		1--4----	0
MMINS	Insein	MM		1-------	0
MMKYA	Kyaiklat	MM	07	1-3-----	0
MMKYP	Kyaukpyu	MM		1--4----	0
MMMAR	Martaban	MM		1-------	0
MMMER	Mergui	MM		1-------	0
MMMNU	Mawlamyine (Moulmein)	MM		1--4----	0
MMMUR	Murdon	MM		1-------	0
MMMXE	Male	MM		1-3-----	0
MMPEG	Pegu	MM		1-------	0
MMRGN	Yangon	MM		1--45---	0
MMSNW	Thandwe (ex Sandoway)	MM		1--4----	0
MMTAS	Tah Sala	MM		1-------	0
MMTAV	Tavoy	MM		1-------	0
MMTEN	Tanintharyi	MM		1-------	0
MMTER	Terutao Island	MM		1-------	0
MMTHA	Thaton	MM		1--4----	0
MMTLA	Thilawa	MM	06	123-----	0
MMVIC	Victoria Point	MM		1-------	0
MMXYE	Ye	MM		1--4----	0
MOMFM	Macau	MO		1--45---	0
MPSPN	Saipan	MP		1--4----	0
MQADA	Les Anses-d'Arlet	MQ		1-3-----	0
MQFDF	Fort-de-France	MQ		1-345---	0
MQKF4	Le Vauclin	MQ		1-3-----	0
MQLER	Le Robert	MQ		1-3-----	0
MQPFI	Le Marigot	MQ		1-3-----	0
MQQPC	Port de Fort-de-France Pt.	MQ		1-3-----	0
MQSF4	Le Precheur	MQ		1-3-----	0
MQWF3	Case-Pilote	MQ		1-3-----	0
MRNDB	Nouadhibou	MR		1--4----	0
MRNKC	Nouakchott	MR		1--45---	0
MRPCE	Point Central	MR		1-------	0
MRROS	Rosso	MR		1-3----B	0
MSLTB	Little Bay	MS		1-3-----	0
MSPLY	Plymouth	MS		1---5---	0
MTBAL	Balzan	MT	02	1-3-----	0
MTBLA	Blata l'Bajda	MT	18	1-3-----	0
MTBZE	Birzebbugia	MT	05	1-3-----	0
MTCKW	Cirkewwa	MT		1-3-----	0
MTDIS	Malta Freeport Distripark	MT	05	1-3-----	0
MTDMP	Delimara	MT	33	1-3-----	0
MTFLO	Floriana	MT	09	1-34----	0
MTGHA	Ghargur	MT		1-------	0
MTGZI	Gzira	MT	12	1-------	0
MTKIR	Kirkop	MT	28	1-------	0
MTMAR	Marsaxlokk	MT	05	1-------	0
MTMGZ	Mgarr, Gozo	MT	11	1-3-----	0
MTMLA	Valletta	MT	60	1--456--	0
MTMSA	Marsa	MT	31	1-------	0
MTMSS	Marsaskala	MT	32	1----6--	0
MTMSX	Marsamxett	MT	17	1-------	0
MTSLM	Sliema	MT	56	1-------	0
MTSPB	Saint Paul's Bay (San Pawl il-Bahar)	MT	51	1-------	0
MTTAR	Tarxien	MT	58	1-------	0
MUABN	Albion	MU	BL	1-------	0
MUBAM	Bambous	MU	AG	1-------	0
MUCUR	Curepipe	MU		1-3-----	0
MUPLU	Port Louis	MU		1--4----	0
MUPMA	Port Mathurin	MU		1-3-----	0
MUTAM	Tamarin	MU	BL	1----6--	0
MVADU	Addu	MV	01	1-3-----	0
MVBAL	Baa Atoll	MV	NO	1-------	0
MVCPP	Coastline Private Port	MV	MLE	1-------	0
MVHHE	Hulhulé Island	MV	MLE	1-------	0
MVHID	Halaveli	MV	NC	1-------	0
MVHMT	Hulhumale	MV	MLE	1-3-----	0
MVHTP	Hithadhoo Port	MV	01	1-------	0
MVKDP	Kulhudhuffushi Port	MV	23	1-------	0
MVKEL	Kelai	MV	UN	1-------	0
MVKFP	Koodoo Fisheries	MV	27	1-------	0
MVKUL	Kulhudhuffushi	MV	23	1-3-----	0
MVMCP	Male' Commercial Harbor	MV	MLE	1-------	0
MVMGP	Maldive Gas	MV	MLE	1-------	0
MVMLE	Male	MV	MLE	1--45---	0
MVMMP	Maamigili Port	MV	00	1-------	0
MVRGI	Rangali	MV	NC	1-------	0
MVVHP	Villa Hakatha	MV	MLE	1-------	0
MWCPK	Chipoka	MW	SA	1-3--6--	0
MWTHY	Thyolo	MW		1-3-----	0
MX4TE	Tepetlixpac	MX	MEX	1----6--	0
MX9AS	Xochimancas	MX	MOR	1-3-----	0
MXAAO	Camargo	MX	CHH	1----6--	0
MXABB	Atunes	MX	MIC	1-------	0
MXACA	Acapulco	MX	GRO	1--4----	0
MXACM	Acolman	MX	MEX	1----6--	0
MXANH	Acanceh	MX	YUC	1-------	0
MXAOB	Alvaro Obregon	MX		1-------	0
MXAPR	Agua Prieta	MX	SON	123--6--	0
MXARZ	Arizpe	MX	SON	1-3--6--	0
MXATM	Altamira	MX	TAM	1-3-----	0
MXATN	Amatitán	MX	JAL	123-----	0
MXAVD	Alvarado	MX	VER	1-------	0
MXBDR	Boca del Río	MX	VER	1-3-----	0
MXCAT	Cayo Arcas Terminal	MX		1-------	0
MXCDD	Ciudad Madero	MX	TAM	1-34----	0
MXCED	Cedros	MX	BCN	1-3-----	0
MXCME	Ciudad del Carmen	MX	CAM	1-------	0
MXCOA	Coatzacoalcos	MX	VER	1--4----	0
MXCPE	Campeche	MX	CAM	1--4----	0
MXCRI	Cedros Island	MX	BCN	1-------	0
MXCSG	Ciudad Sahagún	MX	HID	123--6--	0
MXCSL	Cabo San Lucas	MX	BCS	1-3-----	0
MXCTL	Cuautla	MX	JAL	1-3--6--	0
MXCTM	Chetumal	MX	ROO	1--4----	0
MXCTX	Cotaxtla	MX	VER	1-3--6--	0
MXCZM	Cozumel	MX	ROO	1--4----	0
MXDBT	Dos Bocas Terminal	MX	TAB	1-------	0
MXDHD	Dolores Hidalgo	MX	GUA	1-3--6--	0
MXEA2	Barretal	MX	TAM	1----6--	0
MXELD	Eldorado	MX		1-------	0
MXEPM	Empalme	MX	SON	1234----	0
MXESE	Ensenada	MX	BCN	1--4----	0
MXFRN	Frontera	MX	TAB	1-------	0
MXGET	General Terán	MX	NLE	1-3-----	0
MXGRA	Granjas	MX	GUA	1----6--	0
MXGSV	Guasave	MX	SIN	1-3--6--	0
MXGYM	Guaymas	MX	SON	1--4----	0
MXHTO	Huatulco (Santa María Huatulco)	MX	OAX	1-3-----	0
MXHUN	Hunucmá	MX	YUC	1-------	0
MXISJ	Isla Mujeres	MX	ROO	1--4----	0
MXJDZ	Juchitán de Zaragoza	MX	OAX	1-3-----	0
MXJMN	Jiménez	MX	CHH	1----6--	0
MXJZA	Jerez	MX	ZAC	1-------	0
MXLAP	La Paz	MX	BCS	1-34----	0
MXLTJ	La Troje	MX	AGU	1----6--	0
MXLTO	Loreto	MX		1--4----	0
MXLZC	Lázaro Cárdenas	MX	MIC	1-------	0
MXMAZ	Mazamitla	MX	JAL	1-3-----	0
MXMHT	Magdalena/Hostotipaquillo	MX	JAL	1----6--	0
MXMID	Mérida	MX	YUC	1--4----	0
MXMRE	Morro Redondo	MX		1-------	0
MXMTT	Minatitlan	MX	VER	1--4----	0
MXMZT	Mazatlan	MX	SIN	1--4----	0
MXNAN	Nanchital	MX		1-------	0
MXNAU	Nautla	MX	VER	1-------	0
MXOBR	Obregón	MX	SLP	1-3--6--	0
MXPAJ	Pajaritos	MX	VER	1-------	0
MXPBJ	Punta Baja	MX	BCN	1-3--6--	0
MXPCM	Playa del Carmen	MX		1--4----	0
MXPGO	Progreso	MX	YUC	1-------	0
MXPIB	Port Isabel	MX		1-------	0
MXPIC	Pichilingue	MX	BCS	1-3-----	0
MXPMD	Puerto Madero	MX	CHP	1-3-----	0
MXPMS	Puerto Morelos	MX	ROO	1-3-----	0
MXPMX	Puérto Mexico	MX	VER	1-------	0
MXPNG	Puerto Ángel	MX	OAX	1-3--6--	0
MXPPE	Puerto Peñasco	MX	SON	1--4----	0
MXPTA	Puerta	MX	SIN	1-3--6--	0
MXPUL	Puerto Libertad	MX	SON	1-3-----	0
MXPVN	Punta Venado	MX	ROO	1-------	0
MXPVR	Puerto Vallarta	MX	JAL	1--4----	0
MXRBG	Rabon Grande/Coatzacoalcos	MX	VER	1-3--6--	0
MXRBV	Ciudad Río Bravo	MX	TAM	123--6--	0
MXRST	Rosarito Terminal	MX	BCN	1-------	0
MXSBS	San Blas	MX	NAY	1-------	0
MXSCR	San Carlos	MX	BCS	1-------	0
MXSCX	Salina Cruz	MX	OAX	1--4----	0
MXSEY	Seybaplaya	MX	CAM	1-------	0
MXSGX	San Miguel Xoxtla	MX	PUE	1----6--	0
MXSJC	San Juan de la Costa	MX		1-------	0
MXSLO	San Lorenzo	MX		1-------	0
MXSMI	Isla San Marcos	MX	BCS	1-------	0
MXSN2	Santa Ana	MX	SON	1----6--	0
MXSRL	Santa Rosalia	MX	BCS	1-------	0
MXSTT	Santa Teresa	MX	NAY	1-3--6--	0
MXTAB	Chiltepec	MX	TAB	1-------	0
MXTAK	Takuntah	MX		1-----7-	0
MXTAM	Tampico	MX	TAM	1--4----	0
MXTCU	Tecuala	MX		1-------	0
MXTEN	Tenabó	MX	CAM	1-------	0
MXTIJ	Tijuana	MX	BCN	1-34----	0
MXTJT	Tlalpan	MX		1----6--	0
MXTMP	Tamaulipas	MX	SIN	1-3--6--	0
MXTPB	Topolobampo	MX	SIN	1-------	0
MXTPX	Santa Cruz Tepexpan	MX	MEX	1-3--6--	0
MXTUX	Tuxpan	MX	VER	1-------	0
MXTXC	Tiaxcala	MX	TLA	1----6--	0
MXTXH	Telixtlahuaca	MX	OAX	123--6--	0
MXVER	Veracruz	MX	VER	1-345---	0
MXVNR	Villa Nicolás Romero	MX	MEX	1-3-----	0
MXXAL	Xalostoc	MX	MEX	1-3--6--	0
MXXIH	Zihuatanejo	MX	GRO	1-------	0
MXYUK	Yukalpeten	MX		1-------	0
MXZCA	Cadereyta Jiménez	MX	NLE	123--6--	0
MXZIH	Ixtapa/Zihuatanejo	MX	GRO	1--4----	0
MXZIP	Ixtapaluca	MX	MEX	1-3--6--	0
MXZKP	Zakapu	MX	MIC	123-----	0
MXZLO	Manzanillo	MX	COL	1-34----	0
MXZRZ	Zaragoza	MX	PUE	1-3--6--	0
MYABU	Abu	MY		1-------	0
MYANG	Angsi	MY		1-------	0
MYASQ	Teronoh	MY	08	1----6--	0
MYBAG	Bagan Datok	MY		1-------	0
MYBAK	Batang Kali	MY	10	1-------	0
MYBAT	Batu Pahat	MY		1-------	0
MYBAU	Bau, Sarawak	MY		1-------	0
MYBBA	Batu Batu, Sabah	MY	12	1-------	0
MYBDV	Bandau, Sabah	MY	12	1-------	0
MYBEA	Beaufort	MY	12	123-----	0
MYBEL	Beluran, Sabah	MY	12	1-------	0
MYBGG	Bunan Gega, Sarawak	MY		1-------	0
MYBGR	Bunga Raya	MY		1-------	0
MYBGU	Bangau	MY	12	1-------	0
MYBIA	Biawak, Sarawak	MY		1-------	0
MYBKI	Kota Kinabalu, Sabah	MY	12	1-345---	0
MYBKP	Bakapit	MY		1-------	0
MYBLG	Belaga, Sarawak	MY		1--4----	0
MYBLI	Batu Lintang, Sarawak	MY	13	1-------	0
MYBMA	Bandar Maharani	MY		1-------	0
MYBNG	Binatang, Sarawak	MY		1-------	0
MYBNT	Benut, Johor	MY		1-------	0
MYBRU	Pulau Bruit	MY	13	1-------	0
MYBSE	Sematan, Sarawak	MY		1--4----	0
MYBST	Kuala Besut	MY		1-------	0
MYBTG	Betong, Sarawak	MY		1-------	0
MYBTK	Bandar Tenggara	MY		1-------	0
MYBTM	Batu Maung	MY	07	1-------	0
MYBTN	Bintangor	MY		1-------	0
MYBTU	Bintulu, Sarawak	MY		1-------	0
MYBTW	Batu Kawan	MY	07	12---6--	0
MYBWH	Bagan Luar (Butterworth)	MY		1-34----	0
MYCEN	Cendor	MY		1-------	0
MYDDW	Danjindawai	MY		1-------	0
MYDGN	Kuala Dungun	MY	11	1-3-----	0
MYDRO	Daro, Sarawak	MY		1-------	0
MYEND	Endau	MY		1-------	0
MYHUM	Hutan Melintang	MY	08	1-------	0
MYJAM	Jambongan, Sabah	MY	12	1-------	0
MYJEL	Jelutong	MY	07	1-------	0
MYJHB	Johor Bahru	MY		1--4----	0
MYKAB	Kabong, Sarawak	MY		1-------	0
MYKBA	Kuala Baram	MY	13	1-3-----	0
MYKBD	Kota Belud, Sabah	MY	12	1-------	0
MYKBE	Kuala Belud, Sabah	MY		1-------	0
MYKBR	Kota Bharu	MY		1--4----	0
MYKBS	Kuala Besar	MY		1-------	0
MYKCH	Kuching, Sarawak	MY		1--45---	0
MYKEM	Kemaman	MY		1-------	0
MYKES	Kejit	MY		1-------	0
MYKET	Kertih	MY	11	1-------	0
MYKIJ	Kijal	MY		1-------	0
MYKIM	Kimanis, Sabah	MY	12	1-------	0
MYKKH	Kuala Kedah	MY		1-------	0
MYKKP	Kukup	MY		1-------	0
MYKPN	Kepong	MY	14	1-------	0
MYKPS	Kuala Perlis	MY		1-------	0
MYKPU	Kuala Penyu, Sabah	MY		1-------	0
MYKRE	Krety	MY		1-------	0
MYKSD	Kuala Sedili	MY		1-------	0
MYKSG	Kuala Segama, Sabah	MY		1-------	0
MYKSL	Kuala Selangor	MY	10	1----6--	0
MYKSS	Kota Sarang Semut	MY	02	1-------	0
MYKTI	Kota Tinggi	MY		1-------	0
MYKUA	Kuantan (Tanjong Gelang)	MY		1--4----	0
MYKUD	Kudat, Sabah	MY		1-34----	0
MYKUG	Kuala Gula	MY		1-------	0
MYKUN	Kunak, Sabah	MY		1-------	0
MYLAU	Pulau Indah	MY	10	1----6--	1
MYLBH	Labuan Haji	MY	12	1-------	0
MYLBU	Labuan, Sabah	MY	15	1--4----	0
MYLDU	Lahad Datu, Sabah	MY		1--4----	0
MYLGG	Lingga, Sarawak	MY		1-------	0
MYLGK	Langkawi	MY	02	1-34----	0
MYLMN	Limbang, Sarawak	MY		1-------	0
MYLPK	Northport/Pt Klang	MY	14	1-------	0
MYLUM	Lumut	MY		1-------	0
MYLUN	Lundu, Sarawak	MY		1-------	0
MYLUT	Lutong, Sarawak	MY		1-------	0
MYLWY	Lawas, Sarawak	MY		1--4----	0
MYMAN	Manjung	MY	08	1-------	0
MYMBK	Merbok	MY	02	1-3-----	0
MYMBS	Menumbok	MY	12	1-3-----	0
MYMEM	Mempakul, Sabah	MY		1-------	0
MYMEN	Nenasi	MY	06	1-3-----	0
MYMEP	Mersing	MY		1--4----	0
MYMKM	Mukah, Sarawak	MY		1--4----	0
MYMKZ	Malacca	MY		1--4----	0
MYMUA	Muar	MY		1-------	0
MYMUD	Muda Marine Terminal	MY		1-------	0
MYMUR	Marudi, Sarawak	MY		1--4----	0
MYMYY	Miri, Sarawak	MY		1-------	0
MYNII	Nilai	MY	05	1-------	0
MYPAL	Paloh, Sarawak	MY		1-------	0
MYPAN	Panchang	MY		1-------	0
MYPAS	Pasir Gogok	MY		1-------	0
MYPBA	Pulau Batik, Sabah	MY		1-------	0
MYPDI	Port Dickson	MY		1-------	0
MYPED	Pedena	MY		1-------	0
MYPEN	Penang (Georgetown)	MY	07	1--4----	0
MYPGG	Pengerang	MY	01	1-------	0
MYPGU	Pasir Gudang, Johor	MY		1-------	0
MYPHI	Pasir Hitam	MY		1-------	0
MYPJK	Pulau Jarak	MY		1-------	0
MYPKG	Port Klang (Pelabuhan Klang)	MY	10	123-5---	0
MYPKK	Pengkalan Kubor	MY		1-------	0
MYPMT	Penara Marine Terminal	MY		1-------	0
MYPND	Pending	MY	13	1-3-----	0
MYPOW	Pontian	MY		1-------	0
MYPPI	Pulau Pisang	MY		1-------	0
MYPRA	Perai	MY	07	123-----	0
MYPRN	Kuala Rompin	MY		1-------	0
MYPTB	Pulau Tambisan, Sabah	MY		1-------	0
MYPUN	Punang, Sarawak	MY		1-------	0
MYREJ	Rejang, Sarawak	MY		1-------	0
MYSAM	Samu	MY	13	1-------	0
MYSAR	Sarikei	MY	13	1-3-----	0
MYSBT	Sabahat	MY	12	1-------	0
MYSBW	Sibu, Sarawak	MY		1--4----	0
MYSDK	Sandakan, Sabah	MY		1--4----	0
MYSDM	Sindumin	MY		1-------	0
MYSDR	Sundar, Sarawak	MY		1-------	0
MYSEJ	Sejingkat, Sarawak	MY		1-------	0
MYSEL	Selalang, Sarawak	MY		1-------	0
MYSEP	Sepang, Selangor	MY	10	1-3---7-	0
MYSGG	Sungai Udang	MY	04	1-------	0
MYSGM	Segamat	MY	01	123-----	0
MYSHA	Shah Alam	MY		1-------	0
MYSIJ	Sijingkat	MY		1-------	0
MYSIL	Silay	MY		1-------	0
MYSIP	Samalaju	MY	13	1-3-----	0
MYSIR	Siran	MY		1-------	0
MYSME	Sri Medan	MY		1-------	0
MYSMG	Simanggang, Sarawak	MY		1-------	0
MYSMJ	Simunjan, Sarawak	MY		1-------	0
MYSMM	Semporna, Sabah	MY		1--4----	0
MYSNP	North Pt	MY	10	1-------	0
MYSNR	Senari - Sarawak	MY	13	1-3-----	0
MYSPG	Simpangan, Sabah	MY		1-------	0
MYSPT	Sipitang, Sabah	MY		1-------	0
MYSRE	Sungai Rengit	MY		1-------	0
MYSRK	Sirikin, Sarawak	MY		1-------	0
MYSUM	Sungai Merah	MY	13	1-------	0
MYSUP	Sungai Udang Port	MY		1-------	0
MYSUW	Sungai Way	MY	10	123-----	0
MYTAG	Tanjung Lembung	MY	02	1-3-----	0
MYTAI	Tampoi	MY	01	1-3-----	0
MYTAS	Telok Intan	MY		1-3-----	0
MYTAT	Tapis Terminal	MY		1-------	0
MYTBA	Tanjong Baran	MY		1-------	0
MYTBE	Tanjong Berhala	MY		1-------	0
MYTBI	Tanjong Bin	MY	01	1-------	0
MYTDA	Tanjong Dawai	MY		1-------	0
MYTEN	Tengku, Sabah	MY		1-------	0
MYTGE	Tanjung Gelang	MY	06	1-3-----	0
MYTGG	Kuala Terengganu	MY		1--4----	0
MYTJH	Batu Gajah	MY	08	1-------	0
MYTKI	Tanjong Kidurong	MY		1-------	0
MYTKP	Kampong Tanjong Kupang	MY	01	1-3-----	0
MYTLA	Kampung Tanjung Langsat	MY	01	1-------	0
MYTMB	Tumbum	MY		1-------	0
MYTMG	Tomanggong	MY		1--4----	0
MYTMP	Tanjung Manis	MY	13	1-------	0
MYTOD	Tioman	MY		1--4----	0
MYTPP	Tanjung Pelepas	MY	01	123-----	0
MYTRB	Teluk Rubiah	MY	08	1-3-----	0
MYTRM	Telok Ramunia	MY		1-------	0
MYTSR	Tanjong Surat	MY		1-------	0
MYTTE	Tandjung Tengelili	MY		1-------	0
MYTUB	Tubau	MY	13	1-3-----	0
MYTUM	Tumpat	MY		1-------	0
MYTUN	Tungku	MY		1-------	0
MYTWU	Tawau, Sabah	MY		1--4----	0
MYWAL	Wallace Bay, Sabah	MY		1-------	0
MYWES	Weston, Sabah	MY		1-------	0
MYXPQ	Port Klang (Ferry Port)	MY	10	1-------	0
MZANO	Angoche	MZ		1--4----	0
MZBEL	Bela Vista	MZ		1-------	0
MZBEW	Beira	MZ		1--45---	0
MZCOR	Coropoa	MZ	N	1-3-----	0
MZIBO	Ibo	MZ		1--4----	0
MZINE	Chinde	MZ		1--4----	0
MZINH	Inhambane	MZ		1--4----	0
MZMAT	Matola	MZ		1-------	0
MZMCU	Macuse	MZ		1-------	0
MZMEM	Memba	MZ		1-------	0
MZMMW	Moma	MZ		1--4----	0
MZMNC	Nacala	MZ		1--4----	0
MZMOR	Morrumbene	MZ		1-------	0
MZMPM	Maputo	MZ		1--45---	0
MZMSG	Massinga	MZ		1-------	0
MZMZB	Mocímboa da Praia	MZ	P	1-34----	0
MZMZQ	Mocambique	MZ		1-------	0
MZNSO	Nova Sofala	MZ		1-------	0
MZPBE	Porto Belo	MZ		1-------	0
MZPEB	Pebane	MZ		1--4----	0
MZPOL	Pemba	MZ		1--4----	0
MZUEL	Quelimane	MZ		1--4----	0
NALUD	Lüderitz	NA		1--4----	0
NARUA	Ruacana	NA	KU	1----6--	0
NAWVB	Walvis Bay	NA		1-------	0
NCDUS	Ducos	NC		1-------	0
NCKOU	Kouaoua	NC		1-3-----	0
NCLIF	Lifou	NC		1--4----	0
NCMEE	Maré	NC		1--4----	0
NCMTD	Le Mont-Dore	NC		1----6--	0
NCNAK	Nakéty	NC		1-3-----	0
NCNEP	Népoui	NC		1--4----	0
NCNOU	Nouméa	NC		1--45---	0
NCPAA	Paagoumène	NC		1-------	0
NCPNY	Prony	NC		1-3-----	0
NCPOR	Poro	NC		1-3-----	0
NCTHI	Thio	NC		1-------	0
NCTON	Tontouta Apt	NC		1--45---	0
NCTUD	Teoudie	NC		1-3-----	0
NCVAV	Vavouto	NC		1-------	0
NCWAL	Wala	NC		1-------	0
NGABM	Agbami	NG		1-------	0
NGABO	Abonnema	NG		1-------	0
NGADO	Ado	NG		1-------	0
NGAKP	Akpo	NG		1-------	0
NGANA	Antan	NG		1-------	0
NGANB	Anambra	NG	KO	1----6--	0
NGANT	Anta	NG		1-------	0
NGAPP	Apapa	NG		1-------	0
NGBAD	Badagri	NG		1-------	0
NGBON	Bonny	NG		1-------	0
NGBRA	Brass	NG		1-------	0
NGBUR	Burutu	NG		1-------	0
NGCBQ	Calabar	NG		1--4----	0
NGDEN	Denema	NG		1-------	0
NGEAT	Ea Terminal	NG		1-------	0
NGEKE	Eket	NG		1-------	0
NGERT	Erha Terminal	NG	ON	1-----7-	0
NGESC	Escravos	NG		1-------	0
NGFLM	Falomo	NG	LA	1-3-----	0
NGFOR	Forcados	NG		1-------	0
NGGRP	Greek Port	NG		1-------	0
NGIMA	Ima	NG		1-------	0
NGKIR	Kirikakiri	NG		1-3-----	0
NGKOK	Koko	NG		1-------	0
NGKT7	Katsina	NG	KT	1-----7-	0
NGKUL	Kula	NG		1-------	0
NGLKK	Ibeju - Lekki	NG	LA	1-3-----	0
NGLOS	Lagos	NG		1--45---	0
NGOBO	Que Oboe Terminal/Eket	NG		1-------	0
NGOKN	Okono	NG		1-------	0
NGOKR	Okrika	NG		1-------	0
NGOKW	Okwori	NG		1-------	0
NGONN	Onne	NG	RI	1-3-----	0
NGORO	Oron	NG		1-------	0
NGOSO	Oso	NG		1-------	0
NGOYO	Oyo	NG		1-------	0
NGPHC	Port Harcourt	NG		1--4----	0
NGSOT	Sango Otta	NG	LA	1-3-----	0
NGSPL	Sapele	NG		1-------	0
NGTIN	Tincan/Lagos	NG		1-------	0
NGWAR	Warri	NG		1-------	0
NI8LG	Totogalpa	NI	MD	1----6--	0
NIBEF	Bluefields	NI		1--4----	0
NICIO	Corinto	NI		1---5---	0
NIELB	El Bluff	NI		1-------	0
NILM8	Las Maderas	NI	MN	1----6--	0
NIMAC	Masachapa	NI	MN	1-------	0
NIPIB	Puerto Isabel	NI		1-3-----	0
NIPRI	Prinzapolca	NI		1-------	0
NIPSN	Puerto Sandino	NI		1-------	0
NIPTI	Potosí	NI	CI	1-------	0
NIPUZ	Puerto Cabezas	NI		1-------	0
NIRAM	Rama	NI	AS	1-3--6--	0
NISJS	San Juan del Sur	NI		1-------	0
NITPA	Tipitapa	NI	MN	1-3-----	0
NLA2Z	Oud-Alblas	NL	ZH	1----6--	0
NLAAL	Aalst	NL	GE	1-3-----	0
NLAAM	Aalsmeer	NL		1-------	0
NLABL	Alblasserdam	NL		1-------	0
NLAER	Almere	NL	FL	1-3--6--	0
NLAHO	Achthoven	NL	UT	1-3-----	0
NLAKL	Akersloot	NL		1-------	0
NLALK	Alkmaar	NL	NH	123-----	0
NLALM	Almelo	NL	OV	123-----	0
NLAMB	Aalsmeerderbrug	NL	NH	1-3-----	0
NLAME	Amersfoort	NL		123-----	0
NLAML	Ameland	NL		1--4----	0
NLAMR	Amerongen	NL	UT	1-3-----	0
NLAMS	Amsterdam	NL		12345---	0
NLANC	Sint Pancras	NL	NH	123-----	0
NLANK	Everingen	NL	ZE	1-------	0
NLANP	Anna Paulowna	NL	NH	1-3-----	0
NLAPN	Alphen aan den Rijn	NL	ZH	123-----	0
NLAPP	Appingedam	NL	GR	1-3-----	0
NLARC	Arcen	NL	LI	1-3-----	0
NLARI	Aarle Rixtel	NL	NB	1-3-----	0
NLAWD	Albrandswaard	NL	ZH	123--6--	0
NLBAN	Bant	NL	FL	1-3-----	0
NLBDA	Birdaard	NL	FR	1-3-----	0
NLBDR	Bilderdam	NL	ZH	1-3-----	0
NLBEG	Bergen aan Zee	NL		1-------	0
NLBEM	Bemmel	NL	GE	1-3-----	0
NLBEV	Beverwijk	NL		123-----	0
NLBFD	Belfeld	NL	LI	1-3-----	0
NLBGB	Bergambacht	NL	ZH	1-3-----	0
NLBGE	Baambrugge	NL	UT	123-----	0
NLBGI	Bergerheide	NL		1-3-----	0
NLBGO	Barsingerhorn	NL	NH	1-3-----	0
NLBGW	Borgsweer	NL	GR	1-3-----	0
NLBHM	Bartlehiem	NL	FR	1-3-----	0
NLBHS	Burghsluis	NL	ZE	1-------	0
NLBIT	Biest	NL	NB	1-3-----	0
NLBLE	Blerick	NL	LI	123-----	0
NLBLU	Berlicum	NL	NB	1-3-----	0
NLBNE	Bunde	NL	LI	123-----	0
NLBNH	Boarnsterhim	NL	FR	1-3-----	0
NLBNM	Binnenmaas	NL		1-------	0
NLBNN	Beuningen	NL	GE	1-3-----	0
NLBNU	Buggenum	NL	LI	1-3-----	0
NLBNZ	Biddinghuizen	NL	FL	1-3-----	0
NLBOG	Bodegraven	NL		1-3-----	0
NLBON	Born	NL	LI	1-3-----	0
NLBOR	Borssele	NL	ZE	1-3-----	0
NLBOT	Botlek	NL	ZH	1-3-----	0
NLBRA	Baarland	NL	ZE	1-3-----	0
NLBRD	Breda	NL	NB	123-----	0
NLBRI	Brielle	NL		1-3-----	0
NLBRM	Brummen	NL		1-3-----	0
NLBRO	Brouwershaven	NL		1-------	0
NLBRR	Barendrecht	NL		123-----	0
NLBRS	Breskens	NL		1-3-----	0
NLBSE	Bruinisse	NL		1-3-----	0
NLBSH	Bosscherheide	NL	LI	1-3-----	0
NLBSK	Boskoop	NL		1-3-----	0
NLBSL	Beesel	NL	LI	1-3-----	0
NLBST	Best	NL	NB	1-3-----	0
NLBTA	Bourtange	NL	GR	1-3-----	0
NLBTS	Beets	NL	NH	1-3-----	0
NLBUD	Budel	NL		1--4----	0
NLBUN	Bunschoten	NL		1-3-----	0
NLBVG	Burgervlotbrug	NL	NH	1-3-----	0
NLBVI	Bovensmilde	NL	DR	1-3-----	0
NLBWE	Burgwerd	NL	FR	1-3-----	0
NLBWW	Boornzwaag over de Wielen	NL	FR	1-3-----	0
NLBZM	Bergen op Zoom	NL	NB	123-----	0
NLBZW	Boornzwaag	NL	FR	1-3-----	0
NLCDP	De Cocksdorp	NL	NH	1-3-----	0
NLCOE	Coevorden	NL		123-----	0
NLCPD	Camperduin	NL	NH	1-3-----	0
NLCPI	Capelle aan den IJssel	NL		1-------	0
NLCRI	Creil	NL	FL	123-----	0
NLCUB	Culemborg	NL		1-3-----	0
NLCZD	Cadzand	NL	ZE	1-3-----	0
NLDBM	Den Bommel	NL		1-3-----	0
NLDBR	Domburg	NL	ZE	123-----	0
NLDEL	Delden	NL	OV	123-----	0
NLDEV	Deventer	NL		123-----	0
NLDFT	Delft	NL		123-----	0
NLDHE	De Heen	NL	NB	1-3-----	0
NLDHK	De Haukes	NL	NH	1-3-----	0
NLDHO	Den Hool	NL	DR	1-3-----	0
NLDHR	Den Helder	NL		123-----	0
NLDKO	De Kooy	NL	NH	1-3-----	0
NLDMK	Demmerik	NL	UT	123-----	0
NLDOE	Doesburg	NL		1-3-----	0
NLDOI	Doetinchem	NL		1-3-----	0
NLDOK	Dokkum	NL		1-------	0
NLDON	Dongen	NL		1-3-----	0
NLDOR	Dordrecht	NL		123-----	0
NLDRL	Driel	NL	GE	1-3-----	0
NLDRO	Dronten	NL		1-3-----	0
NLDRP	De Rijp	NL	NH	1-3-----	0
NLDSI	Doodstil	NL	GR	1-3-----	0
NLDSM	Driesum	NL	FR	1-3-----	0
NLDSO	De Strook	NL	NH	1-3-----	0
NLDST	Deest	NL	GE	1-3-----	0
NLDUG	Dukenburg	NL	GE	123-----	0
NLDUM	Dreumel	NL		1-3-----	0
NLDVB	Dieverbrug	NL	DR	1-3-----	0
NLDVT	Duivendrecht	NL	NH	123-----	0
NLDWA	Dodewaard	NL		123--6--	0
NLDZL	Delfzijl	NL		123-----	0
NLECD	Echteld	NL		1-------	0
NLEDM	Edam	NL		1-3-----	0
NLEEM	Eemshaven	NL		123-----	0
NLEFE	Eefde	NL	GE	123-----	0
NLEHU	Echtenerbrug	NL	FR	1-3-----	0
NLEIN	Eindhoven	NL	NB	1234----	0
NLEKK	Ekkersrijt	NL	NB	1-3-----	0
NLELB	Elburg	NL		1-3-----	0
NLELX	Ell	NL	LI	1-3-----	0
NLENK	Enkhuizen	NL		1-3-----	0
NLENS	Enschede	NL		1234----	0
NLEPL	Empel	NL	NB	1-3-----	0
NLERA	Erica	NL	DR	1-3-----	0
NLEUR	Europoort	NL		123-----	0
NLEWK	Ewijk	NL	GE	1-3-----	0
NLEWO	Eernewoude	NL	FR	1-3-----	0
NLEXZ	Exmorrazijl	NL	FR	1-3-----	0
NLFAR	Farmsum	NL		1-3-----	0
NLFJA	Fonejacht	NL	FR	1-3-----	0
NLFKP	Fraamklap	NL	GR	1-3-----	0
NLFOX	Foxhol	NL		1-3-----	0
NLGBG	Gramsbergen	NL	OV	123-----	0
NLGDM	Geldermalsen	NL		1-3-----	0
NLGDO	Groot Dochteren	NL	GE	123-----	0
NLGDR	Goedereede	NL		1-------	0
NLGE7	Meteren	NL	GE	1----6--	0
NLGET	Gendt	NL	GE	1-3-----	0
NLGHO	Giethoorn	NL	OV	1-3-----	0
NLGKN	Gaarkeuken	NL	GR	123-----	0
NLGLL	Geulle	NL	LI	123-----	0
NLGOE	Goes	NL		1-3-----	0
NLGOO	Goor	NL		1-3-----	0
NLGOR	Gorinchem	NL		123-----	0
NLGOU	Gouda	NL		123-----	0
NLGRA	's-Gravendeel	NL	ZH	1-------	0
NLGRK	Groenendijk	NL		1-3-----	0
NLGRQ	Groningen	NL		1234----	0
NLGRW	Groeneweg	NL	ZH	1-3-----	0
NLGRZ	's-Gravenzande	NL	ZH	1-3-----	0
NLGSS	Gasselternijveen	NL	DR	1----6--	0
NLGUN	Goudriaan	NL	ZH	1-3-----	0
NLGWD	Groenewoud	NL	NB	1-3-----	0
NLGWO	Garmerwolde	NL	GR	1-3-----	0
NLGWU	Geeuwenbrug	NL	DR	1-3-----	0
NLHAA	Haarlem	NL		123-----	0
NLHAE	Haelen	NL		1-3-----	0
NLHAN	Hansweert/Schore	NL		1-3-----	0
NLHAR	Harlingen	NL		123-----	0
NLHBG	Hardenberg	NL		1-3-----	0
NLHBK	Haaldersbroek	NL	NH	1-3-----	0
NLHDL	Hedel	NL		1-3-----	0
NLHEE	Heel	NL		1-3-----	0
NLHEJ	Heijen	NL		123-----	0
NLHFN	Haaften	NL		1-3-----	0
NLHGL	Hengelo	NL		123-----	0
NLHGM	Hoogmade	NL	ZH	1-3-----	0
NLHGS	Hardinxveld	NL	ZH	1-3-----	0
NLHIL	Hillegom	NL		1-3-----	0
NLHKK	Hoogkerk	NL	GR	1-3-----	0
NLHKM	Hijkersmilde	NL	DR	1-3-----	0
NLHKO	Hekendorp	NL	ZH	123-----	0
NLHLM	Helmond	NL		123-----	0
NLHLO	Heiloo	NL		1-3-----	0
NLHLR	Haarlemmerliede	NL	NH	123-----	0
NLHLW	Holwerd	NL	FR	1-3-----	0
NLHME	Holtheme	NL	OV	123-----	0
NLHMI	Hoogersmilde	NL	DR	1-3-----	0
NLHMS	Heemstede	NL		1-3-----	0
NLHNZ	Hengstdijk	NL	ZE	1----6--	0
NLHOT	Holt	NL	OV	1-3-----	0
NLHOU	Houten	NL		1-3-----	0
NLHOV	Hoogeveen	NL		1-34----	0
NLHPE	Hempens	NL	FR	1-3-----	0
NLHPL	Hoofdplaat	NL	ZE	1-3-----	0
NLHPT	Hoptille	NL	FR	1-3-----	0
NLHRD	Harderwijk	NL		1-3-----	0
NLHRE	Haren	NL	GR	1-3-----	0
NLHRN	Hoorn	NL		123-----	0
NLHRV	Heerenveen	NL		1-3-----	0
NLHRW	Heerewaarden	NL		1-3-----	0
NLHSK	Harskamp	NL	GE	1----6--	0
NLHSL	Hellevoetsluis	NL		1-------	0
NLHSO	Holsloot	NL	DR	1-3-----	0
NLHST	Haghorst	NL	NB	1-3-----	0
NLHSW	Heeswijk	NL	NB	1-3-----	0
NLHTB	's-Hertogenbosch	NL	NB	123-----	0
NLHTM	Hattem	NL	GE	123-----	0
NLHTN	Hontenisse	NL		1-------	0
NLHTR	Heteren	NL		1-3-----	0
NLHUK	Heukelum	NL	GE	1----6--	0
NLHUM	Heumen	NL	GE	123-----	0
NLHUN	Hunsel	NL	LI	1-3-----	0
NLHVE	Havelte	NL	DR	1-3-----	0
NLHVH	Hoek van Holland	NL		123-----	0
NLHVK	Hilvarenbeek	NL	NB	1-3-----	0
NLHVS	Hilversum	NL		123-----	0
NLHXG	Hardinxveld-Giessendam	NL	ZH	1-3-----	0
NLHZK	Hazeldonk	NL	NB	123--6-B	0
NLIJK	Krabbendijke	NL	ZE	123-----	0
NLIJM	IJmuiden/Velsen	NL		123-----	0
NLILO	Illikhoven	NL	LI	1-3-----	0
NLISM	IJsselmuiden	NL	OV	123-----	0
NLITR	Itteren	NL	LI	1-3-----	0
NLKAI	Krimpen aan den IJssel	NL		1-3-----	0
NLKAM	Kampen	NL		123-----	0
NLKAT	Kats	NL	ZE	1-3-----	0
NLKHO	Kuikhorne	NL	FR	1-3-----	0
NLKHR	Kolhorn	NL	NH	1-3-----	0
NLKHV	Ketelhaven	NL	FL	1-3-----	0
NLKKO	Kakeshoek	NL		1-3-----	0
NLKLM	Kollum	NL	FR	1-3-----	0
NLKLU	Klundert	NL		1-------	0
NLKLV	Kloosterveen	NL	DR	1-3-----	0
NLKLZ	Klazienaveen	NL	DR	1-3-----	0
NLKMS	Krammersluizen	NL	ZE	1-3-----	0
NLKNT	Keent	NL	NB	1-3-----	0
NLKPE	Kelpen	NL	LI	1-3-----	0
NLKRD	Kerkdriel	NL		1-3-----	0
NLKRE	Kreil	NL	NH	1-3-----	0
NLKRI	't Kruis	NL	NH	1-3-----	0
NLKSL	Kessel	NL		1-3-----	0
NLKST	Kesteren	NL		1-3-----	0
NLKTN	Kantens	NL	GR	1-3-----	0
NLKTV	Katerveer	NL	OV	123-----	0
NLKWR	Katwijk aan den Rijn	NL	ZH	1-3-----	0
NLKZV	Keizersveer	NL	NB	1-3-----	0
NLLAN	Lauwersoog	NL		1-------	0
NLLAV	Loenen aan de Vecht	NL		1-3-----	0
NLLAW	Lage Weide	NL		1-3-----	0
NLLDD	Leiderdorp	NL		1-3-----	0
NLLEM	Lemsterland	NL		1-------	0
NLLEN	Lieren	NL	GE	1-------	0
NLLEO	Leons	NL	FR	1-3-----	0
NLLES	Leens	NL	GR	1-3-----	0
NLLEY	Lelystad	NL		1-34----	0
NLLGB	Landgoed Baest	NL		1-3-----	0
NLLGD	Lageland	NL	GR	1-3-----	0
NLLGI	Langelille	NL	FR	1-3-----	0
NLLID	Leiden	NL		1234----	0
NLLIE	Lienden	NL		1-------	0
NLLIJ	Lijnden	NL	NH	1-3-----	0
NLLIT	Lith	NL		1-------	0
NLLKN	't Leuken	NL	LI	1-3-----	0
NLLME	Limmel	NL	LI	1-3-----	0
NLLNO	Loenersloot	NL	UT	123-----	0
NLLRD	Leerdam	NL		1-3-----	0
NLLRU	Leimuiderbrug	NL	NH	1-3-----	0
NLLTO	Lithoijen	NL	NB	1-3-----	0
NLLTS	Laatste Stuiver	NL		1-3-----	0
NLLWE	Lalleweer	NL	GR	1-3-----	0
NLLWG	Langeweg	NL	NB	1-3-----	0
NLLWO	Lippenwoude	NL	FR	1-3-----	0
NLLWR	Leeuwarden	NL		1234----	0
NLLZA	Lage Zwaluwe	NL	NB	1-3-----	0
NLMAK	Makkum	NL	FR	1-3-----	0
NLMAR	Markelo	NL		1-3-----	0
NLMAU	Maurik	NL		1-3-----	0
NLMDG	Muiderberg	NL	NH	123-----	0
NLMDI	Middenbeemster	NL	NH	1----6--	0
NLMDT	Mildert	NL	LI	1-3-----	0
NLMDU	Middelstum	NL	GR	1-3-----	0
NLMEH	Mesch	NL	LI	1-3-----	0
NLMEP	Meppel	NL		123-----	0
NLMEW	Meerlo-Wansum	NL		1-------	0
NLMGT	Molengat	NL	NH	1-3-----	0
NLMHU	Maarhuizen	NL	GR	1-3-----	0
NLMID	Middelburg	NL		123-----	0
NLMIE	Mierlo	NL	NB	1-3-----	0
NLMIH	Middelharnis	NL		1-3-----	0
NLMJA	Mandjeswaard	NL	OV	1-3-----	0
NLMKE	Munnekeburen	NL	FR	1-3-----	0
NLMKM	Wonseradeel/Makkum	NL	FR	1-------	0
NLMKN	Marken	NL	NH	1-3-----	0
NLMLA	Middelaar	NL	LI	1-3-----	0
NLMLR	Millingen aan de Rijn	NL	GE	1-3-----	0
NLMNH	Mijnsheerenland	NL		1-------	0
NLMNU	Menaldum	NL	FR	1-3-----	0
NLMOE	Moerdijk	NL		123-----	0
NLMOK	Mook	NL	LI	1-3-----	0
NLMOL	Molenhoek	NL	LI	123-----	0
NLMSB	Maasbracht	NL		1-------	0
NLMSL	Maassluis	NL		123-----	0
NLMST	Maastricht	NL		1234----	0
NLMSV	Maasvlakte	NL		1-3-----	0
NLMSW	Mensingeweer	NL	GR	1-3-----	0
NLMUD	Muiden	NL	NH	1-3-----	0
NLMWD	Midwolda	NL	GR	1-------	0
NLN8W	Nieuwerkerke	NL	ZE	1-------	0
NLNAM	Nieuw-Amsterdam	NL	DR	123--6--	0
NLNAW	Naaldwijk	NL		1-3-----	0
NLNBG	Nieuwerbrug	NL	ZH	123-----	0
NLNBU	Nieuwe Brug	NL	NH	1-3-----	0
NLND5	Dreischor	NL	ZE	1----6--	0
NLNDB	Nederhorst den Berg	NL		1-3-----	0
NLNDL	Noordwijk aan Zee	NL		1-------	0
NLNEC	Neck	NL	NH	1-3-----	0
NLNES	Nes	NL	FR	123-----	0
NLNEV	Veen	NL	GE	1-3--6--	0
NLNGV	Nigtevecht	NL	UT	1-3-----	0
NLNIE	Nieuwerkerk aan den IJssel	NL	ZH	1-3-----	0
NLNIJ	Nijmegen	NL		123-----	0
NLNIU	Nieuwdorp	NL	ZE	1-3-----	0
NLNKK	Nijkerk	NL		1-3-----	0
NLNPZ	Usquert	NL	GR	1-------	0
NLNRG	Norg	NL		123-5---	0
NLNSA	Nes aan de Amstel	NL	NH	1-3-----	0
NLNSD	Nieuw-Scheemda	NL	GR	1-3-----	0
NLNST	Nederasselt	NL		1-3-----	0
NLNSU	Nessersluis	NL	UT	1-3-----	0
NLNSZ	Nieuwe Statenzijl	NL	GR	1-3-----	0
NLNTJ	Neeltje Jans	NL	ZE	1-------	0
NLNWG	Nieuwegein	NL		1-3-----	0
NLNWJ	Noordwelle	NL	ZE	1----6--	0
NLNWO	Nieuwolda	NL	GR	1-3-----	0
NLNZ8	Noordeloos	NL	ZH	1----6--	0
NLNZJ	Nijezijl	NL	FR	1-3-----	0
NLOBL	Oud-Beijerland	NL		1-3-----	0
NLODL	Odiliapeel	NL	NB	1----6--	0
NLODR	Ouderkerk aan de Amstel	NL	NH	123-----	0
NLOGA	Oudega	NL		123--6--	0
NLOGE	Oegstgeest	NL		1-3-----	0
NLOGN	Oud Gein	NL		1-3-----	0
NLOGP	Ooltgensplaat	NL	ZH	1-3-----	0
NLOHI	Oudeschild	NL	NH	1-3-----	0
NLOHM	Oosthem	NL	FR	123-----	0
NLOHW	Oude Schouw	NL	FR	123-----	0
NLOHZ	Oosthuizen	NL	NH	123-----	0
NLOIH	Oirschot	NL		1-3-----	0
NLOLS	Oosterlittens	NL	FR	1-3-----	0
NLOMD	Roermond	NL		1-3-----	0
NLOME	Oostermeer	NL	FR	1-3-----	0
NLOMH	Oostmahorn	NL	FR	1-3-----	0
NLOOS	Oosterhout	NL	NB	1-3-----	0
NLORJ	Oudenrijn	NL	UT	123-----	0
NLORL	Oterleek	NL	NH	1-3-----	0
NLOSG	Oud-Sabbinge	NL	ZE	1-3-----	0
NLOSK	Overschild	NL	GR	1-3-----	0
NLOSS	Oss	NL	NB	123-----	0
NLOVG	Overberg	NL	UT	1----6--	0
NLOZL	Ossenzijl	NL	OV	1-3-----	0
NLOZU	Oud-Zuilen	NL	UT	123-----	0
NLPAP	Papendrecht	NL		1-3-----	0
NLPER	Pernis	NL	ZH	123-----	0
NLPHL	Panheel	NL		1-3-----	0
NLPTG	Poortugaal	NL	ZH	123--6--	0
NLPUM	Purmerend	NL		1-3-----	0
NLPZI	Pieterzijl	NL	GR	1-3-----	0
NLQCU	Elst	NL		1-3-----	0
NLQDG	Lisse	NL		1-3-----	0
NLQDS	Raalte	NL		1-3-----	0
NLRAS	Ravenstein	NL		1-3-----	0
NLRBG	Rijnsburg	NL		1-3-----	0
NLRBO	Robbenoord	NL	NH	1-3-----	0
NLRED	Ried	NL	NB	1-3-----	0
NLREW	Reimerswaal	NL		1-------	0
NLRHD	Rheden	NL		1-3-----	0
NLRID	Ridderkerk	NL		1-3-----	0
NLRIJ	Rijs	NL	FR	1-3-----	0
NLRLA	Rilland	NL	ZE	123-----	0
NLRNK	Renkum	NL		1-3-----	0
NLROC	Rockanje	NL	ZH	1-3-----	0
NLROZ	Rozenburg	NL		1-------	0
NLRPL	Ramspol	NL	OV	1-3-----	0
NLRSH	Rijsenhout	NL		1-3-----	0
NLRSL	Roompotsluis	NL		1-3-----	0
NLRST	Roosteren	NL	LI	1-3-----	0
NLRSW	Rijnsaterwoude	NL		1-------	0
NLRTG	Rustenburg	NL	NH	1-3-----	0
NLRTM	Rotterdam	NL	ZH	12345---	0
NLRUK	Breukelen	NL		1-3-----	0
NLRUT	Rutten	NL	FL	1-3-----	0
NLRYS	Rijswijk	NL		1-3-----	0
NLSAB	Saba	NL		1-------	0
NLSAR	Sint Andries	NL	GE	1-3-----	0
NLSAT	Stad aan 't Haringvliet	NL	ZH	1-3--6--	0
NLSBS	Sijbrandahuis	NL	FR	1-3-----	0
NLSBU	Schagerbrug	NL	NH	1-3-----	0
NLSCA	Sprang	NL	NB	123-----	0
NLSCE	Scheveningen	NL		1-3-----	0
NLSCH	Schagen	NL		1-3-----	0
NLSCI	Schiedam	NL		123-----	0
NLSDB	Standdaarbuiten	NL	NB	1-3-----	0
NLSDM	Stadsdam	NL	UT	1-3-----	0
NLSDN	Steenderen	NL	GE	1-3-----	0
NLSDW	Schildwolde	NL	GR	1-3-----	0
NLSHH	Schoonhoven	NL		1-3-----	0
NLSHO	Schermerhorn	NL	NH	1-3-----	0
NLSKG	Slijkenburg	NL	FR	1-3-----	0
NLSKL	Stieltjeskanaal	NL	DR	1-3-----	0
NLSKM	Slikkendam	NL	ZH	1-3-----	0
NLSKW	Schalkwijk	NL	UT	1-3-----	0
NLSL7	Ijsselsteyn	NL	LI	1----6--	0
NLSLD	Sliedrecht	NL	ZH	1-3-----	0
NLSLO	Slochteren	NL	GR	1-3-----	0
NLSLT	Sloten	NL	FR	1-3-----	0
NLSLU	Sluiskil	NL	ZE	1-3-----	0
NLSMD	Scheemda	NL		1-3-----	0
NLSMG	Sint Michielsgestel	NL	NB	1-3-----	0
NLSMI	Smilde	NL	DR	1-3-----	0
NLSML	Smallingerland	NL		1-------	0
NLSMO	Schiermonnikoog	NL	FR	1-3-----	0
NLSMV	Sint Maartensvlotbrug	NL	NH	1-3-----	0
NLSMZ	Scheemderzwaag	NL	GR	123-----	0
NLSND	Schijndel	NL		1-3-----	0
NLSNN	Sint-Annaland	NL	ZE	1----6--	0
NLSON	Son	NL	NB	1-------	0
NLSOP	Stolpen	NL	NH	1-3-----	0
NLSPI	Spijkenisse	NL		1-3-----	0
NLSPT	Stompetoren	NL	NH	1-3-56--	0
NLSPV	Stolpervlotbrug	NL	NH	1-3-----	0
NLSRD	Scharendijke	NL	ZE	1-3-----	0
NLSRE	Streefkerk	NL	ZH	1-3--6--	0
NLSRL	Schoorl	NL	NH	1-------	0
NLSRT	Stroe	NL	NH	1-------	0
NLSSO	Bussloo	NL	GE	1----6--	0
NLSTD	Stellendam	NL		1-3-----	0
NLSTO	't Stort	NL	NH	1-3-----	0
NLSVG	Sas van Gent	NL		1-3-----	0
NLSVN	Stavenisse	NL	ZE	1-3-----	0
NLSWK	Sleeuwijk	NL		1-3-----	0
NLSWL	Schouwerzijl	NL	GR	1-3-----	0
NLSZL	Schoterzijl	NL	OV	1-3-----	0
NLTEX	Texel	NL		1--4----	0
NLTHD	Ter Heijde	NL	ZH	1-------	0
NLTHE	't Horntje	NL	NH	1-3-----	0
NLTHO	Tholen	NL		1-3-----	0
NLTKM	Tolkamer	NL	GE	1-3-----	0
NLTKW	Tjerkwerd	NL	FR	1-3-----	0
NLTLB	Tilburg	NL		123-----	0
NLTMZ	Termunterzijl	NL	GR	123-----	0
NLTNZ	Terneuzen	NL		1-3-----	0
NLTOK	Tollebeek	NL	FL	1-3-----	0
NLTOR	Torontostraat	NL		1-3-----	0
NLTRO	Terhorne	NL	FR	1-3-----	0
NLTSL	Terschelling	NL	FR	1-3-----	0
NLTTE	Lettele	NL	OV	1----6--	0
NLTUL	Tuil	NL		1-3-----	0
NLTWA	't Waar	NL	GR	1-3-----	0
NLUFE	Uffelte	NL	DR	1-3-----	0
NLULR	Ulrum	NL		1-------	0
NLUMO	Urmond	NL	LI	1-3-----	0
NLURK	Urk	NL		1-3-----	0
NLUTG	Uitgeest	NL	NH	123-----	0
NLUTR	Uitermeer	NL	NH	1-3-----	0
NLVAN	Vianen	NL		1-3-----	0
NLVAR	Varsen	NL	OV	1-3-----	0
NLVDM	Veendam	NL		123-----	0
NLVDN	Vredenduin	NL		1-------	0
NLVEL	Velsen	NL		1-------	0
NLVEN	Venlo	NL	LI	1234----	0
NLVER	Veere	NL	ZE	1-------	0
NLVGB	Voetangelbrug	NL	NH	1-3-----	0
NLVIE	Vierlingsbeek	NL		1-------	0
NLVKR	Volkerak	NL	NB	1-3-----	0
NLVKS	Valkenisse	NL	ZE	1-3-----	0
NLVLA	Vlaardingen	NL		123-----	0
NLVLI	Vlissingen	NL		123-----	0
NLVLL	Vlieland	NL		1-------	0
NLVNO	Veenoord	NL	DR	123-----	0
NLVOB	Voorburg	NL		1-3-----	0
NLVOS	Voorschoten	NL		1-3-----	0
NLVRA	Vrouwenakker	NL	NH	1-3-----	0
NLVSN	Velsen-Noord	NL	NH	1-3--6--	0
NLVVL	Vierverlaten	NL	GR	1-3-----	0
NLVWD	Vlagtwedde	NL	GR	1-3-----	0
NLWAA	Waalre	NL		1-------	0
NLWAD	Waddinxveen	NL		1-3-----	0
NLWAS	Wanssum	NL	LI	1-3-----	0
NLWBD	Wijk bij Duurstede	NL		1-3-----	0
NLWBK	Westerbork	NL	DR	1-3-----	0
NLWBO	Westbroek	NL	GR	1-3-----	0
NLWCM	Woudrichem	NL		1-3-----	0
NLWDE	Waarde	NL	ZE	1-3-----	0
NLWEL	Well	NL	LI	1-3-----	0
NLWEU	Weurt	NL	GE	123-----	0
NLWGD	West-Graftdijk	NL	NH	1-3-----	0
NLWGR	Wieringermeer	NL	NH	1-3-----	0
NLWGW	Wageningen	NL		1-3-----	0
NLWHD	Wilhelminadorp	NL	ZE	123-----	0
NLWHO	Wehe-den Hoorn	NL	GR	1-3-----	0
NLWHU	Warfhuizen	NL	GR	1-3-----	0
NLWHZ	Waterhuizen	NL	GR	1-3-----	0
NLWIG	Wijnbergen	NL	GE	1----6--	0
NLWIU	Wiuwert	NL		1----6--	0
NLWIW	Wieringerwerf	NL		1-3-----	0
NLWKD	Werkendam	NL		1-------	0
NLWKG	Wolsumerketting	NL	FR	1-3-----	0
NLWKP	Westkapelle	NL	ZE	1-3-----	0
NLWKS	Weakens	NL	FR	1-3-----	0
NLWKU	Workum	NL	FR	1-3-----	0
NLWLK	Waalwijk	NL		1-3-----	0
NLWMO	Wormer	NL		1-3-----	0
NLWNS	Winsum	NL	GR	123-----	0
NLWOR	Woerden	NL		1-3-----	0
NLWRG	Wieringen/Den Oever	NL	NH	1-3-----	0
NLWRM	Warmond	NL		1-3-----	0
NLWRP	Welsrijp	NL	FR	123-----	0
NLWRT	Weert	NL		123-----	0
NLWSC	Winschoten	NL		1-34----	0
NLWSO	Walsoorden	NL	ZE	1-3----B	0
NLWSP	Weesp	NL		1-3-----	0
NLWTE	West-Terschelling	NL		1-------	0
NLWTN	Warten	NL	NH	1-3-----	0
NLWTZ	Westzaan	NL		123-----	0
NLXXX	RIS Inland waterways	NL		1-------	0
NLYSK	Yerseke	NL		1-3-----	0
NLZAA	Zaandam	NL		123-----	0
NLZBO	Zuidbroek	NL	GR	123-----	0
NLZDL	Zuidlaren	NL	DR	1-3-----	0
NLZE5	Scherpenisse	NL	ZE	1----6--	0
NLZEI	Zuideinde	NL		1-3-----	0
NLZEW	Zeewolde	NL	FL	1-3-----	0
NLZHO	Zwaanshoek	NL	NH	1-3-----	0
NLZIE	Zierikzee	NL		1-------	0
NLZLD	Zoutelande	NL	ZE	1-3-----	0
NLZOU	Zoeterwoude	NL	ZH	1-3-----	0
NLZPO	Zandpol	NL	DR	1-3-----	0
NLZPS	Zijpersluis	NL	NH	1-3-----	0
NLZUL	Zuidland	NL		1-3-----	0
NLZUT	Zutphen	NL		123-----	0
NLZVG	Zevenbergen	NL	NB	1-3-----	0
NLZWI	Zwijndrecht	NL		123-----	0
NLZWN	Zwinderen	NL	DR	1-3-----	0
NLZWS	Zwartsluis	NL		1-3-----	0
NOAAA	Å i Lofoten	NO	18	1-------	0
NOAAF	Åfjord	NO	16	1-------	0
NOAAN	Årdal	NO	14	1-3-----	0
NOAAV	Ålvik	NO	12	1-3-----	0
NOABE	Abelnes	NO	10	1-3-----	0
NOABV	Abelvær	NO	17	1-------	0
NOADN	Andenes	NO	18	1-34----	0
NOADY	Andøy	NO	18	1-------	0
NOAES	Ålesund	NO	15	1-34----	0
NOAFS	Anfinnsletta	NO	18	1-------	0
NOAFT	Agnefest	NO	10	1-3-----	0
NOAGD	Agdenes	NO	16	1-------	0
NOAGK	Ågskardet	NO	18	1-------	0
NOAGO	Ågotnes	NO	12	1-3-----	0
NOAHM	Åheim	NO	15	1-------	0
NOAKK	Akkarfjord	NO	20	1-------	0
NOAKM	Åkrehamn	NO	11	1-------	0
NOALE	Ålefjær	NO	10	1-------	1
NOALF	Alta	NO	20	1-34----	0
NOALS	Alstahaug	NO	18	1-------	0
NOALV	Alvika	NO	15	1-------	0
NOAND	Åndalsnes	NO	15	123--6--	0
NOANN	Sannidal	NO	08	1-3-----	0
NOANS	Ansnes	NO	16	1-------	0
NOARD	Årdalstangen	NO	14	1-3-----	0
NOARE	Arendal	NO	09	123-----	0
NOARF	Arnafjord	NO	14	1-------	0
NOARH	Årdal - Hjelmeland	NO	11	1-------	0
NOARM	Arnøyhamn	NO	19	1-------	0
NOASH	Austrheim	NO	12	1-------	0
NOASL	Askvoll	NO	14	1-------	0
NOASV	Austevoll	NO	12	1-------	0
NOASY	Askøy	NO	12	1-------	0
NOATA	Åtangen	NO	08	1-------	0
NOATL	Atløy	NO	14	1-------	0
NOAUE	Aure	NO	15	1-------	0
NOAUK	Aukra	NO	15	1-------	0
NOAUL	Aurland	NO	14	1-------	0
NOAUS	Austvika	NO	18	1-------	0
NOAVA	Avaldsnes	NO	11	1-3-----	0
NOAVE	Averøy	NO	15	1-------	0
NOBAF	Balsfjord	NO	19	1-------	0
NOBAL	Båly	NO	10	1-------	0
NOBAM	Bamble	NO	08	1-------	0
NOBAR	Bærum	NO	02	1-3-----	0
NOBEJ	Beiarn	NO	18	1-------	0
NOBEL	Bellvika	NO	19	1-------	0
NOBER	Berg	NO	19	1-------	0
NOBFJ	Bergsfjord	NO	20	1-------	0
NOBGN	Bergneset	NO	19	1-------	0
NOBGO	Bergen	NO	12	1234----	0
NOBIN	Bindal	NO	18	1-------	0
NOBIS	Bismo	NO	05	1-3-----	0
NOBJD	Bjordal	NO	14	1-------	0
NOBJF	Båtsfjord	NO	20	1-34----	0
NOBJU	Bjugn	NO	16	1-------	0
NOBJX	Bjørkås	NO	02	1-3-----	0
NOBJY	Bjarkøy	NO	19	1-------	0
NOBKD	Brakstad	NO	12	1-3-----	0
NOBKS	Brekstad	NO	16	1-------	0
NOBKV	Bjerkvik	NO	18	1-3-----	0
NOBLK	Bleik	NO	18	1-------	0
NOBLL	Ballangen	NO	18	1-------	0
NOBLO	Blokken	NO	18	1-------	0
NOBLS	Balestrand	NO	14	1-------	0
NOBLV	Blomvåg	NO	12	1-------	0
NOBNN	Brønnøysund	NO	18	1-34----	0
NOBOE	Bøneset - Karmøy	NO	11	1-------	0
NOBOG	Bogen	NO	18	1-3-----	0
NOBOK	Bokn	NO	11	1-------	0
NOBOM	Bømlo	NO	12	1-------	0
NOBON	Bognes	NO	18	1-------	0
NOBOO	Bodø	NO	18	1234----	0
NOBOS	Borkenes	NO	19	1-3-----	0
NOBOV	Bøvågen - Radøy	NO	12	1-3-----	0
NOBRE	Bremanger	NO	14	1-------	0
NOBRH	Brensholmen	NO	19	1-------	0
NOBRN	Brandasund	NO	12	1-------	0
NOBRO	Brønnøy	NO	18	1-------	0
NOBRR	Borre	NO	07	1-------	0
NOBRV	Brattvåg	NO	15	1-3-----	0
NOBSD	Ballstad	NO	18	1-------	0
NOBSF	Brandsfjord	NO	16	1-------	0
NOBTH	Botnhamn	NO	19	1-3-----	0
NOBTN	Botnaneset - Flora	NO	14	1-------	0
NOBTS	Brettesnes	NO	18	1-------	0
NOBUF	Burfjord	NO	19	1-------	0
NOBUG	Bugøynes	NO	20	1-3-----	0
NOBUV	Buvika	NO	16	1-3-----	0
NOBVB	Breivikbotn	NO	20	1-3-----	0
NOBVG	Berlevåg	NO	20	1--4----	0
NOBVK	Brevik	NO	08	1-3-----	0
NOBVR	Breiviga	NO	11	1-------	0
NOBYN	Byggnes - Karmøy	NO	11	1-------	0
NOBYR	Byrknesøy	NO	14	1-------	0
NOBYS	Bygstad	NO	14	1-------	0
NODBY	Nordby	NO	02	1----6--	0
NODDY	Espenesbogen	NO	19	1-------	0
NODER	Sperrebotn	NO	01	1-3-----	0
NODFJ	Dåfjord	NO	19	1-------	0
NODIM	Dimmelsvik	NO	12	1-3-----	0
NODIR	Dirdal	NO	11	1-------	0
NODJU	Djupvik	NO	19	1-3-----	0
NODOL	Dolmøy	NO	16	1-------	0
NODON	Dønna	NO	18	1-------	0
NODRG	Drag	NO	18	1-------	0
NODRK	Drøbak	NO	02	1-3-----	0
NODRM	Drammen	NO	06	123-----	0
NODSF	Dale	NO	14	1-3-----	0
NODSN	Nannestad	NO	02	1-------	0
NODUS	Dusavik	NO	11	1-------	0
NODYD	Dyrstad	NO	14	1-3-----	0
NODYL	Dyrøyhamn	NO	19	1-------	0
NODYR	Dyrvik	NO	16	1-3-----	0
NODYY	Dyrøy	NO	19	1-------	0
NOEDD	Eidsdal	NO	15	1-------	0
NOEDE	Eide	NO	15	1-------	0
NOEDF	Eidfjord	NO	12	1-------	0
NOEDS	Eide Sotra	NO	12	1-------	0
NOEDT	Eidet	NO	18	1-------	0
NOEGD	Eigersund	NO	11	1-------	0
NOEGE	Egersund	NO	11	1-3-----	0
NOEGG	Eggesbønes	NO	15	1-3-----	0
NOEID	Eid	NO	14	1-------	0
NOEIF	Eidangerfjorden	NO	08	1-------	0
NOEIK	Eikefjord	NO	14	1-3-----	0
NOEIL	Eidslandet	NO	12	1-3-----	0
NOEKF	Eikefet	NO	12	1-------	0
NOELL	Ellingsøy	NO	15	1-3-----	0
NOELN	Elnesvågen	NO	15	1-3-----	0
NOELO	Eikelandsosen	NO	12	1-3-----	0
NOENG	Engene	NO	06	1-3-----	0
NOERF	Erfjord - Suldal	NO	11	1-------	0
NOESP	Espevik	NO	11	1-3-----	0
NOETN	Etne	NO	12	1-------	0
NOEVT	Evenestangen	NO	18	1-------	0
NOEVV	Eivindvik	NO	14	1-3-----	0
NOEYD	Eydehavn	NO	09	1-3-----	0
NOFAN	Farsund	NO	10	1-34----	0
NOFAU	Fauske	NO	18	123-----	0
NOFAX	Fagerstrand	NO	08	1-3-----	0
NOFBL	Fiskebøl	NO	18	1-------	0
NOFDE	Førde	NO	14	1-34----	0
NOFED	Fedje	NO	12	1-------	0
NOFFB	Finnfjordbotn	NO	19	1-3-----	0
NOFFD	Flekkefjord	NO	10	123-----	0
NOFIN	Finneidfjord	NO	18	1-------	0
NOFIT	Fitjar	NO	12	1-------	0
NOFJA	Fjaler	NO	14	1-------	0
NOFJE	Fjell	NO	12	1-------	0
NOFJL	Fjelldal	NO	18	1-3-----	0
NOFKG	Frekhaug	NO	12	1-3-----	0
NOFKS	Flakstad	NO	18	1-------	0
NOFLA	Flåm	NO	14	123-----	0
NOFLM	Flem	NO	15	1-------	0
NOFLO	Florvåg	NO	12	1-3-----	0
NOFLR	Flora	NO	14	1-------	0
NOFLT	Flatanger	NO	17	1-------	0
NOFLY	Flatøy	NO	12	1-------	0
NOFND	Finneid	NO	18	1-------	0
NOFNE	Finnsnes	NO	19	1-3-----	0
NOFNN	Fonnes	NO	12	1-------	0
NOFNS	Fornes	NO	19	1-------	0
NOFNY	Finnøy	NO	11	1-------	0
NOFOA	Froan	NO	16	1-------	0
NOFOI	Fossing	NO	08	1-------	0
NOFOL	Follafoss	NO	17	1-3-----	0
NOFON	Forøy	NO	18	1-------	0
NOFOR	Forsand	NO	11	1-------	0
NOFOS	Fosnavåg	NO	15	1-3-----	0
NOFRA	Frøya	NO	16	1-------	0
NOFRE	Fræena	NO	15	1-------	0
NOFRJ	Frei	NO	15	1-------	0
NOFRK	Fredrikstad	NO	01	123-----	0
NOFRN	Frogn	NO	02	1-------	0
NOFRO	Florø	NO	14	1-34----	0
NOFRS	Forus	NO	11	123-----	0
NOFRT	Frosta	NO	17	1-------	0
NOFSD	Fjellstrand	NO	12	1-3-----	0
NOFSK	Fiskåbygd - Vanylven	NO	15	1-------	0
NOFSL	Forsøl	NO	20	1-------	0
NOFSN	Fosnes	NO	17	1-------	0
NOFST	Fiskarstrand	NO	15	1-------	0
NOFSV	Festvåg	NO	18	1-------	0
NOFUS	Fusa	NO	12	1-------	0
NOFYS	Fjærland	NO	14	1-------	0
NOGAM	Gamvik	NO	20	1-------	0
NOGAU	Gaular	NO	14	1-------	0
NOGHV	Gunhildvågen	NO	14	1-------	0
NOGIK	Gismarvik	NO	11	1-------	0
NOGIL	Gildeskål	NO	18	1-------	0
NOGIS	Giske	NO	15	1-------	0
NOGJD	Gjøsundet	NO	15	1-------	0
NOGJM	Gjemnes	NO	15	1-------	0
NOGJS	Gjesdal	NO	11	1-------	0
NOGJV	Gjesvær	NO	20	1-------	0
NOGLO	Glomfjord	NO	18	1-3-----	0
NOGLP	Gloppen	NO	14	1-------	0
NOGOO	Godøya	NO	15	1-------	0
NOGOT	Grøtavær	NO	19	1-------	0
NOGPN	Gaupne	NO	14	1-3-----	0
NOGRD	Gravdal	NO	18	1-------	0
NOGRF	Grovfjord	NO	19	1-------	0
NOGRP	Grip	NO	15	1-------	0
NOGRS	Grytestranda	NO	15	1-------	0
NOGRT	Gratangen	NO	19	1-------	0
NOGRV	Granvin	NO	12	1-------	0
NOGRY	Gryllefjord	NO	19	1-------	0
NOGTD	Grimstad	NO	09	1-3-----	0
NOGUD	Gudvangen	NO	14	1-------	0
NOGUL	Gulen	NO	14	1-------	0
NOGUR	Gursken	NO	15	1-3-----	0
NOGUT	Gutvik	NO	17	1-------	0
NOHAA	Hå	NO	11	1-------	0
NOHAD	Hadsel	NO	18	1-------	0
NOHAE	Hansnes	NO	19	1-------	0
NOHAL	Halden	NO	01	123-----	0
NOHAN	Halvorshavn	NO	06	1-3-----	0
NOHAR	Haram	NO	15	1-------	0
NOHAU	Haugesund	NO	11	1-34----	0
NOHAV	Havøysund	NO	20	1-------	0
NOHAZ	Halsnøy	NO	12	1-------	0
NOHBT	Hamnbukt - Porsanger	NO	20	1-------	0
NOHEF	Herfjord	NO	16	1-------	0
NOHEK	Hekkelstrand	NO	18	1-------	0
NOHEL	Hellvik	NO	11	123-----	0
NOHEM	Håeimsvika	NO	15	1-------	0
NOHEN	Henningsvær	NO	18	1-------	0
NOHER	Hermansverk	NO	14	1-3-----	0
NOHES	Hestvika	NO	16	1-------	0
NOHET	Herøysundet	NO	12	1-------	0
NOHEV	Helligvær	NO	18	1-------	0
NOHEY	Herøy	NO	15	1-------	0
NOHFL	Hammerfall	NO	18	1-------	0
NOHFT	Hammerfest	NO	20	1-34----	0
NOHGR	Hegreneset	NO	12	1-------	0
NOHHA	Hufthammar	NO	12	1-------	0
NOHIT	Hitra	NO	16	1-------	0
NOHJJ	Hjelset	NO	15	1-------	0
NOHJL	Hjelmeland	NO	11	1-3-----	0
NOHJO	Hjørungavåg	NO	15	1-3-----	0
NOHKR	Helle - Kragerø	NO	08	1-------	0
NOHLB	Høylandsbygda	NO	12	1-3-----	0
NOHLE	Helle - Forsand	NO	11	1-------	0
NOHLL	Høllen	NO	10	1-3-----	0
NOHLS	Halsa	NO	15	1-------	0
NOHME	Hemne	NO	16	1-------	0
NOHMS	Hemnes	NO	18	1-------	0
NOHMV	Hummelvik	NO	20	1-------	0
NOHMY	Hamarøy	NO	18	1-------	0
NOHNE	Hemnesberget	NO	18	1-------	0
NOHOA	Holla	NO	16	1-------	0
NOHOF	Hof	NO	07	1----6--	0
NOHOG	Høgset	NO	18	1-3-----	0
NOHOK	Hommelvik	NO	16	123-----	0
NOHOL	Holmestrand	NO	07	123-----	0
NOHOO	Horsøy	NO	12	1-------	0
NOHOR	Horten	NO	07	123-----	0
NOHOT	Hanøytangen	NO	12	1-------	0
NOHOY	Husøy - Tønsberg	NO	07	1-3-----	0
NOHRD	Harstad	NO	19	1-3-----	0
NOHRI	Hareid	NO	15	1-3-----	0
NOHRO	Herøy	NO	18	1-3-----	0
NOHRR	Herre	NO	08	1-------	0
NOHRS	Harøysundet	NO	15	1-3-----	0
NOHRV	Hordvik	NO	12	1-3-----	0
NOHRY	Herøya	NO	08	123-----	0
NOHSA	Halsa Meløy	NO	18	1-------	0
NOHSL	Hovland	NO	12	1-------	0
NOHSO	Husøy - Karmøy	NO	11	1-------	0
NOHSS	Husøy - Lenvik	NO	19	1-------	0
NOHSV	Hausvikstrand	NO	10	1-------	0
NOHSY	Hellesylt	NO	15	1-3-----	0
NOHUD	Hundeidvika	NO	15	1-------	0
NOHUR	Hurum	NO	06	1-------	0
NOHUS	Husnes	NO	12	1-3-----	0
NOHVA	Hvaler	NO	01	1-------	0
NOHVG	Honningsvåg	NO	20	1-34----	0
NOHVI	Håvik	NO	18	1-3-----	0
NOHVK	Hasvik	NO	20	1-------	0
NOHVS	Hvasser	NO	07	1-------	0
NOHYL	Hyllestad	NO	14	1-------	0
NOHYR	Høyanger	NO	14	1-3-----	0
NOIBE	Ibestad	NO	19	1-------	0
NOIDR	Inndyr	NO	18	1-------	0
NOIGE	Igerøy	NO	18	1-------	0
NOIGL	Iglandsvik	NO	14	1-------	0
NOIKA	Vikan	NO	18	1-------	0
NOIKR	Ikornnes	NO	15	1-3-----	0
NOIND	Inderøy	NO	17	1-------	0
NOINN	Innhavet	NO	18	1-------	0
NOINV	Innvik	NO	14	1-3-----	0
NOISY	Ingøy	NO	20	1-------	0
NOJAN	Jakobsnes	NO	20	1-------	0
NOJEL	Jelsa	NO	11	1-3-----	0
NOJON	Jondal	NO	12	1-------	0
NOJOS	Jøssingfjord	NO	11	1-------	0
NOJOV	Jøvik	NO	19	1-------	0
NOJOY	Jarlsøy	NO	07	1-------	0
NOKAB	Kabelvåg	NO	18	1-------	0
NOKAF	Kåfjord	NO	19	1-------	0
NOKAH	Kårvikhamn	NO	19	1-------	0
NOKAN	Kalvneset	NO	14	1-------	0
NOKAR	Kårstø	NO	11	1-------	0
NOKAY	Karlsøy	NO	19	1-------	0
NOKBV	Kobbvågen	NO	18	1-------	0
NOKDF	Kaldfjord	NO	19	1-------	0
NOKDL	Kvanndal	NO	12	1-3-----	0
NOKGF	Kongsfjord	NO	20	1-------	0
NOKIA	Kvithylla	NO	16	1-------	1
NOKIL	Kilvik	NO	18	1-------	0
NOKIR	Kirkehamn	NO	10	1-------	0
NOKIV	Kinsarvik	NO	12	1-3-----	0
NOKJB	Kjørebonn	NO	08	1-------	0
NOKJE	Kjerringøy	NO	18	1-------	0
NOKJF	Kjøllefjord	NO	20	1-3-----	0
NOKJK	Kjøpsvik	NO	18	1-3-----	0
NOKKK	Kvelde	NO		1-------	0
NOKKN	Kirkenes	NO	20	1-34----	0
NOKLD	Kolvereid	NO	17	1-------	0
NOKLE	Kleppestø	NO	12	1-3-----	0
NOKMN	Kårhamn	NO	20	1-------	0
NOKMO	Kambo	NO	01	123-----	0
NOKMS	Kjøpmannskjær	NO	07	1-------	0
NOKMY	Karmøy	NO	11	1-3-----	0
NOKOL	Kollsnes Øst	NO	12	1-------	0
NOKON	Kollsnes	NO	12	1-------	0
NOKOP	Kopervik	NO	11	1-3-----	0
NOKPG	Kaupanger	NO	14	1-3-----	0
NOKRA	Kragerø	NO	08	123-----	0
NOKRS	Kristiansand	NO	10	123-----	0
NOKRV	Knarrevik	NO	12	1-------	0
NOKSU	Kristiansund	NO	15	1-34----	0
NOKSY	Kvitsøy	NO	11	1-------	0
NOKUV	Kuvika	NO	20	1-------	0
NOKVF	Kvåfjord	NO	19	1-------	0
NOKVG	Kalvåg	NO	14	1-------	0
NOKVH	Kvinnherad	NO	12	1-------	0
NOKVL	Kristoffervalen	NO	19	1-------	0
NOKVM	Kvam	NO	12	1-------	0
NOKVN	Kvænangen	NO	19	1-------	0
NOKVR	Kvæfjord	NO	19	1-------	0
NOKVS	Kvalsund	NO	20	1-------	0
NOKVV	Kvalvika	NO	18	1-------	0
NOKYR	Kyrksæterøra	NO	16	1-3-----	0
NOLAD	Langesund	NO	08	1-3-----	0
NOLAG	Langevåg	NO	12	1-------	0
NOLAN	Langevåg - Sula	NO	15	1-3-----	1
NOLAO	Langøya	NO	07	1-------	0
NOLAR	Larvik	NO	07	123-----	0
NOLAS	Lenangen Søndre	NO	19	1-------	0
NOLAV	Lavangen	NO	19	1-------	0
NOLAY	Lenangsøyra	NO	19	1-------	1
NOLDS	Lindesnes	NO	10	1-3-----	0
NOLEA	Leirvik i Hyllestad	NO	14	1-------	0
NOLEB	Lebesby	NO	20	1-------	0
NOLEF	Leirfjord	NO	18	1-------	0
NOLEK	Leikanger	NO	14	1-------	0
NOLEP	Leirpollen	NO	20	1-3-----	0
NOLES	Lenvik	NO	19	1-------	0
NOLEV	Levanger	NO	17	123-----	0
NOLFF	Listraumen	NO	14	1-------	0
NOLGS	Langstein	NO	17	1-------	0
NOLIA	Liavåg	NO	15	1-------	0
NOLID	Liland	NO	18	1-------	0
NOLIE	Lier	NO	06	1-3-----	0
NOLIL	Lillesand	NO	09	1-3-----	0
NOLIN	Lindås	NO	12	1-------	0
NOLIT	Litangen	NO	08	1-------	0
NOLKA	Leka	NO	17	1-------	0
NOLKN	Leknes	NO	18	1-34----	0
NOLKV	Leksvik	NO	17	1-------	0
NOLNE	Leines	NO	18	1-------	0
NOLOD	Lødingen	NO	18	1-3-----	0
NOLOE	Loen	NO	14	1-3-----	0
NOLON	Lonevåg	NO	12	1-------	0
NOLOP	Loppa	NO	20	1-------	0
NOLOV	Lovund	NO	18	1-3-----	0
NOLRA	Lura	NO	11	1-3-----	0
NOLRD	Lærdal	NO	14	1-------	0
NOLRE	Lessremman	NO	18	1-------	0
NOLRI	Leirvik	NO	12	1-3-----	0
NOLRK	Larkollen	NO	01	1-3-----	0
NOLSU	Lysøysund	NO	16	1-------	0
NOLUL	Lutelandet	NO	14	1-------	0
NOLUR	Lurøy	NO	18	1-------	0
NOLUS	Luster	NO	14	1-------	0
NOLVG	Laksevåg	NO	12	1-3-----	0
NOLVK	Laukvik	NO	18	1-------	0
NOLYD	Lyngseidet	NO	19	1-------	0
NOLYF	Lysebotn	NO	11	1-3-----	0
NOLYN	Lyngen	NO	19	1-------	0
NOLYS	Lysaker	NO	02	123-----	0
NOMAH	Maurholen	NO	11	1-------	0
NOMAK	Malvik	NO	16	1-------	0
NOMAN	Mandal	NO	10	1-3-----	0
NOMAT	Matre - Masfjorden	NO	12	1-------	0
NOMAU	Mausund	NO	16	1-------	0
NOMAV	Målselv	NO	19	1-------	0
NOMAY	Måløy	NO	14	1-3-----	0
NOMEH	Mehamn	NO	20	1-34----	0
NOMEL	Melbu	NO	18	1-3-----	0
NOMEN	Menstad	NO	08	1-------	0
NOMEV	Melsomvik	NO	07	1-3-----	0
NOMEY	Meløy	NO	18	1-------	0
NOMGR	Manger	NO	12	1-------	0
NOMID	Midsund	NO	15	1-------	0
NOMIS	Misvær	NO	18	1-------	0
NOMIT	Misten	NO	18	1-------	0
NOMJF	Mosjøen	NO	18	1234----	0
NOMLD	Meland	NO	12	1-------	0
NOMLK	Melkøya	NO	20	1-------	0
NOMLM	Malm	NO	17	1-3-----	0
NOMLS	Melhus	NO	16	1-------	0
NOMLT	Moldtustranda	NO	15	1-3-----	0
NOMOB	Mongstadbase	NO	12	1-------	0
NOMOD	Modalen	NO	12	1-------	0
NOMOL	Molde	NO	15	1-34----	0
NOMON	Mongstad	NO	12	1-3-----	0
NOMOR	Mørsvikbotn	NO	18	1-------	0
NOMOS	Mosterhamn	NO	12	1-------	0
NOMOV	Mølstrevåg	NO	12	1-------	0
NOMQN	Mo i Rana	NO	18	1234----	0
NOMRV	Muruvika	NO	16	123-----	0
NOMSD	Mjølstadneset	NO	15	1-------	0
NOMSF	Masfjorden	NO	12	1-------	0
NOMSK	Moskenes	NO	18	1-------	0
NOMSS	Moss	NO	01	123-----	0
NOMSV	Mosvik	NO	17	1-------	0
NOMSY	Måsøy	NO	20	1-------	0
NOMVV	Mjølkevikvarden	NO	12	1-------	0
NOMYO	Myre-Øksnes	NO	18	1-3-----	0
NONAU	Naustdal	NO	14	1-------	0
NONEO	Nesodden	NO	02	1-------	0
NONEV	Nevlunghamn	NO	07	1-------	0
NONFD	Nordfjordeid	NO	14	1-3-----	0
NONFO	Nordfosen	NO	16	1-------	0
NONHS	Norheimsund	NO	12	1-3-----	0
NONIA	Hammarvika - Frøya	NO	16	1-------	0
NONKB	Nordkjosbotn	NO	19	1-3-----	0
NONOD	Norddal	NO	15	1-------	0
NONOK	Nordkapp	NO	20	1-------	0
NONOL	Nordlenangen	NO	19	1-------	0
NONOM	Nordmela	NO	18	1-------	0
NONOR	Nordreisa	NO	19	1-------	0
NONRY	Nærøy	NO	17	1-------	0
NONSB	Nesseby	NO	20	1-------	0
NONSF	Nordskaget - Frøya	NO	16	1-------	0
NONSN	Nesna	NO	18	1-------	0
NONST	Nesset	NO	15	1-------	0
NONTY	Nøtterøy	NO	07	1-------	0
NONVK	Narvik	NO	18	1234----	0
NONYE	Nyelv	NO	20	1-------	0
NONYH	Nyhamna	NO	15	1-------	0
NONZC	Larsnes	NO	15	1----6--	0
NONZL	Glesvær	NO	12	1-3--6--	0
NONZY	Tromsdalen	NO	19	1-3--6--	0
NOODD	Odda	NO	12	1-3-----	0
NOOKF	Øksfjord	NO	20	1-3-----	0
NOOKS	Oksnes	NO	18	1-------	0
NOOLA	Ørland	NO	16	1-------	0
NOOLD	Olden	NO	14	1-------	0
NOOLL	Olderdalen	NO	19	1-------	0
NOOLN	Ølen	NO	11	1-------	0
NOOLR	Oldervik	NO	19	1-------	0
NOOLT	Frafjord	NO	11	1-3-----	0
NOOLV	Ølve	NO	12	1-------	0
NOOMA	Omastranda	NO	12	1-------	0
NOOMB	Ombo	NO	11	1-------	0
NOOOS	Os	NO	12	1-3-----	0
NOOPG	Oppegård	NO	02	1-------	0
NOORD	Orkdal	NO	16	1-3-----	1
NOORK	Orkanger	NO	16	1-3-----	0
NOORS	Ørsta	NO	15	1-------	0
NOORV	Ortnevik	NO	14	1-3-----	0
NOOSE	Osnes - Vindafjord	NO	11	1-------	0
NOOSG	Ørskog	NO	15	1-------	0
NOOSL	Oslo	NO	03	12345---	0
NOOSN	Osen	NO	16	1-------	0
NOOST	Osterøy	NO	12	1-------	0
NOOSY	Namsos	NO	17	1234----	0
NOOTA	Ottersøya	NO	18	1-------	0
NOOTO	Ottersøy	NO	17	1-------	0
NOOYB	Bogøy	NO	18	1-------	0
NOOYG	Øygarden	NO	12	1-------	0
NOPAR	Porsanger	NO	20	1-------	0
NOPOR	Porsgrunn	NO	08	123-----	0
NORAD	Råde	NO	01	1-------	0
NORAF	Rafnes	NO	08	1-------	0
NORAM	Ramsund	NO	18	1-3-----	0
NORAU	Rauma	NO	15	1-------	0
NORAY	Radøy	NO	12	1-------	0
NORBV	Raudbergvika	NO	15	1-------	0
NORDB	Randaberg	NO	11	1-------	0
NORDY	Rødøy	NO	18	1-------	0
NOREE	Re	NO	07	1-------	0
NOREK	Rekefjord	NO	11	1-3-----	0
NOREN	Rennesøy	NO	11	1-------	0
NOREP	Repparfjord	NO	20	1-------	0
NORES	Raunes - Vindafjord	NO	11	1-------	0
NORET	Røst	NO	18	1--4----	0
NORFJ	Reinfjord	NO	19	1-------	0
NORIS	Risør	NO	09	1-3-----	0
NORIV	Risavika	NO	11	1-------	0
NORMB	Ramberg	NO	18	1-------	0
NORMV	Ramsvika	NO	15	1-------	0
NORNA	Rana	NO	18	1-------	0
NOROA	Roan	NO	16	1-------	0
NOROG	Rognan	NO	18	123-----	0
NOROM	Gjerdsvika	NO	15	1-3-----	0
NOROV	Rovde	NO	15	1-------	0
NOROY	Snarøya	NO	02	12---6--	0
NORPV	Repvåg	NO	20	1-3-----	0
NORSD	Raudsand	NO	15	1-3-----	0
NORSH	Risøyhamn	NO	18	1-3-----	0
NORSS	Rissa	NO	16	1-3-----	0
NORTL	Rutledal	NO	14	1-------	0
NORUB	Rubbestadneset	NO	12	1-3-----	0
NORUN	Runde	NO	15	1-------	0
NORVK	Rørvik	NO	17	1-34-6--	0
NORYF	Rypefjord	NO	20	1-3-----	0
NOSAA	Skaland	NO	19	1-------	0
NOSAC	Salangsverket	NO	19	1-------	0
NOSAF	Sandeid	NO	11	1-------	0
NOSAG	Vormedal	NO	11	1-3-----	0
NOSAI	Sandviksberget	NO	16	1-------	0
NOSAK	Stakkvik	NO	19	1-------	0
NOSAL	Salangen	NO	19	1-------	0
NOSAM	Samnanger	NO	12	1-------	0
NOSAN	Skaun	NO	16	1-------	0
NOSAS	Sandnes	NO	11	123-----	0
NOSAT	Salten	NO	18	1-3-----	0
NOSAU	Sauda	NO	11	1-3-----	0
NOSAX	Sand	NO	11	1-------	0
NOSAY	Sandøya	NO	15	1-------	0
NOSBA	Stord base	NO	12	1-------	0
NOSBT	Botn - Sandnessjøen	NO	18	1-------	0
NOSBU	Salsbruket	NO	17	1-------	0
NOSDI	Sandvika	NO	02	1-------	0
NOSDL	Saltdal	NO	18	1-------	0
NOSDT	Stadlandet	NO	14	1-------	0
NOSDZ	Stordal	NO	15	1-3-----	0
NOSEI	Skånevik	NO	12	1-------	0
NOSEJ	Seljeli	NO	18	1-------	0
NOSEV	Selva	NO	16	1-------	0
NOSGJ	Straumsgjerde	NO	15	1-3-----	0
NOSGT	Skorgeneset	NO	15	1-------	0
NOSHT	Stanghelle	NO	12	1-------	0
NOSID	Sævareid	NO	12	1-------	0
NOSIH	Siholmen	NO	16	1-------	0
NOSIP	Skipavik - Gulen	NO	12	1-------	0
NOSIS	Sunde	NO	12	1-3-----	0
NOSJE	Selje	NO	14	1-------	0
NOSJH	Senjahopen	NO	19	1-3-----	0
NOSJO	Sjøholt	NO	15	1-3-----	0
NOSJU	Sjursøja/Oslo	NO	03	1-3-----	0
NOSJV	Sjøvegan	NO	19	1-------	0
NOSKB	Skibotn	NO	19	1-3-----	0
NOSKE	Skien	NO	08	1234----	0
NOSKF	Skiftun	NO	11	1-------	0
NOSKH	Skjærhalden	NO	01	1-------	0
NOSKI	Skjerkøya	NO	08	1-------	0
NOSKK	Stokksund	NO	16	1-3-----	0
NOSKL	Skånland	NO	19	1-------	0
NOSKN	Stokmarknes	NO	18	1-34----	0
NOSKO	Skodje	NO	15	1-------	0
NOSKU	Skudeneshavn	NO	11	1-3-----	0
NOSKV	Skålevik	NO	12	1-3-----	0
NOSKX	Skogn	NO	17	123-----	0
NOSKY	Skjervøy	NO	19	1-------	0
NOSKZ	Skarsvåg	NO	20	1-------	0
NOSLD	Solund	NO	14	1-------	0
NOSLG	Slagentangen	NO	07	1-3-----	0
NOSLH	Salthella	NO	12	1-------	0
NOSLM	Slemmestad	NO	06	1-3-----	0
NOSLN	Skjolden	NO	14	1-3-----	0
NOSLV	Sløvåg	NO	14	1----6--	0
NOSLX	Sortland	NO	18	1-3-----	0
NOSMN	Sømna	NO	18	1-------	0
NOSMO	Smøla	NO	15	1-------	0
NOSND	Sund	NO	12	1-------	0
NOSNE	Søgne	NO	10	1-------	0
NOSNF	Snefjord	NO	20	1-------	0
NOSNI	Snillfjord	NO	16	1-------	0
NOSNL	Standal	NO	15	1-------	0
NOSNS	Steinesjøen	NO	18	1-------	0
NOSNV	Snekkevik	NO	08	1-------	0
NOSOF	Sørfold	NO	18	1-------	0
NOSOG	Sogndal	NO	14	1--4----	0
NOSOJ	Sørkjosen	NO	19	1-34----	0
NOSOK	Sokndal	NO	11	1-------	0
NOSOR	Sørarnoy	NO	18	1-------	0
NOSOS	Svolvær Osan	NO	18	1-------	0
NOSOV	Sövik	NO	15	1-3-----	0
NOSOY	Storøya	NO	11	1-------	0
NOSPG	Sarpsborg	NO	01	123-----	0
NOSPK	Skipavik	NO	12	1-------	0
NOSPV	Spjelkavik	NO	15	1-3-----	0
NOSRA	Sørreisa	NO	19	1-------	0
NOSRD	Sigerfjord	NO	18	1-3-----	0
NOSRH	Skarholmen	NO	12	1-------	0
NOSRK	Skrolsvik	NO	19	1-------	0
NOSRM	Straumsnes	NO	18	1-3-----	0
NOSRN	Stranda	NO	15	1-3-----	0
NOSRO	Skrova	NO	18	1-3-----	0
NOSRP	Stord	NO	12	1--4----	0
NOSRS	Storesund	NO	11	1-------	0
NOSRV	Sirevåg	NO	11	123-----	0
NOSRX	Sotra	NO	12	1-3-----	0
NOSSJ	Sandnessjøen	NO	18	1-34----	0
NOSSO	Straumsjøen	NO	18	1-------	0
NOSSS	Sistranda	NO	16	1-------	0
NOSTA	Stathelle	NO	08	1-3-----	0
NOSTB	Storebø	NO	12	1-------	0
NOSTD	Strand	NO	11	1-------	0
NOSTE	Steinkjer	NO	17	123-----	0
NOSTF	Storfjord	NO	19	1-------	0
NOSTG	Steigen	NO	18	1-------	0
NOSTH	Steinshamn	NO	15	1-3-----	0
NOSTI	Steinvig	NO	11	1-------	0
NOSTJ	Stjørdal	NO	17	1234----	0
NOSTK	Stokke	NO	07	1-------	0
NOSTO	Stokkvågen	NO	18	1-------	0
NOSTR	Stryn	NO	14	1-3-----	0
NOSTU	Stura	NO	12	1-------	0
NOSTV	Stavern	NO	07	1-3-----	0
NOSTX	Stø	NO	18	1-------	0
NOSTY	Stjernøya	NO	20	1-------	0
NOSTZ	Stranda - Frøya	NO	16	1-------	0
NOSUA	Sula	NO	15	1-------	0
NOSUL	Suldal	NO	11	1-------	0
NOSUN	Sunndalsøra	NO	15	1-3-----	0
NOSUR	Surnadal	NO	15	1-3-----	0
NOSUS	Susort	NO	11	1-------	0
NOSUZ	Stamsund	NO	18	1-3-----	0
NOSVB	Svartebukt	NO	07	1-------	0
NOSVE	Svelgen	NO	14	1-3-----	0
NOSVG	Stavanger	NO	11	1234----	0
NOSVI	Ørnes	NO	18	1-3--6--	0
NOSVJ	Svolvær	NO	18	1-34----	0
NOSVL	Sævlandsvik	NO	11	1-------	0
NOSVO	Sveio	NO	12	1-------	0
NOSVR	Sørvær	NO	20	1-3-----	0
NOSVT	Stavneset - Rissa	NO	16	1-------	0
NOSVV	Svelvik	NO	07	1-3-----	0
NOSYK	Sykkylven	NO	15	1-3-----	0
NOT8N	Oteren	NO	19	1----6--	0
NOTAA	Tana	NO	20	1-------	0
NOTAE	Tananger	NO	11	1-3-----	0
NOTAL	Tælavåg	NO	12	1-------	0
NOTAU	Tau	NO	11	1-3-----	0
NOTAV	Torangsvåg	NO	12	1-------	0
NOTBO	Tjeldbergodden	NO	15	1-------	0
NOTIN	Tingvoll	NO	15	1-------	0
NOTJL	Tjøtta	NO	18	1-------	0
NOTJO	Tjøme	NO	07	1-------	0
NOTJR	Tjørvåg	NO	15	1-3-----	0
NOTJS	Tjeldsund	NO	18	1-------	0
NOTJU	Torjulvågen	NO	15	1-------	0
NOTMV	Tromvik	NO	19	1-3-----	0
NOTNN	Tonnes	NO	18	1-------	0
NOTOF	Tofte - Hurum	NO	06	1-3-----	0
NOTOM	Tomrefjord	NO	15	1-3-----	0
NOTON	Tønsberg	NO	07	123-----	0
NOTOR	Torsken	NO	19	1-------	0
NOTOS	Tromsø	NO	19	1-34----	0
NOTOV	Tovik	NO	19	1-3-----	0
NOTOY	Thorøya	NO	07	1-3-----	0
NOTRD	Trondheim	NO	16	1234----	0
NOTRF	Sandefjord	NO	07	1234----	0
NOTRN	Træna	NO	18	1-------	0
NOTRO	Trollåsen	NO	02	123-----	0
NOTRY	Tranøy	NO	19	1-------	0
NOTSB	Tyssebotn	NO	12	1-------	0
NOTSX	Tyssedal	NO	12	1-3-----	0
NOTUF	Tufjorden	NO	20	1-------	0
NOTUS	Tustna	NO	15	1-------	1
NOTVA	Torsvåg	NO	19	1-------	0
NOTVE	Tvedestrand	NO	09	1-3-----	0
NOTVI	Torvika	NO	15	1-------	0
NOTYF	Tysfjord	NO	18	1-------	0
NOTYN	Tysnes	NO	12	1-------	0
NOTYT	Tytebærvika	NO	19	1-------	0
NOTYV	Tysvær	NO	11	1-------	0
NOUBO	Uløybukt	NO	19	1-------	0
NOULE	Ulstein	NO	15	1-------	0
NOULL	Ullensvang	NO	12	1-------	0
NOULS	Ulsteinvik	NO	15	1-3-----	0
NOUME	Straume	NO	12	1-------	0
NOUND	Sund - Karmøy	NO	11	1-------	0
NOUSD	Uskedalen	NO	12	1-3-----	0
NOUTG	Utgårdskilen	NO	01	1-------	0
NOUTH	Uthaug	NO	16	1-3-----	0
NOUTN	Utne	NO	12	1-3-----	0
NOUTS	Utsira	NO	11	1-------	0
NOUTV	Utvorda	NO	17	1-------	0
NOUVK	Ulvik	NO	12	1-------	0
NOVAD	Valldal	NO	15	1-------	0
NOVAE	Valsneset	NO	16	1-------	0
NOVAG	Valevåg	NO	12	1-3-----	0
NOVAK	Vaksdal	NO	12	123-----	0
NOVAL	Valløy	NO	07	1-------	0
NOVAN	Vanvikan-Leksvik	NO	17	1-3-----	0
NOVAO	Vardø	NO	20	1-34----	0
NOVAY	Vanylven	NO	15	1-------	0
NOVBE	Valberg	NO	08	1-------	0
NOVDA	Volda	NO	15	1-3-----	0
NOVDL	Vistdal	NO	15	1-------	0
NOVDS	Vadsø	NO	20	1-34----	0
NOVEF	Vefsn	NO	18	1-------	0
NOVEG	Vega	NO	18	1-------	0
NOVEO	Vengsøy	NO	19	1-------	0
NOVER	Verdal	NO	17	123-----	0
NOVEV	Vevelstad	NO	18	1-------	0
NOVEY	Værøy	NO	18	1-------	0
NOVGN	Vågan	NO	18	1-------	0
NOVGY	Vågsøy	NO	14	1-------	0
NOVHM	Vadheim	NO	14	1-------	0
NOVHN	Vikholmen	NO	18	1-------	0
NOVIF	Vindafjord	NO	11	1-------	0
NOVIL	Vikedal	NO	11	1-------	0
NOVIS	Vik - Sogn	NO	14	1-3-----	0
NOVKK	Vikkilen	NO	09	1-------	0
NOVKN	Vikna	NO	17	1-------	0
NOVLL	Voll	NO	11	1-3-----	0
NOVLS	Vallersund	NO	16	1-------	0
NOVMD	Vedavågen	NO	11	1-3-----	0
NOVNJ	Vinjeøra	NO	16	1-------	0
NOVNN	Vannavalen	NO	19	1-------	0
NOVNS	Vingsand	NO	16	1-------	0
NOVOH	Vågaholmen	NO	18	1-------	0
NOVRR	Verran	NO	17	1-------	0
NOVSM	Vikan - Smøla	NO	15	1-3-----	0
NOVSN	Visnes - Eide	NO	15	1-------	0
NOVST	Vestnes	NO	15	1-3-----	0
NOVTL	Vartdal	NO	15	1-3-----	0
NOVTS	Vats	NO	11	1-------	0
NOVVG	Vågsvåg	NO	14	1-3-----	0
NOVVY	Vestvågøy	NO	18	1-------	0
NOYTO	Ytrøy	NO	14	1-------	0
NOZNJ	Nusfjord	NO	18	1-------	0
NPLLU	Nawalparasi	NP	LU	1----6--	0
NRINU	Nauru Island	NR		1--45---	0
NUALO	Alofi	NU		1-------	0
NUIUE	Niue Island	NU		1--45---	0
NZAKA	Akaroa	NZ	CAN	1-------	0
NZAKL	Auckland	NZ	AUK	12345---	0
NZBLU	Bluff	NZ	STL	123-----	0
NZBUW	Burnham Wharf	NZ	WGN	1-------	0
NZCSA	Chelsea	NZ	AUK	1-3-----	0
NZDEV	Devonport	NZ	AUK	1-------	0
NZDPC	Deep Cove	NZ	STL	1-------	0
NZGIS	Gisborne	NZ	GIS	1-34----	0
NZGLE	Glenavy	NZ	CAN	1-------	0
NZGMN	Greymouth	NZ	WTC	1-34----	0
NZHMB	Tamaki	NZ	AUK	1-------	0
NZKAU	Kauri Point	NZ	AUK	1-3-----	0
NZKBZ	Kaikoura	NZ	CAN	1-34----	0
NZLYT	Lyttelton	NZ	CAN	1-3-----	0
NZMAB	Matiatia Bay	NZ	AUK	1-------	0
NZMAP	Marsden Point	NZ	NTL	1-3-----	0
NZMFN	Milford Sound	NZ	STL	1-3-----	0
NZNPE	Napier	NZ	HKB	1--4----	0
NZNPL	New Plymouth	NZ	TKI	1-34----	0
NZNSN	Nelson	NZ	NSN	1-34----	0
NZOLT	Rolleston	NZ	CAN	1----6--	0
NZONE	Onehunga (Manukau Harbour)	NZ	AUK	1-------	0
NZOPX	Opua	NZ	NTL	1-------	0
NZORR	Otago Harbour	NZ	OTA	1-------	0
NZOTT	Otematata	NZ	CAN	1----6--	0
NZPCN	Picton	NZ	MBH	1--4----	0
NZPOE	Port Chalmers	NZ	OTA	1-------	0
NZPON	Port Nelson	NZ		1----6--	0
NZPOR	Portland	NZ	NTL	1-3-----	0
NZRAV	Ravensbourne	NZ	OTA	123-----	0
NZRUS	Russel	NZ	NTL	1-3-----	0
NZSEA	Seaview	NZ	WGN	123--6--	0
NZSHB	Shelly Bay	NZ	WGN	1-3-----	0
NZTAK	Takapuna	NZ	AUK	1-3--6--	0
NZTHH	Taharoa	NZ	WKO	1-34----	0
NZTIU	Timaru	NZ	CAN	1234----	0
NZTKH	Tarakohe	NZ	TAS	1-------	0
NZTRG	Tauranga	NZ	BOP	1234----	0
NZTRY	Tryphena	NZ	AUK	1-------	0
NZTWI	Tiwai Point-Bluff Port	NZ	STL	1-3-----	0
NZWAG	Wanganui	NZ	MWT	1-34----	0
NZWHN	Whangaparapara	NZ	AUK	1-------	0
NZWHR	Whangaroa	NZ	NTL	1-3-----	0
NZWKE	Waiheke Island	NZ	AUK	1-3--6--	0
NZWLG	Wellington	NZ	WGN	1234----	0
NZWRE	Whangarei	NZ	NTL	1-34----	0
NZWSZ	Westport	NZ	WTC	1-34----	0
NZWTG	Waitangi	NZ	NTL	1-------	0
OMDQM	Duqm	OM	WU	1-3-----	0
OMFAH	Fahal	OM	MA	1-------	0
OMMCT	Muscat	OM	MA	1--45---	0
OMMFH	Mina' al Fahl	OM	MA	1-------	0
OMMNH	Al Mudayq	OM	BS	1-34----	0
OMMUT	Muthra	OM		1-------	0
OMOFC	Sur	OM	SJ	1-------	0
OMOPQ	Port Qaboos	OM		1-------	0
OMQAL	Qalhat	OM	SH	1-3-----	0
OMQUO	Quoin Island	OM		1-------	0
OMRAY	Raysut	OM		1-------	0
OMSHI	Shinas	OM	BS	1-------	0
OMSLL	Salalah	OM		1--4----	0
OMSOH	Sohar	OM		1-------	0
OMSTQ	Mina Sultan Qaboos, Muscat	OM		1-3-----	0
OMSUL	Port Sultan	OM		1-------	0
OMSUW	Al-Suwaiq	OM	BJ	1-------	0
PAACO	Ancon	PA	8	1-3-----	0
PAAGD	Aguadulce	PA		1-------	0
PAAML	Puerto Armuelles	PA	4	1--4----	0
PABAY	Bayano	PA	7	1-3-----	0
PABCC	Boca Chica	PA	4	1-3-----	0
PABLB	Balboa	PA		1-------	0
PABOC	Bocas del Toro	PA	1	1-34----	0
PACHA	Charco Azul	PA		1-------	0
PACHG	Chiriquí Grande	PA		1-3-----	0
PACTB	Cristóbal	PA	3	1-------	0
PACTD	Chitre	PA	6	1--4----	0
PACZZ	Cañazas	PA		1-3--6--	0
PAELE	El Real	PA		1--4----	0
PAG8L	Gualaca	PA	4	1-------	0
PAGBA	Gamboa	PA		1-------	0
PAGDE	Río Grande	PA	10	1-3--6--	0
PAGTN	Gatun	PA		1-------	0
PAHER	Herrera	PA	7	1----6--	0
PAMEL	Melones	PA	8	1-------	1
PAMFS	Miraflores	PA		1-------	0
PAMIT	Manzanillo	PA		123-----	0
PAMNP	Las Minas	PA	6	1-------	0
PAONX	Colón	PA	3	1-345---	0
PAPAI	Paraiso	PA		1-------	0
PAPAM	Almirante	PA		1-------	0
PAPAY	Payardi	PA		1-------	0
PAPBE	Portobelo	PA	3	1-3-----	0
PAPBM	Bahía Las Minas	PA	3	1-------	0
PAPCA	Puerto Caimito	PA	9	1-3--6--	0
PAPED	Pedregal	PA	4	1-3-----	0
PAPES	Pesé	PA	6	1-3-----	0
PAPLP	La Palma	PA	5	1--4----	0
PAPTY	Panamá, Ciudad de	PA	8	1-345---	0
PAROD	Rodman	PA	8	1-------	0
PASCL	Santa Clara	PA		1-3-----	0
PATBG	Taboguilla	PA		1-------	0
PATOC	Tocumen	PA	8	1----6--	0
PAVAC	Vacamonte	PA	8	1-3-----	0
PEANC	Ancón	PE	LIM	1-------	0
PEATI	Atico	PE		1-------	0
PEBAR	San Bartolo	PE	LIM	1----6--	0
PECAB	Cabo Blanco	PE		1-------	0
PECHM	Chimbote	PE		1--4----	0
PECHY	Chancay	PE	LIM	123-----	0
PECLL	Callao	PE	LMA	1-3-----	0
PECON	Conchán	PE		1-3--6--	0
PEEEN	Etén	PE		1-------	0
PEGSM	General San Martin	PE		1-------	0
PEHCO	Huacho	PE		1-------	0
PEHUY	Huarmey	PE		1-------	0
PEILQ	Ilo	PE	MOQ	1-34----	0
PEIQT	Iquitos	PE		1--4----	0
PELAG	Lagunas	PE	LOR	1-------	0
PELIM	Lima	PE	LMA	1-345---	0
PELOB	Lobitos	PE		1-------	0
PELOO	Los Organos	PE		1-------	0
PELPP	La Pampilla	PE		1-------	0
PEMLQ	Mollendo	PE		1--4----	0
PEMRI	Matarani	PE		1-------	0
PENGS	Negritos	PE		1-------	0
PEPAC	Pacasmayo	PE		1-------	0
PEPAI	Paita	PE		1-------	0
PEPAM	Paramonga	PE		1-------	0
PEPCH	Puerto Chicama	PE		1-------	0
PEPCL	Pucallpa	PE		1--4----	0
PEPEM	Puerto Maldonado	PE	MDD	1-34----	0
PEPIO	Pisco	PE		1--4----	0
PEPLO	Punta Lobitos	PE	ANC	1-------	0
PEPMC	Pampa Melchorita	PE	LIM	1-------	0
PEPMT	Pimentel	PE		1-------	0
PEPUB	Bayovar	PE	PIU	1-------	0
PEPUN	Puno	PE		1-------	0
PESJA	San Juan	PE	ICA	12-4----	0
PESNX	San Nicolas	PE	ICA	1-3-----	0
PESUP	Supe	PE		1-------	0
PESVY	Salaverry	PE		1-------	0
PETAG	Tambo Grande	PE		1-3-----	0
PETDM	Tambo de Mora	PE	CUS	1-------	0
PETRU	Trujillo	PE		1--4----	0
PETYL	Talara	PE		1--4----	0
PEYMS	Yurimaguas	PE		1--4----	0
PFAHU	Ahurei	PF		1-------	0
PFAUT	Auti	PF		1-------	0
PFBOB	Bora Bora	PF		1--4----	0
PFFAT	Fatu Hiva	PF		1-------	0
PFHHT	Hereheretue	PF		1-------	0
PFHIT	Hitia'a	PF		1-3-----	0
PFIKI	Ikitake	PF		1-------	0
PFMOE	Moerai	PF		1-------	0
PFNHV	Nuku Hiva	PF		1--4----	0
PFOTP	Otepa	PF		1-------	0
PFPPT	Papeete	PF		1-345---	0
PFRFP	Raiatea	PF		1--4----	0
PFRVV	Raivavae	PF		1-------	0
PFTAI	Taiohae	PF		1-3-----	0
PFTUP	Niau	PF		1-------	0
PFVAI	Vaitape	PF		1-------	0
PGABW	Abau	PG		1--4----	0
PGAHO	Ahioma	PG		1-------	0
PGAIA	Aiambak	PG	WPD	1-------	0
PGAKI	Akinum	PG		1-------	0
PGALC	Alcester Island	PG	MBA	1-------	0
PGAMI	Amio	PG	EBR	1-------	0
PGANB	Anewa Bay	PG	NSB	1-------	0
PGATN	Namatanai	PG		1--4----	0
PGBNA	Buna	PG		1-------	0
PGBOI	Boigu Island	PG	WPD	1-------	0
PGBOR	Boroko	PG		1---5---	0
PGBUA	Buka	PG		1--4----	0
PGCAU	Caution Bay	PG	CPM	1-------	0
PGCFG	Conflict Group	PG	MBA	1-------	0
PGDAU	Daru	PG		1--4----	0
PGDBL	Deboyne Lagoon	PG	MBA	1-------	0
PGFIN	Finschhafen	PG		1--4----	0
PGFUB	Fulleborn	PG		1--4----	0
PGGAW	Gawa Island	PG	MBA	1-------	0
PGGEI	Green Islands	PG		1--4----	0
PGGIL	Gilau	PG		1-------	0
PGGMI	Gasmata Island	PG		1--4----	0
PGGUR	Alotau	PG		1--4----	0
PGHKN	Hoskins	PG		1--4----	0
PGKAI	Kaibola	PG	MBA	1-------	0
PGKIE	Kieta	PG		1--4----	0
PGKIM	Kimbe	PG		1-------	0
PGKLO	Kalo	PG		1-------	0
PGKMA	Kerema	PG		1--4----	0
PGKOP	Kopi	PG	GPK	1-------	0
PGKPP	Kakapo	PG		1-------	0
PGKRK	Kairuku	PG	CPM	1-3-----	0
PGKRX	Karkar Is	PG		1-34----	0
PGKUL	Kumul	PG		1-----7-	0
PGKVG	Kavieng	PG		1--4----	0
PGLAE	Lae	PG		1--4----	0
PGLAK	Lakuramau	PG	NIK	1-------	0
PGLAM	Lambom Island	PG	NIK	1-------	0
PGLDT	Londolovit	PG		1-3-----	0
PGLLA	Laughlan Atoll	PG	MBA	1-------	0
PGLNV	Lihir Island	PG		1--4----	0
PGLOL	Loloho	PG		1-------	0
PGLOM	Lombrum	PG	MRL	1-------	0
PGLOR	Lorengau, Manus Island	PG		1-------	0
PGMAG	Madang	PG	MPM	1--4----	0
PGMAM	Manam Island	PG		1-------	0
PGMIE	Mielelek	PG		1-------	0
PGMIS	Misima Island	PG		1--4----	0
PGMTK	Motukea Island	PG	NCD	1-------	0
PGNAP	Napa Napa	PG	NCD	1-------	0
PGPDO	Pondo Harbour	PG	EBR	1-------	0
PGPOM	Port Moresby	PG		1--4----	0
PGRAB	Rabaul	PG		1--4----	0
PGRAM	Rambutyo Island	PG		1-------	0
PGRKU	Yule Island	PG		1--4----	0
PGRNR	Robinson River	PG		1--4----	0
PGROR	Orobay	PG		1-------	0
PGRVI	Russel Island	PG		1-------	0
PGSAI	Saibai	PG	WPD	1-------	0
PGSCH	Schauten	PG		1-------	0
PGSMU	Salamaua	PG		1-------	0
PGSOI	Sokar Island	PG		1-------	0
PGSPL	Sipul	PG		1-------	0
PGSQT	Samarai	PG		1--4----	0
PGTAI	Tambutyo Island	PG		1-------	0
PGTAM	Tambanum	PG	ESW	1-------	0
PGTAU	Taugu Island	PG		1-------	0
PGTFI	Tufi	PG		1--4----	0
PGTGL	Tagula	PG		1--4----	0
PGTLW	Talasea	PG		1--4----	0
PGTMI	Tami Island	PG	MPL	1-------	0
PGTOI	Tolokiwa Island	PG		1-------	0
PGULA	Ulamona	PG	WBK	1-------	0
PGUNG	Kiunga	PG		1--4----	0
PGVAI	Vanimo	PG		1--4----	0
PGVLA	Vailala	PG	GPK	1-3-----	0
PGWAT	Watabung	PG	EHG	1-3-----	0
PGWOK	Woodlark	PG		1-------	0
PGWWK	Wewak	PG		1--4----	0
PGYEN	Yentchan	PG	ESW	1-------	0
PHABU	Abulug	PH	CAG	1-------	0
PHADL	Adlay/Bislig	PH	SUR	1-3-----	0
PHAHE	Aheron/Ozamis	PH		1-------	0
PHAJU	Ajuy	PH	ILI	1-------	0
PHALA	Alasang/Siain	PH		1-------	0
PHALB	Albuera	PH	LEY	1-------	0
PHALC	Alcoy	PH	CEB	1-3-----	0
PHALE	Aleran/Ozamis	PH		1-------	0
PHAMU	Amunitan/Aparri	PH	CAG	1-------	0
PHANA	Anakan/Masao	PH		1-------	0
PHANT	Antipolo	PH	APA	1-------	0
PHAPR	Aparri, Luzon	PH		1-------	0
PHAQE	Hamtic	PH	ANT	1-3-----	0
PHARA	Aras Asan/Bislig	PH	SUR	1-3-----	0
PHAST	Astorga	PH	DAS	1-------	0
PHATI	Atimonan/Siain	PH	QUE	1-------	0
PHAYG	Ayungon	PH	NER	1-3-----	0
PHBAB	Babato/Dadiangas	PH		1-------	0
PHBAC	Bacong	PH	NER	1-------	0
PHBAG	Baguio	PH		1--4----	0
PHBAI	Bais/Dumaguete	PH		1-------	0
PHBAL	Balaboe	PH		1-------	0
PHBAS	Basiauang/Dadiangas	PH		1-------	0
PHBAT	Batonbaton	PH	PLW	1-------	0
PHBAU	Bauan/Batangas	PH	BTG	1-------	0
PHBCD	Bacolod, Negros	PH		1--4----	0
PHBCO	Bacon/Legaspi	PH		1-------	0
PHBCT	Isabela, Basilan	PH	BAS	1-3-----	0
PHBCU	Baculin/Mati	PH		1-------	0
PHBGC	Bagac	PH		1-------	0
PHBGI	Bagui Bay/San Fernando	PH		1-------	0
PHBGR	Bucar Grande/Suriagao	PH		1-------	0
PHBGS	Balingasag	PH		1-3-----	0
PHBGV	Borongan	PH		1-------	0
PHBIN	Biñan	PH	LAG	1-3-----	0
PHBIY	Biyawa/Davao	PH		1-------	0
PHBLA	Balanga/Batan	PH		1-------	0
PHBLC	Balabac, Palawan	PH	PLW	1-3-----	0
PHBLG	Balogo/Batangas	PH		1-------	0
PHBLN	Balengan/Siain	PH		1-------	0
PHBLP	Bolos Point/Aparri	PH		1-------	0
PHBLT	Balintang/Puerto Princesa	PH		1-------	0
PHBLU	Balumo/Zamboanga	PH		1-------	0
PHBNG	Bauang	PH	LUN	123-----	0
PHBNQ	Baganga/Mati	PH		1--4----	0
PHBNW	Banawan/Dadiangas	PH		1-------	0
PHBOA	Boac, Marinduque	PH	MAD	1-------	0
PHBOG	Bogo	PH		1-3-----	0
PHBOR	Boracay	PH	ROM	1-------	0
PHBOS	Boston/Davao	PH	DAO	1-------	0
PHBPH	Bislig, Mindanao	PH		1--4----	0
PHBQA	Baler/Siain	PH		1--4----	0
PHBRB	Barobo/Bislig	PH	SUR	1-3-----	0
PHBRP	Brookes Point, Palawan	PH	PLW	1-3-----	0
PHBRT	Barton/Puerto Princesa	PH		1-------	0
PHBSO	Basco	PH	BTN	1--4----	0
PHBSY	Basey/Catbalogan	PH		1-------	0
PHBTG	Batangas/Luzon	PH	BTG	1-3--6--	0
PHBTN	Bataan, Mariveles	PH		1-------	0
PHBTS	Batarasa/Puerto Princesa	PH		1-------	0
PHBTY	Bantayon/San Jose	PH		1-------	0
PHBUD	Budbud/Davao	PH		1-------	0
PHBUG	Bugo	PH		1-------	0
PHBUL	Bulan, Luzon	PH		1-------	0
PHBUR	Burdeos, Polillo Isl	PH	QUE	1-3-----	0
PHBXU	Butuan Bay/Masao	PH		1--4----	0
PHBYB	Baybay/Tacloban	PH		1-------	0
PHBYP	Bayang Point	PH		1-------	0
PHBYS	Bayabas/Bislig	PH		1-------	0
PHBYW	Bayawan/Dumaguete	PH		1-------	0
PHCAB	Cabugao Bay/Legaspi	PH		1-------	0
PHCAJ	Cajidiocan, Visayan Isl	PH	ROM	1-3-----	0
PHCAM	Camarines Norte/Jose Panganiban	PH		1-------	0
PHCAZ	Cadiz	PH		1-------	0
PHCBO	Cotabato, Mindanao	PH		1--4----	0
PHCBY	Calbayog, Samar	PH		1-3-----	0
PHCCG	Calag-Calag/Dumaguete	PH		1-------	0
PHCDB	Caldera Bay/Zamboanga	PH		1-------	0
PHCDN	Cagdianao	PH	SUN	1-------	0
PHCEB	Cebu	PH		1--4----	0
PHCGG	Casiguran/Siain	PH		1--4----	0
PHCGI	Corregidor Island	PH	BAN	1-------	0
PHCGM	Camiguin Island/Aparri	PH		1--4----	0
PHCGP	Calug Point/Zamboanga	PH		1-------	0
PHCGT	Calaguitan/Tacloban	PH		1-------	0
PHCGY	Cagayan de Oro, Mindanao	PH		1--4----	0
PHCLP	Calapan/Batangas	PH		1-------	0
PHCLV	Claveria/Aparri	PH		1-------	0
PHCML	Camalagawan/Aparri	PH		1-------	0
PHCMO	Currimao	PH		1-------	0
PHCNT	Cantilan/Surigao	PH		1-------	0
PHCNY	Canaybon/Catbalogan	PH		1-------	0
PHCPC	Capoocan	PH	LEY	1-------	0
PHCPL	Capalonga/Siain	PH		1-------	0
PHCRA	Carigara	PH	LEY	1-------	0
PHCRG	Caraga/Mati	PH		1-------	0
PHCSB	Casul Bay/Ozamis	PH		1-------	0
PHCSI	Culasi	PH		1-3-----	0
PHCST	Castañas	PH		1-3-----	0
PHCTB	Catamon Bay/Iloilo	PH		1-------	0
PHCTS	Catbalogan, Samar	PH		1-------	0
PHCUG	Calubian, Leyte	PH	LEY	1-3-----	0
PHCUJ	Culion	PH		1-------	0
PHCUN	Catanauan	PH		1-------	0
PHCUR	Curuan/Zamboanga	PH		1-------	0
PHCVE	Cavite, Luzon	PH		1-------	0
PHCWY	Calowayan/Catabalogan	PH		1-------	0
PHDCB	Dahikan Bay	PH		1-------	0
PHDDW	Dinadiawan/Aparri	PH		1-------	0
PHDGL	Dingalan/Siain	PH		1-------	0
PHDGT	Dumaguete	PH		1--4----	0
PHDIC	Diculum/Zamboanga	PH		1-------	0
PHDID	Didadongan/Aparri	PH		1-------	0
PHDIO	Diotorin/Siain	PH		1-------	0
PHDIR	Dirgalan	PH		1-------	0
PHDIV	Divilacan/Aparri	PH		1-------	0
PHDNG	Dinagat Island/Surigao	PH		1-------	0
PHDNL	Dinalongan/Siain	PH		1-------	0
PHDNO	Danao	PH		1-3-----	0
PHDPL	Dipolog/Ozamis	PH		1--4----	0
PHDPT	Diapitan/Siain	PH		1-------	0
PHDRB	Diaraboan/Siain	PH		1-------	0
PHDUL	Dulag	PH	LEY	1-------	0
PHDVO	Davao, Mindanao	PH		1--4----	0
PHENI	El Nido/Puerto Princesa	PH		1-34----	0
PHGAC	Gachitorena/Jose Panganiban	PH		1-------	0
PHGAS	Gasan	PH		1-------	0
PHGES	General Santos	PH		1-34----	0
PHGGG	Gigaquit, Mindanao	PH	SUN	1-3-----	0
PHGGM	Gigmoto, Catanduanes	PH	CAT	1-3-----	0
PHGHE	Garcia Hernandez	PH	BOH	1-------	0
PHGHG	Guihulngan	PH	NER	1-------	0
PHGIN	Gingoog/Masao	PH		1-------	0
PHGMS	Guimaras/Iloilo	PH		1-------	0
PHGNI	General Island/Bislig	PH		1-------	0
PHGUN	Guiuan	PH	EAS	1-------	0
PHHIJ	Hijo Wharf/Davao	PH		1-------	0
PHHIL	Hilongos	PH	LEY	1-------	0
PHHIM	Himamaylan, Negros	PH	NEC	1-3-----	0
PHHMH	Homonhon	PH	EAS	1-3-----	0
PHHNB	Hinobaan/Iloilo	PH		1-------	0
PHHNG	Hinigaran/Iloilo	PH		1-------	0
PHHNT	Hinatuan/Bislig	PH		1-------	0
PHHON	Hondagua/Siain	PH		1-------	0
PHHOO	Hook Bay/Siain	PH		1-------	0
PHHYB	Hagnava Bay	PH		1-------	0
PHIGN	Iligan, Mindanao	PH		1--4----	0
PHILO	Iloilo, Panay	PH		1--4----	1
PHINP	Inampulugan Island	PH		1-------	0
PHIPE	Ipil/Zamboanga	PH		1--4----	0
PHIRN	Port Irene	PH	CAG	1-------	0
PHISL	Isabel	PH		1-------	0
PHJAG	Jagna	PH		1-------	0
PHJAS	Jasaan	PH		1-3-----	0
PHJNZ	Jimenez/Ozamis	PH		1-------	0
PHJOL	Jolo	PH		1--4----	0
PHJPM	Jose Panganiban, Luzon	PH		1-------	0
PHKAR	Karomatan/Iligan	PH		1-------	0
PHKAS	Kabasalan/Zamboanga	PH	ZAS	1-------	0
PHKAT	Katipunan/Ozamis	PH		1-------	0
PHKIA	Kiamba/Dadiangas	PH		1-------	0
PHKIL	Kilbay Point/Jose Panganiban	PH		1-------	0
PHKIN	Kinogitan/Iligan	PH		1-------	0
PHKIP	Kipit/Ozamis	PH		1-------	0
PHKIW	Kiwalan/Iligan	PH		1-------	0
PHKLM	Kalamansig	PH	SUK	1-3-----	0
PHKOL	Kolambugan/Iligan	PH		1-------	0
PHKUM	Kumalarang/Zamboanga	PH		1-------	0
PHLAB	Labason/Zamboanga	PH	ZAN	1-------	0
PHLAC	La Carlota	PH	NEC	1-------	0
PHLAG	Lagonoy/Jose Panganiban	PH		1-------	0
PHLAM	Lamit Bay/Jose Panganiban	PH		1-------	0
PHLAN	Lanuza/Bislig	PH		1-------	0
PHLAO	Laoag, Luzon	PH	ILN	1--4----	0
PHLAY	Lagondy River	PH		1-------	0
PHLBK	Lebak	PH	SUK	1-3-----	0
PHLEY	Leyte	PH	LEY	1-------	0
PHLGG	Lingig/Bislig	PH	SUR	1-3-----	0
PHLGP	Legaspi Apt, Luzon	PH		1-34----	0
PHLGU	Laguna	PH		1-------	0
PHLIA	Lianga/Bislig	PH		1-------	0
PHLIB	Libjo/Surigao	PH		1-------	0
PHLIM	Limay/Bataan	PH		1-------	0
PHLIN	Lingayen, Luzon	PH		1-------	0
PHLNA	Larena	PH	SIG	1-------	0
PHLNK	Linik/Dadiangas	PH		1-------	0
PHLNO	Lunao	PH		1-3-----	0
PHLOM	Lomuyon/Dadiangas	PH		1-------	0
PHLOO	Looc Bay/San Jose	PH		1-------	0
PHLOP	Long Point/Puerto Princesa	PH		1-------	0
PHLPA	Lipa	PH		1-------	0
PHLPU	Lapu-Lapu, Cebu	PH		1-3-----	0
PHLPZ	La Paz/Iloilo	PH		1-------	0
PHLRP	La Rap/Jose Panganiban	PH		1-------	0
PHLUC	Lucanin	PH		1-------	0
PHLUG	Lugait	PH		1-3-----	0
PHLUM	Lumasal/Dadiangas	PH		1-------	0
PHLZB	Lazi	PH	SIG	1-3-----	0
PHMAB	Mabini, Mindanao	PH	MSR	1-3-----	0
PHMAC	Matho Cortez/Bislig	PH		1-------	0
PHMAD	Madaum/Davao	PH		1-------	0
PHMAI	Maitum/Dadiangas	PH		1-------	0
PHMAK	Makar/Dadiangas	PH		1-------	0
PHMAS	Masao	PH		1-------	0
PHMBT	Masbate	PH		1--4----	0
PHMCD	Mercedes/Jose Panganiban	PH		1-------	0
PHMCJ	Macojalan/Ozamis	PH		1-------	0
PHMCO	Maco/Davao	PH		1-------	0
PHMDN	Medina	PH		1-3-----	0
PHMGA	Magalona/Iloilo	PH		1-------	0
PHMGB	Magueda Bay/Catbalogan	PH		1-------	0
PHMGD	Mabaguid	PH		1-------	0
PHMGG	Mangogoy/Bislig	PH		1-------	0
PHMGI	Mambagid	PH		1-------	0
PHMHT	Marihatag, Mindanao	PH	SUR	1-3-----	0
PHMIC	Misamis Or./Cagayan de Oro	PH		1-------	0
PHMIL	Milbuk/Dadiangas	PH		1-------	0
PHMIO	Misamis Occ./Ozamis	PH		1-------	0
PHMKC	Makati City	PH	00	1-------	0
PHMLB	Maluso, Basilan	PH	BAS	1-3-----	0
PHMLL	Malalag/Davao	PH		1-------	0
PHMLS	Magellanes/Masao	PH		1-------	0
PHMNI	Manicani	PH	EAS	1-------	0
PHMNL	Manila	PH		1--45---	0
PHMNN	Manila North Harbour	PH		1-3-----	0
PHMNS	Manila South Harbour	PH		1-3-----	0
PHMNT	Muntinlupa City	PH	00	1-3--6--	0
PHMNY	Manay/Mati	PH		1-------	0
PHMON	Monserrat/Mati	PH		1-------	0
PHMOR	Morong/Mariveles	PH		1-------	0
PHMSB	Malasugat Bay/Zamboanga	PH		1-------	0
PHMSC	Masinloc/Sual	PH		1-------	0
PHMSS	Mission/Aparri	PH		1-------	0
PHMSY	Manansalay/Batangas	PH		1-------	0
PHMTA	Matina Aplaya/Davao	PH		1-------	0
PHMTI	Makati	PH	NUV	1-3-----	0
PHMTP	Malatapay	PH	NER	1-------	0
PHMUL	Mulanay/Siain	PH		1-------	0
PHMVS	Mariveles, Luzon	PH		1-------	0
PHMXI	Mati, Mindanao	PH		1--4----	0
PHNAB	Nabulao Bay/Iloilo	PH		1-------	0
PHNAL	Nalungga/Iloilo	PH		1-------	0
PHNAP	Napsan/Puerto Princesa	PH		1-------	0
PHNAR	Naris Point/Puerto Princesa	PH		1-------	0
PHNAS	Nasipit/Masao	PH		1-------	0
PHNGH	Nagh	PH		1-------	0
PHNID	Nido Terminal	PH		1-------	0
PHNON	Nonoc/Surigao Del Norte	PH		1-------	0
PHNOP	Mactan Island Apt	PH		1-34----	0
PHNTO	Nato	PH		1-------	0
PHNUG	Nasugbu, Luzon	PH	BTG	1-------	0
PHODI	Odiongan	PH	ROM	1-------	0
PHOLO	Olongapo	PH		1-------	0
PHOPO	Opol	PH		1-3-----	0
PHORA	Orayuita	PH		1-------	0
PHORC	Ormoc/Tacloban	PH		1--4----	0
PHORL	Oroquieta	PH	MSC	1-------	0
PHORS	Oras	PH	EAS	1-3-----	0
PHOTE	Oteiza/Bislig	PH		1-------	0
PHOZC	Ozamis, Mindanao	PH		1--4----	0
PHPAG	Pagadian/Zamboanga	PH		1--4----	0
PHPAM	Pampanga	PH		1-3-----	0
PHPAN	Panabo	PH	DAV	1-3-----	0
PHPAS	Pasay, Luzon	PH		1-------	0
PHPBA	Port Barton/Palawan	PH		1-------	0
PHPCA	Panacosa/Puerto Princesa	PH		1-------	0
PHPCN	Panacan/Davao	PH		1-------	0
PHPDC	Polanco, Mindanao	PH	ZAN	1-3-----	0
PHPDR	Pacio de Rozas/Batangas	PH		1-------	0
PHPGA	Puerto Galera	PH	MDR	1-------	0
PHPGB	Pagbilao	PH	QUE	1-3-----	0
PHPGT	Pangutaran/Jolo	PH		1-------	0
PHPHD	Port Holland	PH		1-------	0
PHPIN	Pinamalayan/Batangas	PH		1-------	0
PHPIS	Philippines	PH		1-------	0
PHPLA	Plaridel/Ozamis	PH		1-------	0
PHPLB	Palamit Bay/San Jose	PH		1-------	0
PHPLC	Polloc	PH		1-3-----	0
PHPLL	Polillo, Polillo Isl	PH	QUE	1-3-----	0
PHPLP	Palapag/San Jose	PH		1-------	0
PHPLW	Palawan/Ozamis	PH		1-------	0
PHPMT	Pamintayan/Zamboanga	PH		1-------	0
PHPNB	Panabutan/Zamboanga	PH		1-------	0
PHPNN	Paninirongan/Sanjose	PH		1-------	0
PHPNT	Punti/Aparri	PH		1-------	0
PHPPL	Pamplona/Aparri	PH		1-------	0
PHPPP	Pagudpud, Luzon	PH	LUN	1-3-----	0
PHPPS	Puerto Princesa, Palawan	PH		1--4----	0
PHPRA	Parang	PH	MAG	1-3-----	0
PHPRO	Poro/San Fernando	PH		1-------	0
PHPSL	Pasaleng, Luzon	PH	ILN	1-3-----	0
PHPTL	Puntalinao/Mati	PH		1-------	0
PHPUG	Pugad/Bislig	PH		1-------	0
PHPUL	Pulupandan	PH		1-------	0
PHQBI	Quinabigan	PH		1-------	0
PHQBL	Quinablagan/Mati	PH		1-------	0
PHQPT	Quipit Bay/Ozamis	PH		1-------	0
PHQUE	Queson/Siain	PH		1-------	0
PHQUI	Quiddiao/Aparri	PH		1-------	0
PHREA	Real/Siain	PH		1-------	0
PHRLN	Romblon	PH		1-------	0
PHROM	Romblon	PH	ROM	1-------	0
PHRXS	Roxas/Puerto Princesa	PH		1--4----	0
PHSAG	Sagay/Iloilo	PH		1-------	0
PHSAN	Santa Ana/Aparri	PH		1-------	0
PHSAS	Sasa/Davao	PH		1-------	0
PHSAY	Sayao/Batangas	PH		1-------	0
PHSBB	Sabbot/Siain	PH		1-------	0
PHSBG	Sabang	PH	PLW	1-3-----	0
PHSBI	Subic	PH	ZMB	1-3-----	0
PHSBY	Sablayan/Batangas	PH		1-------	0
PHSCA	San Carlos/Dumaguete	PH		1-------	0
PHSCR	Santa Cruz/Sual	PH		1-------	0
PHSCT	Santa Catalina/Dumaguete	PH		1-------	0
PHSDG	Sindangan/Ozamis	PH		1-------	0
PHSFE	San Fernando, Luzon	PH		1--4----	0
PHSFS	Subic Bay	PH		1--4----	0
PHSGD	Sogod/Tacloban	PH		1-------	0
PHSIG	Sigayan/Sultan Naga Dimaporo	PH	LAN	1-3-----	0
PHSIN	Siain, Luzon	PH		1-------	0
PHSIO	San Ignacio/Mati	PH		1-------	0
PHSIR	Siari/Ozamis	PH		1-------	0
PHSIS	San Isidro/Sanjose	PH		1-------	0
PHSIY	Siay/Zamboanga	PH		1-------	0
PHSJI	San Jose Apt, Mindoro	PH	ZAN	1-34----	0
PHSKU	Sultan Kudarat/Dadiangas	PH		1-------	0
PHSLM	Salomague	PH	ILS	1-------	0
PHSLU	Santa Lucia/Puerto Princesa	PH		1-------	0
PHSMA	Santa Maria/Zamboanga	PH		1-------	0
PHSMR	Semirara	PH	ANT	1-3-----	0
PHSNG	Sangi/Cebu	PH		1-------	0
PHSNI	Santa Nino	PH		1-------	0
PHSOR	Sorsogon/Legaspi	PH		1-------	0
PHSPQ	San Pio Quinto/Aparri	PH		1-------	0
PHSTE	San Teodoro/Batangas	PH		1-------	0
PHSUA	Sual	PH		1-------	0
PHSUG	Surigao, Mindanao	PH		1--4----	0
PHTAC	Tacloban, Leyte	PH		1--4----	0
PHTAG	Tagbilaran, Bohol	PH		1--4----	0
PHTAL	Talibon	PH	BOH	1-3-----	0
PHTAN	Tandayag	PH	NER	1-3-----	0
PHTAY	Taytay/Puerto Princesa	PH		1-------	0
PHTBC	Tabaco/Legaspi	PH	ALB	1-------	0
PHTBG	Tabangoa	PH		1-------	0
PHTBU	Tagabuli/Davao	PH		1-------	0
PHTDC	Tandoc	PH		1-------	0
PHTDG	Tandag/Bislig	PH		1--4----	0
PHTGD	Tagudin/San Fernando	PH		1-------	0
PHTGI	Tuguis/Dadiangas	PH		1-------	0
PHTGL	Taguilon/Ozamis	PH		1-------	0
PHTGN	Tambungon/Davao	PH		1-------	0
PHTGO	Tagoloan	PH		1-3-----	0
PHTGT	Taguite Bay/Zamboanga	PH		1-------	0
PHTGW	Tungawan Bay/Zamboanga	PH		1-------	0
PHTIB	Tibungco/Davao	PH		1-------	0
PHTIN	Tindalo Oil Field	PH		1-------	0
PHTKW	Tagkawayan/Siain	PH		1-------	0
PHTLD	Toledo/Cebu	PH		1-------	0
PHTLG	Tolong/Dumaguete	PH		1-------	0
PHTLM	Talomo/Davao	PH		1-------	0
PHTLP	Tolopo	PH		1-------	0
PHTLS	Tolosa/Tacloban	PH		1-------	0
PHTNU	Tanauan/Tacloban	PH		1-------	0
PHTOB	Toboso/Dumaguete	PH		1-------	0
PHTON	Tubigon	PH	BOH	1-------	0
PHTTO	Taganito	PH	SUN	1-------	0
PHULY	Ulugan Bay	PH		1-------	0
PHURR	Umrur	PH		1-------	0
PHVCS	Victorias, Negros	PH		1-------	0
PHVNV	Villanueva	PH		1-------	0
PHVTL	Vitali/Zamboanga	PH		1-3-----	0
PHVTO	Vito/Iloilo	PH		1-------	0
PHWAS	Wasag/Dadiangas	PH		1-------	0
PHWAW	Wawa/Batangas	PH		1-------	0
PHWNP	Naga/Zamboanga	PH	ZSI	1-34----	0
PHXSO	Siocon/Zamboanga	PH		1--4----	0
PHZAM	Zamboanga	PH		1--4----	0
PKBQM	Muhammad Bin Qasim/Karachi	PK	SD	1-------	0
PKGWD	Gwadar	PK	BA	1-34----	0
PKJIW	Jiwani	PK	BA	1-34----	0
PKKBA	Keti Bandar	PK		1-------	0
PKKBU	Keti Bunder	PK	SD	1-3-----	0
PKKCT	Karachi Container Terminal	PK	SD	1-------	0
PKKHI	Karachi	PK	SD	12345---	0
PKKIA	Kiamari	PK	SD	1-------	0
PKORW	Ormara	PK	BA	1-34----	0
PKPCT	Pakistan International Container Terminal/Karachi	PK		1-------	0
PKPSI	Pasni	PK	BA	1-34----	0
PKQCT	Qasim International Container Terminal/Karachi	PK		1-------	0
PL6MA	Dabrówka	PL	14	1-3-----	0
PLBEK	Bielinek	PL	32	1-------	0
PLBLZ	Plblz	PL	30	12------	1
PLBRK	Brzostek Policzko	PL		1-------	0
PLBYC	Byczyna	PL	OP	1-------	0
PLBZG	Bydgoszcz	PL		1234----	0
PLBZI	Burzenin	PL		1-3--6--	0
PLCDB	Czarna Dabrowka	PL	22	1-3-----	0
PLCH3	Chróscice	PL	16	1----6--	0
PLCPL	Chobienice	PL	30	1-3-----	0
PLDAR	Darlowo	PL	32	123-----	0
PLDCZ	Duczki	PL	14	1-3-----	0
PLDZN	Dziwnow	PL	32	1-------	0
PLELB	Elblag	PL		123-----	0
PLFBK	Frombork	PL	28	123-----	0
PLGDN	Gdansk	PL		1--4----	0
PLGDY	Gdynia	PL	22	123-----	0
PLGKI	Glinki	PL		1-------	0
PLGKZ	Górki Zachodnie	PL	22	1-------	0
PLHEL	Hel	PL		123-----	0
PLIT5	Piorunów	PL	14	1-3-----	0
PLIYC	Iwierzyce	PL		1-3--6--	0
PLJDZ	Jedlina-Zdrój	PL	02	1-3-----	0
PLKAO	Kamien Pomorski	PL	32	1-3-----	0
PLKLY	Kostomloty	PL	02	1----6--	0
PLKMR	Krynica Morska	PL	28	1-3-----	0
PLKOD	Krosno Odrzanskie	PL	08	1-3-----	0
PLKOL	Kolobrzeg	PL	32	123-----	0
PLKPW	Kraplewo	PL	30	1----6--	0
PLKRM	Krynica Morska	PL	PM	1-3-----	0
PLKUY	Losiów	PL	16	1-3-----	0
PLKYK	Kamyk	PL	24	1----6--	0
PLKZ4	Korzenna	PL	12	1-3-----	0
PLLEA	Leba	PL	22	123-----	0
PLLPN	Lipiany	PL	32	123-----	0
PLLUU	Janowiec	PL	06	1-3-----	0
PLMA9	Klaj	PL	12	1-3-----	0
PLMID	Miedzyzdroje	PL	32	1-3-----	0
PLMK9	Konotopa	PL	14	1----6--	0
PLMKW	Mietków	PL	02	1-3-----	0
PLMNN	Margonin	PL	30	1-------	0
PLMRE	Mrzezyno	PL	32	1-------	0
PLNCH	Niechorze	PL	32	1-------	0
PLNOW	Nowy Port/Gdansk	PL		123-----	0
PLNWA	Nowe Warpno	PL	32	1-3-----	0
PLNXA	Mierzyn	PL	32	1-3-----	0
PLOLA	Olawa	PL	02	123-----	0
PLOSD	Osinów Dolny	PL	32	1-------	0
PLPLC	Police	PL		1-------	0
PLPNW	Polanów	PL		1----6--	0
PLPTN	Piatnica	PL	20	1----6--	0
PLPZN	Pszenno	PL	02	1-3-----	0
PLROI	Rokietnica	PL	WP	1----6--	0
PLRUC	Ruchocice	PL	WP	1----6--	0
PLRWL	Rewal	PL	32	1-------	0
PLSCA	Siennica Rózana	PL	26	1-3-----	0
PLSJK	Karsibór	PL	32	1-------	0
PLSKJ	Skolyszyn	PL	18	1----6--	0
PLSKN	Skolwin	PL	32	1-------	0
PLSOP	Sopot	PL	22	123-----	0
PLSPA	Stepnica	PL		123-----	0
PLSWI	Swinoujscie	PL		123-----	0
PLSY2	Sroczyn	PL	30	1----6--	0
PLSZZ	Szczecin	PL		1--45---	0
PLTBZ	Trzebiez	PL	32	123-----	0
PLUMS	Ustronie Morskie	PL	32	1-3-----	0
PLURD	Urad	PL		123-----	0
PLUST	Ustka	PL		123-----	0
PLWIU	Widuchowa	PL	32	1-------	0
PLWLA	Wladyslawowo	PL	22	123-----	0
PLWLI	Wolin	PL	32	123-----	0
PLWOL	Wolbórz	PL	10	1-3-----	0
PLWZO	Wegorzyno	PL		123-----	0
PLXXX	RIS Inland waterways	PL		1-------	0
PLZAA	Czarna	PL	18	1-------	0
PLZGO	Zagorow	PL	30	1-------	0
PLZIC	Dziecmierowo	PL	30	1-------	0
PLZIN	Grodziczno	PL	28	1-------	0
PLZNI	Znin	PL		123--6--	0
PMFSP	Saint-Pierre	PM		1--45---	0
PNPCN	Pitcairn Is	PN		1---5---	0
PRARE	Arecibo	PR		1--4----	0
PRARR	Arroyo	PR		1-3-----	0
PRBQN	Aguadilla	PR		1--4----	0
PRGUX	Guanica	PR		1-------	0
PRGUY	Guayanilla	PR		1-3-----	0
PRLAM	Las Mareas (Guayama)	PR		1-------	0
PRMAZ	Mayagüez	PR		1--4----	0
PRPJO	Puerto de Jobos	PR		1-------	0
PRPSE	Ponce	PR		1--4----	0
PRPYA	Puerto Yabucoa	PR		1-------	0
PRSAL	Salinas	PR		1-------	0
PRSBS	San Sebastián	PR		1-------	0
PRSJU	San Juan	PR		1--45---	0
PTABF	Albufeira	PT	08	123-----	0
PTADG	Amoreira da Gândara	PT	01	1----6--	0
PTADH	Angra do Heroísmo	PT	20	1-3-----	0
PTAFR	São Pedro da Afurada	PT	13	1-------	0
PTAGD	Aguda	PT	13	1-------	0
PTAGR	Almograve	PT		1-------	0
PTANG	Angeiras	PT	13	1-------	0
PTARP	Armação de Pêra	PT	08	1-3-----	0
PTAVE	Aveiro	PT	01	123-----	0
PTAVP	Pindelo	PT	01	1-3--6--	0
PTAZM	Azenhas do Mar	PT		1-------	0
PTBAN	Banatica	PT	15	123-----	0
PTBAO	Barro	PT	01	1-3-----	0
PTBEI	Beijos	PT	18	1-3-----	0
PTBNG	Benagil	PT		1-------	0
PTBOC	Bouça	PT	17	1-3-----	0
PTBRA	Joane	PT	03	1-3-----	0
PTBRG	Burgau	PT		1-------	0
PTBTR	Baltar	PT	13	1----6--	0
PTBUS	Bustos	PT		1----6--	0
PTCAC	Cacém	PT	11	1-3-----	0
PTCAL	Calheta, Island São Jorge	PT	20	1-3-----	0
PTCAP	Costa da Caparica	PT	15	1-------	0
PTCAS	Cascais	PT	11	1-3-----	0
PTCDP	Cais do Pico	PT	20	1-3-----	0
PTCES	Cambres	PT	18	1----6--	0
PTCLS	Colos	PT		1----6--	0
PTCML	Câmara de Lobos	PT	30	1-3-----	0
PTCNA	Coina	PT	15	1-3-----	0
PTCNL	Caniçal	PT	30	1-3-----	0
PTCNV	Castelo do Neiva	PT	16	1-------	0
PTCPL	Capelo	PT	20	1-3-----	0
PTCRB	Casa Branca	PT		1----6--	0
PTCRC	Carrasqueira	PT	15	1-------	0
PTDFZ	Sandim	PT	13	1-3-----	0
PTDOU	Douro	PT	13	1-------	0
PTEST	Estoril	PT	11	123-----	0
PTFAE	Fão	PT		1-------	0
PTFAO	Faro	PT	08	1234----	0
PTFDF	Figueira da Foz	PT	06	123-----	0
PTFDT	Fonte da Telha	PT	15	1-------	0
PTFNC	Funchal, Madeira	PT	30	1-345---	0
PTFOZ	Foz do Arelho	PT	10	1-------	0
PTFUZ	Fuzeta	PT		1-------	0
PTGER	Argeriz	PT	17	1-3-----	0
PTGIF	Guifões	PT	13	123-----	0
PTGUA	Guardizela	PT	03	1-3-----	0
PTGUE	Gueifães	PT		1----6--	0
PTHOR	Horta	PT	20	1-34----	0
PTIOR	Penamaior	PT	13	1-------	0
PTLAJ	Lajes das Flores	PT	20	1-3-----	0
PTLDP	Lajes	PT	20	1-3-----	0
PTLDR	Lordelo	PT	03	123-----	0
PTLE2	Maceira	PT	10	1----6--	0
PTLEI	Leixões	PT	13	123-----	0
PTLEP	Leça da Palmeira	PT	13	123-----	0
PTLIS	Lisboa	PT	11	12345---	0
PTLNS	Lanheses	PT	16	1----6--	0
PTLOS	Lagos	PT	08	123-----	0
PTMAD	Madalena (Madalena do Pico)	PT	20	1-3-----	0
PTMAT	Matosinhos	PT	13	123-----	0
PTMCH	Machico	PT	30	1-3-----	0
PTMDM	Madalena do Mar	PT	30	1-------	0
PTMLR	Milharado	PT	11	1-------	0
PTMUS	Murches	PT	11	1-------	0
PTNAV	Nariz	PT	01	1----6--	0
PTNGV	Valongo	PT	13	1-3-----	0
PTNRD	Nordeste	PT	20	1-3-----	0
PTOEI	Oeiras	PT	11	123-----	0
PTOLA	Olhos de Água	PT		1-------	0
PTOLH	Olhão	PT	08	123-----	0
PTOPO	Porto	PT	13	12345---	0
PTPCZ	Porto da Cruz	PT	30	1-3-----	0
PTPDL	Ponta Delgada	PT	20	1-345---	0
PTPDS	Ponte de Sor	PT	12	123-----	0
PTPEN	Peniche	PT	10	1-3-----	0
PTPFT	Perafita	PT	13	123-----	0
PTPMZ	Porto Moniz	PT	30	1-3-----	0
PTPOM	Pomarão	PT	02	1-3-----	0
PTPRG	Praia da Graciosa	PT	20	1-3-----	0
PTPRM	Portimao	PT	08	123-----	0
PTPRV	Praia da Vitória	PT	20	1-3-----	0
PTPVC	Povoação	PT	20	1-3-----	0
PTPVH	Pegoes Velhos	PT	11	1----6--	0
PTPXO	Porto Santo Island	PT	30	1--4---B	0
PTQRT	Quarteira	PT	08	123-----	0
PTRPX	Rabo de Peixe	PT	20	1-3-----	0
PTRQU	Requião	PT		1----6--	0
PTSAG	Sagres	PT		1-------	0
PTSCF	Santa Cruz das Flores	PT	20	1-3-----	0
PTSCG	Santa Cruz da Graciosa	PT	20	1-3-----	0
PTSET	Setúbal	PT	15	123-----	0
PTSHA	Senhora da Hora	PT	13	123-----	0
PTSIE	Sines	PT	15	1234----	0
PTSLZ	Santa Luzia	PT		1-------	0
PTSMI	São Miguel	PT		1-------	0
PTSMO	São Martinho do Porto	PT	10	1-------	0
PTSMS	Santa Maria de Sardoura	PT	01	1-3-----	0
PTSMT	São Mateus	PT	20	1-------	0
PTSSB	Sesimbra	PT	15	1-3-----	0
PTTER	Terceira Island Apt	PT	20	1--45---	0
PTTGO	Monte Trigo	PT	01	1-------	0
PTTOA	Torreira	PT		1-------	0
PTTPO	Topo	PT	20	1-3-----	0
PTTRF	Trafaria	PT	15	1-------	0
PTTUN	Tunes	PT	01	1-------	0
PTVAB	Valbom	PT	13	1-------	0
PTVAG	Vagueira	PT		1-------	0
PTVAR	Várzea do Douro	PT	13	1-3-----	0
PTVDC	Viana do Castelo	PT	16	123-----	0
PTVDP	Vila do Porto	PT	20	1-3-----	0
PTVDV	Venda do Pinheiro	PT	11	1-------	0
PTVEL	Velas	PT	20	1-3-----	0
PTVFC	Vila Franca do Campo	PT	20	1-3-----	0
PTVFD	Vila de Frades	PT	02	1----6--	0
PTVFX	Vila Franca de Xira	PT	11	123-----	0
PTVIC	Vila do Conde	PT	13	123-----	0
PTVLC	Vila Chã	PT		1-------	0
PTVNC	Vila Nova do Corvo	PT	20	1-------	0
PTVNR	Vila Nova da Rainha	PT	11	1----6--	0
PTVRE	Vila Real de Santo António	PT	08	123-----	0
PTXZX	Escariz	PT	01	1-3-----	0
PTZFM	Zona Franca da Madeira	PT	30	1-3-----	0
PWANG	Angaur	PW		1-------	0
PWROR	Koror	PW		1--4----	0
PYAGT	Ciudad del Este	PY		1--4----	0
PYASU	Asunción	PY	ASU	1--45---	0
PYBCM	Barrio Caacupé Mí	PY	11	1-3--6--	0
PYCAA	Caacupé	PY	3	1-3-----	0
PYCAC	Calera Cue	PY	1	1-------	0
PYCNP	Concepción	PY	1	1-------	0
PYENO	Encarnación	PY	7	1--45---	0
PYFNX	Fenix	PY	ASU	1-------	0
PYFUO	Fuerte Olimpo	PY		1-3-----	0
PYITE	Ita Enramada	PY		1-------	0
PYMRA	Colonia Mariano Roque Alonso	PY	11	1-3-----	0
PYPAN	Puerto Antequera	PY	2	1-------	0
PYPCJ	Puerto la Victoria	PY		123-----	0
PYPGU	Puerto Guarani	PY	16	1-------	0
PYPSA	Puerto Sara	PY	11	1-------	0
PYSAN	San Antonio	PY		1-------	0
PYTER	Terport (San Antonio)	PY		1-3-----	0
PYVLL	Villeta	PY		1-------	0
QAASN	Al Shaheen	QA		1-----7-	0
QADOH	Doha	QA	DA	1--45---	0
QAHAL	Halul	QA		1-----7-	0
QAHMD	BGN/PCGN1956 - HAMAD	QA	WA	1-------	0
QAHNA	Hanna	QA		1-------	0
QAQAP	Qapco	QA	US	1-------	0
QAQCH	Qchem	QA	US	1-------	0
QARLF	Ras Laffan	QA	KH	1-------	0
QARUS	Al Ruwais Qatar	QA	MS	1-------	0
QASLW	As Salwa	QA	RA	1-------	0
QAUMS	Umm Sa'id (Mesaieed)	QA	WA	1-3-----	0
RELEU	Saint-Leu	RE		1-------	0
RELPT	Le Port	RE		1-3-5---	0
REPOS	Possession	RE		1-------	0
RERSE	Sainte-Rose	RE		1-3-----	0
RERUN	Saint-Denis	RE		1-34----	0
RESPL	Saint-Paul	RE		123-5---	0
RESSZ	Sainte-Suzanne	RE		1-------	0
RO5LI	Livezeni	RO	MS	1----6--	0
ROAGI	Agigea	RO	CT	1-------	0
ROBAB	Basarabi	RO		1-------	0
ROBCN	Beclean	RO	HR	123-----	0
ROBCT	Bechet	RO	DJ	1-3-----	0
ROBEZ	Bezdead	RO	DB	1----6--	0
ROBZI	Bazias	RO	CS	1-3-----	0
ROCAF	Calafat	RO	DJ	123----B	0
ROCAS	Calarasi	RO	CL	1------B	0
ROCEV	Cernavoda	RO	IL	1------B	0
ROCHL	Chilia Veche	RO	TL	1-------	0
ROCHN	Chiscani	RO	BR	1----6--	0
ROCND	Constanta	RO	CT	1234-6--	0
ROCNM	Comisani	RO	DB	1----6--	0
ROCOB	Corabia	RO	OT	1------B	0
ROCTS	Cristuru Secuiesc	RO	HR	1----6--	0
RODTS	Drobeta-Turnu Severin	RO	MH	12-----B	0
ROEFS	Eforie Sud	RO	CT	1----6--	0
ROFET	Fetesti	RO	IL	1-3-----	0
ROFTE	Frecatei	RO		1----6--	0
ROGAL	Galati	RO	GL	1------B	0
ROGRG	Giurgiu	RO	GR	1------B	0
ROGUU	Gruiu	RO	B	1----6--	0
ROHAU	Halchiu	RO	BV	1----6--	0
ROHDC	Hodac	RO	MS	1----6--	0
ROISC	Isaccea	RO	TL	1-3-----	0
ROJRT	Jaristea	RO	VN	1----6--	0
ROLUM	Luminita	RO	CT	1-------	0
ROLUT	Lutita	RO	HR	1----6--	0
ROMAC	Macin	RO	TL	1-------	0
ROMAG	Mangalia	RO	CT	123-----	0
ROMAH	Mahmudia	RO	TL	1-------	0
ROMED	Medgidia	RO	CT	1-------	0
ROMGU	Magureni	RO	PH	1----6--	0
ROMID	Midia	RO	CT	123-----	0
RONDI	Navodari	RO		123-----	0
ROOJD	Ojdula	RO	CV	1----6--	0
ROOLT	Oltenita	RO	CL	1------B	0
ROORV	Orsova	RO	MH	12-----B	0
ROOVI	Ovidiu	RO	CT	1-------	0
ROPAL	Poarta Alba	RO	CT	1-------	0
ROPAU	Paulesti	RO	PH	1----6--	0
ROPES	Pielesti	RO	DJ	1----6--	0
ROPPC	Prelipca	RO	SV	1----6--	0
ROPSE	Pietroasele	RO	BZ	1----6--	0
ROPTA	Petelea	RO	MS	1----6--	0
RORDE	Rediu	RO	IS	1----6--	0
RORNN	Rosia Montana	RO		1----6--	0
RORVA	Hârsova	RO	CT	1-3-----	0
ROSUL	Sulina (Port et Zone Franche)	RO	TL	1-3----B	0
ROTCE	Tulcea	RO	TL	1--4---B	0
ROTR5	Tureni	RO	CJ	1----6--	0
ROTUM	Turnu Magurele	RO	TR	1------B	0
ROTUT	Turturesti	RO	BZ	1----6--	0
ROVTR	Vanatori Neamt	RO	NT	1----6--	0
ROXXX	RIS Inland waterways	RO		1-------	0
ROZIC	Zimnicea	RO	TR	1------B	0
ROZUI	Lazuri	RO	DB	1----6--	0
RS4SN	Bresnica	RS	17	1-3-----	0
RSAPT	Apatin	RS		123-----	0
RSBPA	Backa Palanka	RS		123-----	0
RSBZD	Bezdam	RS		1-3-----	0
RSDIM	Dimitrovgrad	RS		1-3-----	0
RSDOB	Dobanovci	RS	00	1-------	0
RSGNJ	Gnjilane	RS	25	1----6--	0
RSKMA	Kursumlija	RS		123-----	0
RSMSD	Mesarci	RS	08	1-3-----	0
RSPHO	Prahovo	RS		123-----	0
RSSKA	Sremski Karlovci	RS		123-----	0
RSVGS	Veliko Gradiste	RS		1-3-----	0
RSVRA	Vranje	RS		123-----	0
RSVS4	Veternik	RS	06	1-------	0
RSXXX	RIS Inland waterways	RS		1-------	0
RUABC	Ambarchik	RU	SA	1-------	0
RUABK	Abinsk	RU	KDA	123-----	0
RUAER	Sochi	RU	KDA	1234----	0
RUAGK	Angarsk	RU	IRK	123-----	0
RUAKS	Aksay	RU	ROS	1-------	0
RUAMU	Amursk	RU	KHA	1-------	0
RUAMV	Amderma	RU	NEN	1--4----	0
RUARH	Arkhangelsk	RU		1--4----	0
RUARM	Arman (Magadan)	RU		1-------	0
RUASF	Astrakhan	RU		1--4----	0
RUAZO	Azov	RU		1-------	0
RUB2L	Shebekino	RU	BEL	1----6--	0
RUBEL	Belushye	RU		1-------	0
RUBEM	Belomorsk	RU		1-------	0
RUBER	Beringovskiy, Port	RU		1-------	0
RUBGV	Bagaevskaya	RU	ROS	1-3-----	0
RUBKH	Bektyashka	RU		1-------	0
RUBKN	Bolshoy Kamen	RU	KHM	1-------	0
RUBKT	Belaya Kalitva	RU	ROS	1----6--	0
RUBLK	Balakhna	RU	NIZ	1-------	0
RUBLN	Balakhnya	RU	IRK	1-------	0
RUBLT	Baltiysk	RU		1-------	0
RUBNK	Bronka Port	RU	SPE	123-----	0
RUBOR	Borisova	RU	IRK	1-------	0
RUBOS	Boshnyakovo	RU		12------	0
RUBRK	Lomonosov	RU	SPE	123-----	0
RUBVV	Kuril'skiy Burevestnik AFB (Burevestnik AFB)	RU	SAK	1--4----	0
RUCEE	Cherepovets	RU		1--4----	0
RUCHA	Chamgu	RU	SAK	1-3-----	0
RUCHB	Chebarkul'	RU		123-----	0
RUCHM	Chemashi	RU	KHM	1-------	0
RUCHU	Chuya	RU	IRK	1-------	0
RUCIH	Chikacheva	RU		1-------	0
RUCPC	Cpc Terminal	RU		1-------	0
RUDBK	Dubovka	RU	VLG	1-------	0
RUDEE	Yuzhno-Kuril'sk	RU	SAK	1--4----	0
RUDHA	Derbeshkinskiy	RU		1-3-----	0
RUDKA	De-Kastri	RU		1-------	0
RUDKS	Dikson	RU		1--4----	0
RUDUB	Dubna	RU	TVE	1-------	0
RUDUD	Dudinka	RU		1-------	0
RUDYR	Anadyr	RU		1--4----	0
RUEGV	Egvekinot	RU		1-------	0
RUEKO	Ekonomiya	RU	ARK	1-3-----	0
RUFIP	Vladivostok	RU	PRI	12------	0
RUFPT	Fish Port Terminal	RU		1-------	0
RUGOJ	Nizhniy Novgorod (ex Gorkiy)	RU		12-4----	0
RUGRH	Gremikha	RU		1-------	0
RUGSA	Gorskaya	RU	LEN	123-----	0
RUGVY	Gavrilov-Yam	RU		123-----	0
RUHTG	Hatanga	RU		1--4----	0
RUHZO	Orekhovo-Zuevo	RU	MOS	1----6--	0
RUIAA	Igarka	RU		1--4----	0
RUIAR	Yaroslavl	RU		1--4----	0
RUIDG	Indiga	RU	NEN	1-------	0
RUIKS	Tiksi	RU		1--4----	0
RUIOK	Iokanka	RU		1-------	0
RUIOY	Ikryanoye	RU	AST	1-3-----	0
RUIVO	Ivanovo	RU		123-----	0
RUKAN	Kandalaksha	RU		1-------	0
RUKAS	Kashira	RU		123-----	0
RUKDN	Kildin	RU		1-------	0
RUKDT	Kronshtadt	RU		1-------	0
RUKEM	Kem	RU		1-------	0
RUKER	Keret	RU		1-------	0
RUKGD	Kaliningrad	RU		1--4----	0
RUKHO	Kholmsk	RU	SAK	123-----	0
RUKHV	Khabarovsk	RU		1--4----	0
RUKIK	Kirensk	RU	IRK	1-------	0
RUKIM	Kimry	RU	TVE	1-------	0
RUKIN	Kineshma	RU		1-------	0
RUKIY	Kirovskiy	RU		1-3-----	0
RUKJA	Krasnojarsk	RU		1--4----	0
RUKLK	Kulakovo	RU	KYA	1-------	0
RUKLR	Klinsky Rayon	RU	MOS	1-3-----	0
RUKLT	Koltogorskiye	RU	TOM	1-------	0
RUKLY	Kalyazin	RU	TVE	1-------	0
RUKMA	Kostomuksha	RU		1-3-----	0
RUKMM	Malaya Kheta	RU		1-------	0
RUKMU	Kamskoye Ustye	RU		1--4----	0
RUKMV	Velikaya Kema	RU		1-------	0
RUKNL	Konets Lug	RU	IRK	1-------	0
RUKNV	Krasnovodsk	RU		1-------	0
RUKNY	Khvalynsk	RU	SAR	1-3-----	0
RUKOK	Konakovo	RU		123-----	0
RUKOR	Korsakov	RU		1-------	0
RUKOT	Kotel'nyy	RU	SA	1-------	0
RUKPA	Kondopoga	RU		123-----	0
RUKRA	Krasnoyarsk	RU		123-----	0
RUKRF	Korf	RU		1-------	0
RUKRI	Krivosheino	RU	TOM	1-------	0
RUKRR	Krasnodar	RU		1--4----	0
RUKRY	Krasnyy Yar	RU	NVS	1-------	0
RUKSA	Kharasavey	RU	NEN	1-------	0
RUKSI	Kasimov	RU		123--6--	0
RUKSL	Kislaya Guba	RU		1-------	0
RUKSO	Krasnotur'insk	RU	SVE	123-----	0
RUKTY	Khatyrka	RU	CHU	1-------	0
RUKUB	Kubekovo	RU	KYA	1-------	0
RUKUF	Samara	RU		1234-6--	0
RUKUR	Kureysk	RU	IRK	1-------	0
RUKVO	Kolpashevo	RU	TOM	1-------	0
RUKYB	Krasnyye Barrikady	RU	AST	1-3-----	0
RUKYI	Kolguyev Island	RU	NEN	1-------	0
RUKYK	Kireyevskoye	RU	TOM	1-------	0
RUKZH	Kozhevnikovo	RU	TOM	1-------	0
RUKZM	Kozmino Port	RU		1-------	0
RUKZP	Kavkaz	RU	KDA	123--6--	0
RULAZ	Lazarev	RU		1-------	0
RULBU	Lyubim	RU	YAR	1-3-----	0
RULDY	Lebedyan'	RU		123--6--	0
RULED	Saint Petersburg (ex Leningrad)	RU	SPE	12345---	0
RULEO	Leonova	RU	IRK	1-------	0
RULES	Lesogorsk	RU		12------	0
RULEU	Leushinskiye	RU	KHM	1-------	0
RULNK	Lensk	RU	SA	1-------	0
RULNR	Linakhamari	RU		1-------	0
RULUG	Lugovoye	RU	TOM	1-------	0
RULVR	Lavrentiya	RU	CHU	1-3-----	0
RUMA2	Malino	RU	MOS	1----6--	0
RUMAG	Magadansky, Port	RU		1-------	0
RUMAS	Miass	RU		123-----	0
RUMCX	Makhachkala	RU		1234----	0
RUMDY	Mamadysh	RU	TA	1-------	0
RUMEG	Medvezhyegorsk	RU		1-------	0
RUMEZ	Mezen	RU		1-------	0
RUMGO	Mago	RU		1-------	0
RUMKR	Makarovo	RU	IRK	1-------	0
RUMMK	Murmansk	RU		1--4----	0
RUMOG	Mogochin	RU	TOM	1-------	0
RUMON	Molchanovo	RU	TOM	1-------	0
RUMOW	Moskva	RU	MOW	123456--	0
RUMSH	Mys Shmidta	RU	CHU	1-3-----	0
RUMVO	Moskalvo	RU		1-------	0
RUNAC	Naberezhnyye Chelny	RU		123-----	0
RUNAR	Narym	RU	TOM	1-------	0
RUNDK	Novodvinsk	RU		123-----	0
RUNEV	Nevelsk	RU		1-------	0
RUNIA	Nikolayevsk-na-Amure	RU		1-------	0
RUNJC	Nizhnevartovsk	RU	KHM	1--4----	0
RUNJK	Nakhodka	RU		1-------	0
RUNLK	Neftelensk	RU	IRK	1-------	0
RUNMK	Novomoskovsk	RU		123-----	0
RUNNM	Naryan Mar	RU		1--4----	0
RUNOG	Nogliki	RU	SAK	123-----	0
RUNPE	Nizhnyaya Pesha	RU	NEN	1-------	0
RUNVS	Novorossiysk	RU	KDA	123--6--	0
RUOHO	Okhotsk	RU		1-------	0
RUOKA	Okha, Sakhalin	RU		12------	0
RUOKT	Oktyabr'skiy	RU		1-34----	0
RUOKZ	Okruzhnoe	RU	SAK	1-------	0
RUOLB	Bukhta Ol'ga	RU	KAM	1-------	0
RUOLG	Olenya, Guba	RU		1-------	0
RUOLO	Oleniy Ostrov	RU		1-3-----	0
RUOLP	Ol'ga	RU	PRI	1-------	0
RUOMK	Olekminsk	RU	SA	1-------	0
RUONG	Onega	RU		1-------	0
RUOYA	Olya	RU	AST	1-3-----	0
RUOYE	Oktyabrskoye	RU	KHM	1-------	0
RUOZE	Oranzherei	RU	AST	1-3-----	0
RUOZK	Ozerko	RU	MUR	123-----	0
RUOZY	Ozëry	RU		123-----	0
RUPCE	Pechenga	RU		1-------	0
RUPEK	Petrokrepost	RU		1-------	0
RUPES	Petrozavodsk	RU		1--4----	0
RUPEX	Pechora	RU		1--4----	0
RUPGE	Peregrebnoye	RU	KHM	1-------	0
RUPGN	Prigorodnoye	RU	SAK	1-3-----	0
RUPHS	Prokhorovskiy	RU	TOM	1-------	0
RUPKC	Petropavlovsk-Kamchatskiy	RU		1--4----	0
RUPNV	Polnovat	RU	KHM	1-------	0
RUPNY	Pionerskiy	RU	KGD	123-----	0
RUPOK	Engels	RU	SAR	1-------	0
RUPRI	Primorsk (Koivisto)	RU		1-------	0
RUPRN	Poronaisk	RU		1-------	0
RUPRY	Preobrazheniye	RU		1-3-----	0
RUPSE	Posyet	RU		1-------	0
RUPTN	Plastun	RU		1-------	0
RUPTP	Potapova	RU	IRK	1-------	0
RUPUD	Pudozh	RU		1-------	0
RUPVS	Provideniya, Bukhta	RU		1-34----	0
RUPWE	Pevek	RU		1--4----	0
RUPYO	Poyarkovo	RU	AMU	1-3-----	0
RURDP	Rudnaya Pristan	RU		1-------	0
RURND	Rostov-na-Donu	RU	ROS	1-3-----	0
RUROV	Rostov	RU		1--4----	0
RURTW	Saratov	RU		1--4----	0
RURUB	Rubnoye	RU	KYA	1-------	0
RURYB	Rybinsk	RU		1--4----	0
RURYK	Krasnoturansk	RU	KYA	1-3-----	0
RURZV	Rzhev	RU		123-----	0
RUSAB	Sabetta	RU	YAN	1--4----	0
RUSAK	Aleksandrovsk-Sakhalinskiy	RU		1-3-----	0
RUSEG	Segezha	RU		1-------	0
RUSEW	Severodvinsk	RU		1-------	0
RUSHA	Shakhtersk	RU		1-------	0
RUSIZ	Siziman	RU		1-------	0
RUSKA	Slavyanka	RU		1-------	0
RUSLH	Salekhard	RU	YAN	1-------	0
RUSLK	Solovki	RU	ARK	1-------	0
RUSNG	Solnechnogorsk	RU		123-----	0
RUSOG	Sovetskaya Gavan	RU		1-------	0
RUSPA	Spafaryeva, O	RU		1-------	0
RUSRM	Severomorsk	RU		1-------	0
RUSSK	Sovetsk	RU		123-----	0
RUSTR	Streika	RU	KYA	1-------	0
RUSTY	Svetlyy	RU	KGD	1-------	0
RUSVE	Svetlaya	RU		1-------	0
RUSVK	Severo-Kurilsk	RU		1-------	0
RUSYZ	Syzran	RU		1-------	0
RUSZZ	Sestroretsk	RU	LEN	1-3-----	0
RUTAG	Taganrog	RU		1-------	0
RUTAM	Taman'	RU	KDA	1-------	0
RUTAU	Tauisk	RU		1-------	0
RUTAY	Tayura	RU	IRK	1-------	0
RUTAZ	Tazovskiy	RU	NEN	1-------	0
RUTDO	Trudfront	RU	AST	1-3-----	0
RUTOI	Tol'yatti	RU		1----6--	0
RUTRR	Trifonov Ruchey	RU		1-------	0
RUTTI	Tolyatti	RU		1-------	0
RUTUA	Tuapse	RU		1-------	0
RUTVK	Timashevsk	RU		123-----	0
RUUCH	Ust Chaun	RU	CHU	1-------	0
RUUEL	Uelen	RU	CHU	1-------	0
RUUGC	Uglich	RU	YAR	123-----	0
RUUGL	Uglegorsk	RU		1-------	0
RUUKK	Ust-Kamchatsk	RU		1-------	0
RUULU	Ust'-Luga	RU	LEN	123-----	0
RUUMB	Umba	RU		1-------	0
RUURA	Ura-Guba	RU		1-------	0
RUVAR	Varandey	RU		1-3-----	0
RUVAY	Vaygach	RU	NEN	1-------	0
RUVIT	Vitino	RU	MUR	1-------	0
RUVKR	Vankarem	RU	CHU	1-------	0
RUVLG	Volga	RU	YAR	1-------	0
RUVMS	Vostokmorservice	RU	PRI	1-------	0
RUVNN	Vanino	RU		1-------	0
RUVNY	Venyov	RU		1----6--	0
RUVOG	Volgograd	RU		12-4----	0
RUVTM	Vitim	RU	SA	1-------	0
RUVTZ	Vityaz	RU		1-3-----	0
RUVVO	Vladivostok	RU		12-4----	0
RUVYE	Vertikoye	RU	TOM	1-------	0
RUVYG	Vyborg	RU		1--4----	0
RUVYK	Vyksa	RU	NIZ	123-----	0
RUVYP	Vostochnyy Port	RU		12------	0
RUVYS	Vysotsk	RU		1-------	0
RUVZB	Vozrozhdeniya, Bukhta	RU		1-------	0
RUVZH	Volzhsk	RU		123-----	0
RUXC2	Kotel'niki	RU	MOS	1----6--	0
RUYAB	Yagelnaya Bukhta	RU		1-------	0
RUYAM	Yamburg	RU	NEN	1-------	0
RUYEY	Yeysk	RU		1-------	0
RUYTS	Yartsevo	RU	SMO	1-34----	0
RUZAO	Zavyalova, O	RU		1-------	0
RUZAR	Zarubino	RU		1-------	0
RUZCA	Balozhi	RU	NGR	1-3-----	0
RUZDK	Zelënodol'sk	RU		123-----	0
RUZEM	Zeleniy Mys	RU		1-------	0
RWNSA	Nyagatare	RW	02	1-3-----	0
RWRUB	Rubengera	RW		1----6--	0
RWRW4	Rwamagana	RW	02	1----6--	0
SAAHA	Al Hada	SA		1-------	0
SAALK	Al Khobar	SA		1-------	0
SAAMU	Al Muajjiz	SA		1-------	0
SAAQK	Al Khobar	SA	04	1-------	0
SABUR	Buraydah	SA	5	1-3--6--	0
SADHA	Dhahran	SA		1--4----	0
SADHU	Port of NEOM	SA		1-------	0
SADMM	Ad Dammam	SA	04	12345---	0
SAEJH	Wedjh	SA		1--4----	0
SAGIZ	Jizan	SA		1--4----	0
SAJBI	Al Jubayl Industrial City	SA		1-3-----	0
SAJEC	Jazan Economic City	SA	09	1-3-----	0
SAJED	Jeddah	SA	02	1--45---	0
SAJUB	Jubail	SA		1-------	0
SAJUT	Juaymah Terminal	SA		1-------	0
SAJYC	Jeddah Yachts Club Port	SA	02	1-------	0
SAKAC	King Abdullah City	SA	02	1-3-----	0
SAKHU	Al Khuraibah	SA	07	1-------	0
SALIT	Lith	SA		1-------	0
SAMAK	Makkah	SA		1-------	0
SAMAN	Manailih	SA		1-------	0
SAMUF	Manfouha	SA		1-------	0
SANEO	Neom	SA	14	1234-67-	0
SAQAH	Al Qahmah	SA	09	1-------	0
SAQAL	Qalsn	SA		1-------	0
SAQUN	Al Qunfudah	SA	09	1-------	0
SAQUR	Qurayyah	SA		1-------	0
SARAB	Rabigh	SA		1-------	0
SARAM	Ras al Mishab	SA		1-------	0
SARAR	Ras al Khafji	SA		1-------	0
SARAZ	Ras Al-Khair	SA	04	1-3-----	0
SARTA	Ras Tanura	SA		1-------	0
SASHU	Shuaibah	SA		1-------	0
SASUH	Salboukh	SA		1-------	0
SAVLA	Umm Lajj	SA		1-3-----	0
SAYBI	Yanbu Industrial City	SA	03	1-3-----	0
SAYNB	Yanbu commercial city	SA	03	1-34----	0
SAZUY	Zulayfayn	SA		1-------	0
SBAKS	Auki, Malaita Is	SB		1--4----	0
SBALB	Allardyce Harbour, Sta Isabel Is	SB		1-------	0
SBAOB	Aola Bay	SB		1-------	0
SBCHY	Choiseul Bay	SB		1--4----	0
SBGZO	Gizo	SB		1--4----	0
SBHIR	Honiara, Guadalcanal Is	SB		1--45---	0
SBIRA	Kirakira, San Cristobal Is	SB		1--4----	0
SBLAT	Lata	SB	TE	1-34----	0
SBLEV	Lever Harbour	SB		1-------	0
SBLOF	Lofung	SB		1-------	0
SBNEM	Nemba	SB		1-3-----	0
SBNOR	Noro, New Georgia	SB		1-------	0
SBRIN	Ringgi Cove, Kolombangara	SB		1--4----	0
SBRUS	Marau Sound, Guadalcanal Is	SB		1--4----	0
SBSCZ	Santa Cruz Is	SB		1--4----	0
SBSHH	Shortland Harbour	SB		1-------	0
SBTLG	Tulagi, Ngella	SB		1--4----	0
SBVIU	Viru Harbour	SB		1--4----	0
SBXYA	Yandina, Russell Island	SB		1-34----	0
SCMAW	Mahe	SC		1-------	0
SCPOV	Port Victoria	SC		1-------	0
SCVIC	Victoria	SC	22	1-3-----	0
SDMBH	Marsa Bashayer	SD		1-------	0
SDPZU	Port Sudan	SD	RS	1--45---	0
SDSWA	Swakin	SD		1-------	0
SEAAR	Ar	SE	I	1-------	0
SEADG	Arildsläge	SE	M	1-------	0
SEAGB	Agnesberg	SE	O	123-----	0
SEAGE	Ånge	SE	Y	123-----	0
SEAGN	Älvängen	SE	O	123-----	0
SEAHU	Åhus	SE	M	123-----	0
SEALA	Ala	SE	X	1-------	0
SEALF	Alfredshem	SE	Y	1-------	0
SEALN	Älvenäs	SE	S	1-------	0
SEAMA	Åmål	SE	O	123-----	0
SEANK	Ankarsvik	SE	C	1-------	0
SEANN	Ånn	SE	Z	123-----	0
SEARA	Arboga	SE	U	123-----	1
SEARB	Arbrå	SE	X	123-----	0
SEARK	Arnöviken	SE	C	1-------	0
SEARV	Arvika	SE	S	123-----	0
SEASD	Askersund	SE	T	1-------	0
SEASU	Arkösund	SE	E	1-------	0
SEBAA	Bålsta	SE	C	1-3-----	0
SEBAC	Bäckviken	SE	M	1-------	0
SEBAS	Båstad	SE	M	1-------	0
SEBAT	Båtskärsnäs	SE	BD	1-------	0
SEBBH	Barsebäckshamn	SE	M	1-------	0
SEBDQ	Böda	SE	H	1-------	0
SEBEA	Bergkvara	SE	H	1-------	0
SEBER	Bergs oljehamn	SE	AB	1-------	0
SEBGA	Berga Örlogsskolor	SE		1-------	0
SEBJR	Bjärred	SE	M	1-3-----	0
SEBLA	Blankaholm	SE	H	1-------	0
SEBLD	Bovallstrand	SE	O	1-------	0
SEBOG	Borensberg	SE	E	1-------	0
SEBOH	Bohus	SE	O	123-----	0
SEBOL	Bollstabruk	SE	Y	123-----	0
SEBOM	Borgholm	SE	H	1-------	0
SEBRE	Bredviken	SE		1-------	0
SEBRO	Brofjorden	SE	O	1-------	0
SEBRT	Brottby	SE	AB	1-------	0
SEBRU	Brunflo	SE	Z	1-3-----	0
SEBTF	Bengtsfors	SE	O	1-3-----	0
SEBUR	Bureå	SE	AC	1-------	0
SEBUV	Burgsvik	SE	I	1-------	0
SEBVK	Bråviken	SE	E	1-3-----	0
SEBYX	Byxelkrok	SE	H	1-------	0
SEDEG	Degerhamn	SE	H	1-------	0
SEDJN	Djurön	SE	E	1-------	0
SEDJP	Djupvik	SE	O	1-------	0
SEDJU	Djurmo	SE	W	1-------	0
SEDLA	Dalarö	SE	AB	1-------	0
SEDOM	Domsjö	SE	Y	1-------	1
SEDON	Donsö	SE	O	1-------	0
SEDRT	Drottningholm	SE	AB	1-------	0
SEDYN	Dynäs	SE	Y	123-----	0
SEELL	Elleholm	SE	K	1-3-----	0
SEELO	Ellös	SE	O	1-3-----	0
SEENK	Enköping	SE	C	123-----	0
SEESS	Essvik	SE	Y	1-3-----	0
SEFAG	Falkenberg	SE	N	123-----	0
SEFAK	Fagervik	SE	X	1-------	0
SEFAR	Färjestaden	SE	H	1-3-----	0
SEFBK	Fiskebäckskil	SE	O	1-------	0
SEFIG	Figeholm	SE	H	1-------	0
SEFIL	Filipstad	SE	S	1-3-----	0
SEFIS	Fiskebäck	SE	O	1-------	0
SEFJA	Fjällbacka	SE	O	1-------	0
SEFKG	Falköping	SE	O	123-----	0
SEFLI	Flivik	SE	H	1-------	0
SEFOR	Forsmark	SE	C	1-------	0
SEFRA	Frånö	SE	Y	123-----	0
SEFSB	Falsterbo	SE	M	1-------	0
SEFSD	Fårösund	SE	I	1-------	0
SEGAM	Gamleby	SE	H	123-----	0
SEGKS	Gustavsvik/Stockholm	SE	AB	1-------	0
SEGKV	Grankullavik	SE	H	1-3-----	0
SEGLM	Glommen	SE	N	1-------	0
SEGNR	Grönö	SE	C	1-------	0
SEGOA	Göta	SE	O	123-----	0
SEGOR	Gorsingeholm	SE	D	1-------	0
SEGOT	Göteborg	SE	O	12345---	0
SEGRD	Grundsund	SE	O	1-3-----	0
SEGRE	Grebbestad	SE	O	1-3-----	1
SEGRH	Grisslehamn	SE	AB	1-------	0
SEGRU	Gruvön	SE	S	1-------	0
SEGUB	Gustavsberg	SE	AB	1-------	0
SEGUN	Gunnebo	SE	E	1-------	0
SEGUS	Gustavsvik	SE	Y	123-----	0
SEGVN	Gravarne	SE	O	1-------	0
SEGVX	Gävle	SE	X	1--4----	0
SEHAA	Haparanda	SE	BD	123-----	0
SEHAC	Hackås	SE	Z	123-----	0
SEHAD	Halmstad	SE	N	1234----	0
SEHAH	Haraholmen	SE	BD	1-------	0
SEHAK	Hallstavik	SE	AB	123-----	0
SEHAN	Hargshamn	SE	C	123-----	0
SEHAS	Hallstanäs	SE	Y	1-------	0
SEHBG	Hamburgsund	SE	O	1-------	0
SEHBV	Hässelbyverket/Stockholm	SE	AB	1-------	0
SEHEL	Helsingborg	SE	M	12-4----	0
SEHER	Herräng	SE	AB	1-------	0
SEHGS	Högsjö	SE	Y	1-------	0
SEHLD	Holmsund	SE	AC	123-----	0
SEHLS	Hällekis	SE	O	123-----	0
SEHMR	Hammar	SE	T	1-3-----	0
SEHNB	Hörneborg	SE		1-------	0
SEHND	Härnösand	SE	Y	123-----	0
SEHNF	Hörnefors	SE	AC	1-3-----	0
SEHOG	Höganäs	SE	M	123-----	0
SEHON	Hönsäter	SE	O	1-3-----	0
SEHST	Heestrand	SE	O	1-------	0
SEHUN	Hunnebostrand	SE	O	1-3-----	0
SEHUS	Husum	SE	Y	1-------	0
SEHUV	Hudiksvall	SE	X	1234----	0
SEHYP	Hyppeln	SE	O	1-------	0
SEIGG	Iggesund	SE	X	123-----	0
SEJAR	Järfälla	SE	AB	123-----	0
SEJAT	Jättersön	SE	H	1-------	0
SEJKG	Jönköping	SE	F	1--4----	0
SEJNA	Jörlanda	SE	O	123--6--	0
SEJOH	Johannedal	SE		1-------	0
SEKAA	Karlskrona	SE	K	123-----	0
SEKAF	Strå	SE	I	1-------	0
SEKAG	Kåge	SE	AC	1-------	0
SEKAK	Karlsvik	SE	X	1-------	0
SEKAL	Kalmarsand	SE	C	1-------	0
SEKAN	Karlshamn	SE	K	123-----	0
SEKAS	Karskär	SE	X	1-------	0
SEKAT	Katthammarsvik	SE	I	1-------	0
SEKAX	Kalix	SE	BD	123-----	0
SEKBK	Karlholmsbruk	SE	C	1-------	0
SEKGG	Kagghamra	SE		1-------	0
SEKGM	Klagshamn	SE	M	1-3-----	0
SEKGR	Kungsör	SE	U	1-3-----	0
SEKHN	Kristinehamn	SE	S	123-----	0
SEKID	Kristianstad	SE	M	1234----	0
SEKKS	Kyrkesund	SE	O	1-3-----	0
SEKLA	Klavreström	SE	G	123-----	0
SEKLD	Klädesholmen	SE	O	1-3--6--	0
SEKLI	Klintehamn	SE	I	1-------	0
SEKLR	Kalmar	SE	H	1234----	0
SEKMH	Köpmanholmen	SE	Y	1-------	0
SEKOG	Köping	SE	U	123-----	0
SEKPH	Kappelshamn	SE	I	1-------	0
SEKPS	Kapellskär	SE	AB	1-3-----	0
SEKRF	Kramfors	SE	Y	1234----	0
SEKRH	Kårehamn	SE	H	1-------	0
SEKSD	Karlstad	SE	S	1--4----	0
SEKUA	Kungsbacka	SE	N	1-3-----	0
SEKUB	Kubikenborg	SE	X	1-------	0
SEKUN	Kungshamn	SE	O	1-------	0
SEKUV	Kungälv	SE	O	1-3-----	0
SEKVA	Kvarnholmen	SE	AB	1-------	0
SEKVH	Kopparverkshamnen	SE	M	1-------	0
SEKVK	Kalvik	SE	O	1-------	0
SEKXV	Karlsborg Axelvik	SE	BD	1-------	0
SEKYR	Kyrkebyn	SE	S	1-------	0
SELAA	Landskrona	SE	M	123-----	0
SELAV	Landvetter	SE	O	1234----	0
SELDK	Lidköping	SE	O	1234----	0
SELDO	Lödöse	SE	O	123-----	0
SELED	Lilla Edet	SE	O	123-----	0
SELIM	Limhamn	SE	M	123-----	0
SELIO	Lidingö	SE	AB	123-----	0
SELIS	Linanäs	SE	AB	1-3-----	0
SELJP	Ljungsarp	SE	O	123-----	0
SELJU	Ljusne	SE	X	123-----	0
SELLA	Luleå	SE	BD	1--4----	0
SELOD	Löddeköpinge	SE	M	1-3--6--	0
SELOM	Lomma	SE	M	123-----	0
SELOT	Löten	SE		1-------	0
SELOU	Loudden/Stockholm	SE	AB	1-------	0
SELUG	Lugnvik	SE	Y	1-------	0
SELUN	Lövholmen	SE	BD	1-------	0
SELVR	Lövånger	SE	AC	1-------	0
SELYS	Lysekil	SE	O	123-----	0
SEMAD	Mariestad	SE	O	123-----	0
SEMAN	Marsviken	SE	D	1-------	0
SEMAR	Marieberg	SE		1-------	0
SEMAV	Marviken	SE	E	1-------	0
SEMDM	Munkedalshamn	SE	O	123-----	0
SEMEM	Mem	SE	E	1-3-----	0
SEMLE	Mölle	SE	M	1-3-----	0
SEMLO	Mollösund	SE	O	1-3-----	0
SEMMA	Malmö	SE	M	1234----	0
SEMON	Mönsterås	SE	H	123-----	0
SEMOO	Mo	SE	Y	1-------	0
SEMOR	Mörbylånga	SE	H	1-------	0
SEMRF	Mariefred	SE	D	1-3-----	0
SEMSD	Marstrand	SE	O	1-3-----	0
SEMSK	Muskö	SE	AB	1-------	0
SEMUN	Munksund	SE	BD	123-----	0
SENAS	Näs	SE	W	1-------	1
SENAV	Nävekvarn	SE	D	1-------	0
SENHN	Nyhamn	SE	X	1-------	0
SENJA	Norrbottens Järnverk-SSAB	SE	BD	1-------	1
SENOE	Norrtälje	SE	AB	1-------	0
SENOG	Nordmaling	SE	AC	1-3-----	0
SENOL	Nol (ports)	SE	O	123-----	0
SENOR	Norrbyskär	SE	Y	1-------	0
SENOT	Norrsundet	SE	X	123-----	0
SENRK	Norrköping	SE	E	1234----	0
SENRR	Norvik	SE	AB	1-3-----	0
SENST	Noraström	SE	Y	1-------	0
SENYN	Nynäshamn	SE	AB	123-----	0
SENYO	Nyköping	SE	D	1234----	0
SEOAX	Oaxen	SE	D	1-------	0
SEOBB	Obbola	SE	AC	1-------	0
SEOCO	Öckerö	SE	O	1-------	0
SEOEN	Ön	SE	C	1-------	0
SEOER	Örnsköldsvik	SE	Y	1234----	0
SEOGR	Öregrund	SE	C	1-------	0
SEORT	Ortviken	SE	Y	1-------	0
SEORV	Örviken	SE	AC	1-------	0
SEOSK	Oskarshamn	SE	H	123-----	0
SEOST	Östrand	SE	X	1-------	0
SEOTT	Otterbäcken	SE	O	123-----	0
SEOXE	Oxelösund	SE	D	123-----	0
SEPAS	Påskallavik	SE	H	1-------	0
SEPHM	Pataholm	SE	H	1-3-----	0
SEPIT	Piteå	SE	BD	123-----	0
SERAA	Råå	SE	M	1-------	0
SERAM	Ramvik	SE	Y	123-----	0
SERBY	Ronnebyhamn	SE	K	123-----	0
SERIN	Ringhals	SE	N	1-------	0
SERNB	Ronneby	SE	K	1234----	0
SERNG	Rönnäng	SE	O	1-3-----	0
SERNH	Ronehamn	SE	I	1-------	0
SEROR	Rönnskär	SE	X	1-------	0
SEROV	Rönnskärsverken	SE	X	1-------	1
SERUV	Rundvik	SE	AC	1-3-----	0
SESAE	Sandarne	SE	X	123-----	0
SESAF	Säffle	SE	S	123-----	0
SESAK	Sandvik	SE		1-------	0
SESBB	Saltsjö-Boo	SE	AB	1-------	0
SESBN	Saltsjöbaden	SE	D	123-----	0
SESDK	Sundsbruk	SE	Y	123-----	0
SESDL	Sundsvall	SE	Y	1-34----	0
SESDS	Studsvik	SE	D	1-------	0
SESEA	Svedala	SE	M	1-3-----	0
SESES	Seskarö	SE	BD	1-------	0
SESFT	Skellefteå	SE	AC	1234----	0
SESGM	Skagshamn	SE	Y	1-------	0
SESGT	Sigtuna	SE	AB	123-----	0
SESIK	Sikeå	SE	AC	1-------	0
SESIM	Simrishamn	SE	M	123-----	0
SESKB	Skärblacka	SE	E	123-----	0
SESKE	Skelleftehamn	SE	AC	1-------	0
SESKL	Skalhamn	SE	O	1-------	0
SESKM	Skärhamn	SE	O	1-3-----	0
SESKN	Skuthamn	SE	BD	1-------	0
SESKO	Skoghall	SE	S	123-----	0
SESKR	Skredsvik	SE	O	1-3-----	0
SESKT	Skattkärr	SE	S	1-------	0
SESLI	Slite	SE	I	1-------	0
SESMD	Strömstad	SE	O	123-----	0
SESMN	Storuman	SE	AC	123-----	0
SESMO	Smögen	SE	O	1-3-----	0
SESMS	Salmis	SE	BD	1-------	0
SESND	Svanesund	SE	O	1-3-----	0
SESNR	Skanör	SE	M	1-3-----	0
SESOE	Södertälje	SE	AB	123--6--	0
SESOG	Söderköping	SE	E	123-----	0
SESOL	Sölvesborg	SE	K	123-----	0
SESOO	Söderhamn	SE	X	1234----	0
SESOR	Söråker	SE	Y	123-----	0
SESPP	Simpevarp	SE	H	1-------	0
SESPR	Sprängsviken	SE	Y	123-----	0
SESSR	Skutskär	SE	C	123-----	0
SESTA	Stocka	SE	X	1-------	0
SESTE	Stenungsund	SE	O	123-----	0
SESTG	Stigtomta	SE	D	123-----	0
SESTJ	Stavsjö	SE	G	1----6--	0
SESTK	Stockviksverken	SE	Y	1-3-----	0
SESTL	Saltkällan	SE	O	1-3-----	0
SESTO	Stockholm	SE	AB	12345---	1
SESTQ	Strängnäs	SE	D	123-----	0
SESTR	Sandvik, Styrsö	SE	O	1-3-----	0
SESTU	Stugsund	SE	X	123-----	0
SESTV	Stora Vika	SE	AB	1-3-----	0
SESUD	Stocksund	SE	AB	1-------	0
SESUG	Sundbyberg	SE	AB	123-----	0
SESUN	Sund	SE		1-------	0
SESUR	Surte	SE	O	1-3-----	0
SESUS	Storugns	SE	I	1-3-----	0
SESVK	Svartvik	SE	X	1-------	0
SESVX	Svanö	SE	Y	1-------	0
SETHN	Trollhättan	SE	O	1234----	0
SETOA	Torshälla	SE	D	1-3-----	0
SETOE	Töre	SE	BD	1-------	0
SETOV	Torekov	SE	M	1-------	0
SETRG	Trelleborg	SE	M	1-------	0
SETSL	Träslövsläge	SE	N	1-------	0
SETTD	Tomtbod	SE	I	1-3-----	0
SETUN	Tunadal	SE	Y	123-----	0
SEUDD	Uddevalla	SE	O	123-----	0
SEUGN	Ulebergshamn	SE	O	1-3-----	0
SEULF	Ulfvik	SE		1-------	0
SEUME	Umeå	SE	AC	1234----	0
SEUND	Underås	SE	AB	1-------	0
SEUPP	Uppsala	SE	C	123-----	0
SEURS	Ursviken	SE	AC	123-----	0
SEUTA	Utansjö	SE	Y	1-------	0
SEVAA	Vålberg	SE	S	1-3-----	0
SEVAG	Varberg	SE	N	123-----	0
SEVAJ	Väja	SE	Y	123-----	0
SEVAK	Valdemarsvik	SE	E	1-------	0
SEVAL	Vallvik	SE	X	123-----	0
SEVAN	Vänersborg	SE	O	123-----	0
SEVBY	Visby	SE	I	1234----	0
SEVER	Verkebäck	SE	H	1-------	0
SEVGN	Vargön	SE	O	123-----	0
SEVGO	Vrångö	SE	O	1-3-----	0
SEVIV	Vivstavarv	SE	X	123-----	0
SEVRB	Vårby	SE	AB	1-------	0
SEVST	Västerås	SE	U	1234----	0
SEVVK	Västervik	SE	H	1234----	0
SEVXH	Vaxholm	SE	AB	1-3-----	0
SEWAL	Wallhamn	SE	O	1-------	0
SEYST	Ystad	SE	M	123-----	0
SGAYC	Pulau Ayer Chawan	SG	05	1-------	0
SGCHG	Changi	SG	04	1-34----	0
SGJUR	Jurong	SG	05	1-3-----	0
SGKEP	Keppel	SG	01	1-3-----	0
SGPAP	Pasir Panjang	SG	05	1-3-----	0
SGPPT	PASIR PANJANG Terminal	SG	05	1-3-----	0
SGPUB	Pulau Bukom	SG	05	1-------	0
SGSCT	Singapore Container Terminal	SG		1-------	0
SGSEB	Pulau Sebarok	SG	05	1-------	0
SGSEM	Sembawang	SG	03	1-3-----	0
SGSIN	Singapore	SG		1--45---	0
SGSLT	Seletar	SG	01	1-34----	0
SGTPG	Tanjong Pagar	SG	01	1-3-----	0
SGTPN	Tanjong Penjuru	SG	05	1-3-----	0
SGTUA	Tuas	SG	05	1-3-----	0
SHASC	Ascension	SH		1-------	0
SHASI	Georgetown	SH		1--4----	0
SHRPT	Rupert's Bay	SH	HL	1-------	0
SHSHN	Jamestown	SH		1-------	0
SHTDC	Tristan da Cunha	SH		1---5---	0
SIDBO	Dobrovo	SI	007	1----6--	0
SIIZO	Izola	SI		1-------	0
SIJAR	Jarenina	SI	001	1-------	0
SIJCE	Jesenice	SI	041	123-----	0
SIKOP	Koper	SI		1-------	0
SILU6	Trojane	SI	068	1-3-----	0
SIPIR	Piran	SI		1-------	0
SIPOW	Portoroz	SI		1--4----	0
SIROG	Rogasovci	SI	105	1----6--	0
SIS8L	Selca	SI	146	1-------	0
SISEC	Secovlje	SI	090	1----6--	0
SISLV	Lukovica pri Domzalah	SI		1----6--	0
SISML	Mala Nedelja	SI	063	1-3-----	0
SITOL	Tolmin	SI	128	1-------	0
SIVB9	Vremski Britof	SI	019	1----6--	0
SIVOJ	Vojnik	SI	139	1----6--	0
SIVRA	Vransko	SI	190	1----6--	0
SIVUH	Vuhred	SI	101	1----6--	0
SIXZA	Zgornji Jakobski Dol	SI	089	1-3-----	0
SIZ35	Zgornji Leskovec	SI	135	1----6--	0
SIZ42	Zagorje ob Savi	SI	142	1----6--	0
SIZ95	Zgornje Jezersko	SI	095	1----6--	0
SIZAB	Zabnica	SI	052	1----6--	0
SIZAG	Zagradec	SI	039	1----6--	0
SIZAV	Zavrc	SI	028	1----6--	0
SIZBU	Zabukovje nad Sevnico	SI	110	1----6--	0
SIZDO	Zdole	SI	054	1----6--	0
SIZET	Zetale	SI	069	1----6--	0
SIZGB	Zgornja Besnica	SI	052	1----6--	0
SIZGK	Zgornja Korena	SI	026	1----6--	0
SIZGL	Zgornja Loznica	SI	113	1----6--	0
SIZGP	Zgornja Polskava	SI	113	1----6--	0
SIZGV	Zgornja Velka	SI	118	1----6--	0
SIZID	Zidani Most	SI	057	1----6--	0
SIZIR	Zirovnica	SI	041	1----6--	0
SIZUZ	Zuzemberk	SI	085	1----6--	0
SJBAR	Barentsburg	SJ		1-------	0
SJLYR	Longyearbyen	SJ		1-34----	0
SJNYA	Ny-Ålesund	SJ		1-------	0
SJSVE	Sveagruva	SJ		1-------	0
SKBAB	Bratislava Port	SK	BL	1-------	0
SKBCK	Beckov	SK	TA	1-------	0
SKDF4	Spisský Stiavnik	SK	PV	1-3-----	0
SKDVO	Dvorniky	SK	KI	1----6--	0
SKDXZ	Valaska	SK	BC	1-3-----	0
SKFD3	Krásno	SK	TC	1-3-----	0
SKGLT	Galanta	SK	TA	123-----	0
SKHIL	Mojmírovce	SK	NI	1-3-----	0
SKK87	Sady nad Torysou	SK	KI	1-3-----	0
SKKAO	Kolárovo	SK	NI	123-----	0
SKKNP	Komarno Port	SK	NI	1-------	0
SKKVE	Kvetoslavov	SK	TA	1----6--	0
SKMAT	Martovce	SK		1-3-----	0
SKMOD	Modra	SK		1----6--	0
SKPLB	Praha	SK	BC	1-------	0
SKPOP	Poprad	SK	PV	1-------	0
SKSLK	Siladice	SK	TA	1----6--	0
SKTBE	Trencianske Bohuslavice	SK	TC	1-3-----	0
SKTEP	Teplicka nad Vahom	SK	ZI	1----6--	0
SKTLM	Tlmace	SK		1-3-----	0
SKTNA	Trnava	SK	TA	123-----	0
SKTUT	Turcianske Teplice	SK	ZI	1-3-----	0
SKVZK	Vel'ké Zlievce	SK	BC	1----6--	0
SKXCV	Malá Trna	SK	KI	1-3-----	0
SKXXX	RIS Inland waterways	SK		1-------	0
SKZIA	Ziar nad Hronom	SK		123-----	0
SLBTE	Bonthe	SL		1--4----	0
SLFNA	Freetown	SL		1--45---	0
SLKSY	Kissy	SL	W	1-3--6--	0
SLNIT	Nitti	SL		1-------	0
SLPEP	Pepel	SL		1-------	0
SLSBO	Sherbro	SL		1-------	0
SMAQ8	Gualdicciolo	SM	01	1-3-----	0
SNDKR	Dakar	SN		1--45---	0
SNFOU	Foundiougne	SN		1-------	0
SNKLC	Kaolack	SN		1--4----	0
SNLYN	Lyndiane	SN		1-------	0
SNMBA	M'bao Terminal	SN		1-------	0
SNXLS	Saint Louis	SN	SL	1--4----	0
SNZIG	Ziguinchor	SN		1--4----	0
SOBBO	Berbera	SO		1--4----	0
SOELM	El Maan	SO		1-3-----	0
SOGHR	Giohar	SO		1-3-----	0
SOGRC	Garacad	SO	MU	1-3-----	0
SOKMU	Kismayu	SO		1--4----	0
SOMER	Merca	SO		1-------	0
SOMGQ	Mogadishu	SO		1--45---	0
SRABN	Albina	SR		1--4----	0
SRAGI	Wageningen	SR		1--4----	0
SRICK	Nieuw Nickerie	SR		1--4----	0
SRLLW	Lelydorp	SR	WA	12---6--	0
SRMOJ	Moengo	SR		1--4----	0
SRPBM	Paramaribo	SR		1--45---	0
SRPRM	Paranam	SR		1-------	0
SRSMA	Smalkalden	SR		1-------	0
STPCP	Principe	ST		1--4----	0
STSAA	Santo Antonio	ST		1-------	0
STTMS	Sao Tome Island	ST		1--45---	0
SVAPO	Apopa	SV	SS	1----6--	0
SVAQJ	Acajutla	SV		1-3-----	0
SVBEL	Belfast	SV	SM	1----6--	0
SVLLD	La Libertad	SV	LI	1-3-----	0
SVLUN	La Union	SV		1-------	0
SVMAN	El Manzanillo	SV	SM	1----6--	0
SVMIR	Miramar	SV	AH	1-------	0
SVNCU	Nuevo Cuscatlan	SV	LI	1----6--	0
SVNHZ	Nahuizalco	SV	SO	1-------	0
SVSAL	San Salvador	SV		1--45---	0
SVSSO	Armenia	SV	SO	1----6--	0
SVTUE	Moncagua	SV	AH	1-------	0
SXGES	Gallis Bay	SX		1-3-----	0
SXMAR	Marigot	SX		1-------	0
SXPHI	Philipsburg	SX		1-3-----	0
SXSXM	Sint-Maarten Apt	SX		1--45---	0
SYALD	Al Ladhiqiyah	SY		123-----	0
SYARW	Arwad	SY	TA	1-3-----	0
SYBAN	Baniyas	SY	TA	1-3-----	0
SYBEN	Banghazi	SY		1-3-----	0
SYDAM	Damascus (Damas)	SY		1--45---	0
SYLTK	Latakia	SY		1--4----	0
SYTAO	Tartus Oil Terminal	SY	TA	1-------	0
SYTTS	Tartus	SY	TA	1-3-----	0
SZ7DS	Sidvokodvo	SZ	MA	1-3-----	0
SZMAL	Malkerns	SZ	LU	1-3-----	0
SZNHL	Nhlangano	SZ		1-3-----	0
TC9CB	Cockburn Harbour	TC		1-3-----	0
TCGDT	Grand Turk Island	TC		1--45---	0
TCNCA	North Caicos	TC		1--4----	0
TCPLS	Providenciales	TC		1--4----	0
TCSLX	Salt Cay	TC		1--4----	0
TCXSC	South Caicos	TC		1--4----	0
TFPFR	Port-aux-Français	TF		1-------	0
TGANE	Aného	TG		1-------	0
TGKPE	Kpeme	TG		1-------	0
TGLFW	Lome	TG		1--45---	0
THBAI	Bangpoomai	TH	11	1-3-----	0
THBEN	Benchamas	TH		1-------	0
THBKK	Bangkok	TH	10	12345---	0
THBMT	Bangkok Modern Terminals/Bangkok	TH		1-3-----	0
THBND	Ban Don	TH	84	1-------	0
THBNG	Bangnara	TH	96	1-------	0
THBNK	Ban Kantang	TH	92	1-3-----	0
THBNL	Ban Laem	TH	76	1-------	0
THBPG	Ban Pong	TH		123-----	0
THBPK	Ban Prakop Customs House	TH	90	1-3-----	0
THBSP	Bang Saphan	TH		123-----	0
THBTC	Bangpakong Terminal	TH	24	1-------	0
THBTP	Ban Talat Takua Pa	TH	82	1-3-----	0
THCHA	Chanthaburi	TH	22	1-------	0
THCHS	Chiang Saen Customs House	TH	57	1-3-----	0
THCHU	Chumphon	TH	86	1-3-----	0
THECT	Ekachai Container Terminal	TH	74	1-------	0
THERA	Erawan	TH		1-------	0
THHOP	Hoping	TH		1-------	0
THI6C	T S Transport and Logistics	TH	11	1-------	0
THKAN	Kantang	TH	92	123-----	0
THKHA	Khanom	TH	80	1-------	0
THKLA	Ko Lanta	TH	81	1-------	0
THKLY	Khlong Yai	TH	23	1-3-----	0
THKPT	Kamphaeng Phet	TH	62	1-3-----	0
THKRU	Phra Khanong	TH	10	1-3-----	0
THKRV	Krabi	TH	81	1-------	0
THKSI	Ko Sichang	TH	20	1-------	0
THKSM	Ko Samui	TH	84	1-------	0
THKYO	Ko Yao	TH	82	1-------	0
THLAS	Lang Suan	TH	86	1-------	0
THLCH	Laem Chabang	TH	20	1-3-----	0
THMAT	Map Ta Phut	TH	21	1-3-----	0
THMEK	Mae Klong	TH	75	1-------	0
THNHP	NH Prosperity	TH	10	1-------	0
THNIM	Nim Port	TH	11	1-------	0
THNKT	Nakhon Si Thammarat	TH	80	1-------	0
THNRW	Narathiwat	TH	96	1-------	0
THPHA	Phang-Nga	TH	82	1-------	0
THPKB	Pakbara	TH	91	1-------	0
THPKN	Pak Nam	TH	11	1-------	0
THPKP	Pak Phanang	TH	80	1-------	0
THPKT	Phuket Port	TH	83	1-------	0
THPLA	Platong	TH		1-------	0
THPPA	Phra Pradaeng	TH	11	1-3-----	0
THPPC	Prachuap Port	TH	77	1-------	0
THPTN	Pattani	TH	94	1-------	0
THPTR	Photharam	TH	70	123-----	0
THPYT	Phahon Yothin Customs House	TH	10	12------	0
THRNN	Ranong	TH	85	1-------	0
THSAP	Samut Prakan	TH	11	1-3--6--	0
THSAT	Sattahip	TH	20	1-------	0
THSCS	Sahathai Coastal Seaport	TH	11	1-3-----	0
THSGK	Songkhla	TH	90	1-3-----	0
THSHT	Actu-lum	TH	11	1-------	0
THSIC	Sichon	TH	80	1-------	0
THSNT	Satun	TH	91	1-3-----	0
THSRI	Si Racha	TH	20	123--6--	0
THSSW	Siamgas and Petrochemicals	TH	11	1-------	0
THTAB	Tak Bai Customs House	TH	96	1-3-----	0
THTAC	Tha Chaleap	TH	22	1-------	0
THTHA	Tha Sala	TH	80	1-------	0
THTPP	Tungprong Pt	TH	20	1-------	0
THTRG	Trang	TH	92	1-------	0
THUCT	Unithai Container Terminal	TH	11	1-3-----	0
THURT	Surat Thani	TH	84	1--4----	0
TKAFU	Atafu	TK		1-------	0
TKFKO	Fakaofo	TK		1-------	0
TKNKU	Nukunonu	TK		1-------	0
TLDIL	Dili	TL	DI	1-34----	0
TMALT	Altyn Asyr	TM		1----6--	0
TMCHE	Cheleken	TM	B	1-3-----	0
TMHAL	Halach	TM		1-3-----	0
TMKRA	Krasnovodsk	TM	B	1-3-----	0
TMKRW	Turkmenbashi	TM	B	1234----	0
TMTMZ	Termez	TM		1-------	0
TNARI	Ariana	TN	11	1----6--	0
TNASH	Ashtart Terminal	TN		1-------	0
TNBIZ	Bizerte	TN		1234----	0
TNBJC	Borj Cedria	TN	21	1-3-----	0
TNCHB	Chebba	TN	53	1-3-----	0
TNDID	Didon	TN		1-------	0
TNDJE	Djerba	TN		1-34----	0
TNGAE	Gabès	TN		1--4----	0
TNHMM	Al Hammamat	TN		123--6--	0
TNJAR	Jarjis	TN		1-------	0
TNKEB	Kebili	TN	73	1----6--	0
TNKEM	Ksibet el Médiouni	TN	52	1-------	0
TNLGN	La Goulette Nord (Halqueloued)	TN		123-----	0
TNLSK	La Skhirra	TN		123-----	0
TNMAD	Mahdia	TN	53	123-----	0
TNMBA	Menzel Bourguiba	TN		123-----	0
TNOUD	Oudna	TN		1-------	0
TNRDS	Radès	TN	11	123-----	0
TNSFA	Sfax	TN		1234----	0
TNSLN	Soliman	TN	21	1-3-----	0
TNSUS	Sousse	TN		1234----	0
TNTAT	Tazerka Terminal	TN		1-------	0
TNTUN	Tunis	TN		12345---	0
TNTZE	Al Marsá	TN	11	123--6--	0
TNZRZ	Zarzis	TN	82	1-3-----	0
TOHPA	Ha'apai	TO		1--4----	0
TONEI	Neiafu	TO		1-------	0
TOPAN	Pangai	TO		1-------	0
TOTBU	Nuku'alofa	TO		1--45---	0
TR9AK	Pasaköy	TR	34	1-3-----	0
TRADA	Adana	TR	01	1--4----	0
TRADY	Yumurtalik	TR	01	1-------	0
TRAKB	Akçaabat	TR	61	1-------	0
TRAKC	Akcansa	TR	17	1-------	0
TRAKD	Akdeniz	TR		1-------	0
TRAKY	Akçay	TR	10	1-------	0
TRALA	Alanya	TR	07	1-------	0
TRALI	Aliaga	TR	35	1-------	0
TRAMA	Amasra	TR	67	1-------	0
TRAMR	Ambarli	TR	34	1-3-----	0
TRANA	Anamur	TR	33	1-------	1
TRAUT	Yeniköy-Autoport	TR	41	1-------	0
TRAYA	Ayancik	TR	57	1-------	0
TRAYD	Altinkum	TR	09	1-------	0
TRAYT	Antalya	TR	07	1234----	0
TRAYV	Ayvalik	TR	10	1-------	0
TRBBI	Beylerbeyi	TR	34	1-3-----	0
TRBBP	Baba Point	TR	17	1-------	0
TRBDM	Bandirma	TR	10	1234----	0
TRBEY	Beykoz	TR	34	1-------	0
TRBHN	Burhaniye	TR	10	1-------	0
TRBOG	Bogazagzi	TR	67	1-------	0
TRBOL	Bolu	TR	14	1-------	0
TRBOT	Botas	TR	01	1-------	0
TRBTS	Besiktas	TR	34	1-3-----	0
TRBUY	Büyükçukur	TR	16	1-------	0
TRBXN	Bodrum	TR	48	1--4----	0
TRBZB	Bozburun	TR	48	1-------	0
TRBZC	Bozcaada	TR	17	1-------	0
TRBZI	Balikesir	TR	10	1--4----	0
TRCAM	Çamalti	TR	35	1-------	0
TRCES	Çesme	TR	35	1-------	0
TRCID	Cide	TR	37	1-------	0
TRCKZ	Çanakkale	TR	17	1-------	0
TRCUB	Cubuklu	TR	34	1-------	0
TRDAR	Darica	TR	41	1-------	0
TRDAT	Datça	TR	48	1-------	0
TRDIK	Dikili	TR	35	1-------	0
TRDIL	Diliskelesi	TR	41	1-------	0
TRDRC	Derince	TR	41	1-3-----	0
TRDYL	Dörtyol	TR	31	1-------	0
TREDI	Edirne	TR	22	1-------	0
TREDO	Edremit	TR	10	1-34----	0
TRENE	Enez	TR	22	1-------	0
TRERE	Eregli	TR	67	1-3-----	0
TRERK	Erdek	TR	10	1-------	0
TREYP	Evyap Port /Kocaeli	TR	41	123-----	0
TRFAS	Fatsa	TR	52	1-------	0
TRFET	Fethiye	TR	48	1-------	0
TRFIN	Finike	TR	07	1-------	0
TRFOC	Foça	TR	35	1-------	0
TRFRZ	Firuzköy	TR	34	1-3-----	0
TRGCA	Gokceada	TR	17	1-------	0
TRGCK	Gocek	TR	48	1-------	0
TRGEB	Gebze	TR	41	123-----	0
TRGEL	Gelibolu	TR	17	1-3-----	0
TRGEM	Gemlik	TR	16	1-------	0
TRGIR	Giresun	TR	28	1-------	0
TRGKV	Akçapinar	TR	48	1-------	0
TRGOR	Görele	TR	28	1-------	0
TRGTA	Galata	TR	34	1-------	0
TRGUL	Güllük	TR	48	1-------	0
TRGZE	Gerze	TR	57	1-------	0
TRHAR	Haramidere	TR	34	1-------	0
TRHAS	Hasköy	TR	34	1-------	0
TRHAY	Haydarpasa	TR	34	1-3-----	0
TRHER	Hereke	TR	41	1-------	0
TRHIS	Hisarönü	TR	48	1-3-----	0
TRHOP	Hopa	TR	08	1-3-----	0
TRIDM	Isdemir	TR	31	1-------	0
TRIDS	Icdas Jetty	TR	17	1-------	0
TRIGN	Igneada	TR	39	1-------	0
TRINE	Inebolu	TR	37	1-------	0
TRISK	Iskenderun	TR	31	123-----	0
TRIST	Istanbul	TR	34	12345---	0
TRIZM	Izmir	TR	35	12345---	0
TRIZT	Izmit	TR	41	123-----	0
TRKAR	Kartal	TR	34	1-------	0
TRKAS	Kas	TR	07	1-------	0
TRKBS	Kabatas	TR		123--6--	0
TRKBY	Karacabey	TR	16	1-------	0
TRKFK	Kefken	TR	41	1-------	0
TRKFZ	Körfez	TR	41	123-----	0
TRKKY	Karaköy/Istambul	TR	34	1-3-----	0
TRKMR	Kemer	TR	07	1-3-----	0
TRKMX	Kumport	TR	34	123-----	0
TRKN2	Konak	TR	35	1-3-----	0
TRKOC	Kusukkuyu	TR	10	1-------	0
TRKPE	Kartepe	TR	41	1-3-----	0
TRKRB	Karabiga	TR	17	1-------	0
TRKRS	Karasu	TR	54	1-3-----	0
TRKRT	Karatas	TR	01	1----6--	0
TRKSP	Port of Karasu	TR	54	1-------	0
TRKUS	Kusadasi	TR	09	1-3-----	0
TRLMA	Limas	TR	41	12------	0
TRM47	Nusaybin	TR	47	1-3-----	0
TRMAD	Mardas	TR	34	123-----	0
TRMAL	Maltepe	TR	34	1-------	0
TRMER	Mersin	TR	33	123-----	0
TRMFZ	Mersin-Free Zone	TR	33	123-----	0
TRMIM	Mimarsinan	TR	34	1-------	0
TRMPT	Marport	TR	34	123-----	0
TRMRA	Marmara Adasi	TR	10	1-------	0
TRMRM	Marmaris	TR	48	1-------	0
TRMUD	Mudanya	TR	16	1-3-----	0
TRMVG	Manavgat	TR	07	1-3-----	0
TRNEM	Nemrut Bay	TR	35	1-------	0
TRODU	Odunluk	TR	17	1-------	0
TRORD	Ordu	TR	52	1-------	0
TRPEN	Pendik	TR	34	1-------	0
TRPLP	Poliport	TR	41	1-------	0
TRPZR	Pazar	TR	53	1-------	0
TRRIZ	Rize	TR	53	1-------	0
TRRZY	Rota-Izmit Bay	TR	35	1-------	0
TRSER	Serviburun	TR	34	1-------	0
TRSIC	Sinop	TR	57	1--4----	0
TRSIL	Silivri	TR	34	1-3-----	0
TRSLE	Sile	TR	34	1-------	0
TRSRL	Saraylar	TR	10	1-------	0
TRSRS	Sariseki	TR	31	123-----	0
TRSSX	Samsun	TR	55	1--4----	0
TRSUR	Surmene	TR	61	1-------	0
TRSUT	Sutluce	TR	34	1-------	0
TRTAS	Tasucu	TR	33	1-------	0
TRTEK	Tekirdag	TR	59	1234----	0
TRTGT	Toros Gubre Terminal, Gubre	TR	31	123-----	0
TRTIR	Tirebolu	TR	28	1-------	0
TRTUR	Turan	TR	35	1-------	0
TRTUT	Tutunciftlik	TR	41	1-------	0
TRTUZ	Tuzla	TR	34	1-------	0
TRTZX	Trabzon	TR	61	1-34----	0
TRUNY	Ünye	TR	52	1-------	0
TRURL	Urla	TR	35	1-------	0
TRUSK	Üsküdar	TR	34	1-------	0
TRVAK	Vakfikebir	TR	61	1-------	0
TRYAL	Yalova	TR	77	1-3-----	0
TRYAR	Yarimca	TR	41	1-------	0
TRYIK	Yesilovacik	TR	33	1-------	0
TRYPO	Yilport	TR	41	1-3-----	0
TRZEY	Zeytinburnu	TR	34	1-------	0
TRZON	Zonguldak	TR	67	1-------	0
TTCHA	Chaguaramas	TT		1-------	0
TTCHV	Charlotteville	TT	ETO	1-3-----	0
TTCLA	Claxton Bay	TT	CTT	1-3-----	0
TTCRN	Carenage	TT		1-3-----	0
TTCVA	Couva	TT		1-3-----	0
TTFPT	Saint Mary's	TT	CTT	1-3-----	0
TTFRE	Freeport	TT	CTT	1-3-----	0
TTGUA	Guayaguayare	TT		1-3-----	0
TTLAB	La Brea (Brighton)	TT		1-------	0
TTPLY	Plymouth	TT		1-------	0
TTPOS	Port-of-Spain	TT	POS	1--45---	0
TTPTF	Point Fortin	TT		1-------	0
TTPTG	Point Galeota	TT		1-------	0
TTPTP	Pointe a Pierre	TT		1-------	0
TTPTS	Point Lisas	TT		1-------	0
TTSCA	Scarborough/Tobago	TT		1-------	0
TTSFE	San Fernando	TT		1-------	0
TTTEM	Tembladora	TT		1--4----	0
TVFUN	Funafuti	TV		1--45---	0
TWAPG	An Ping	TW		1-------	0
TWBAL	Bali	TW		1-3-----	0
TWBDA	Budai	TW		1-------	0
TWHOP	Hoping	TW	HUA	1-------	0
TWHTC	Hsin-t'ien	TW	TPE	1-3-----	0
TWHUK	Hukou	TW	HSQ	1-------	0
TWHUN	Hualien	TW		1--4----	0
TWKEL	Keelung (Chilung)	TW		1-------	0
TWKHH	Kaohsiung	TW		1--4----	0
TWLGM	Lung-men	TW		1-------	0
TWMAL	Mai-Liai	TW		1-------	0
TWMLI	Mai-liao	TW		1-------	0
TWNAN	Nantou	TW		1-3-----	0
TWSHL	Sha-lun	TW		1-3-----	0
TWSUO	Suao	TW		1-------	0
TWTNN	Tainan	TW		1--4----	0
TWTPE	Taipei	TW	TPE	1--45---	0
TWTTT	Taitung	TW		1--4----	0
TWTXG	Taichung	TW	TXG	1--4----	0
TWTYN	Taoyuan	TW		1-34----	0
TWWTU	Wu-tu	TW		123--6--	0
TWYGE	Ying-Ge	TW	TPE	1-------	0
TWYLN	Yunlin	TW	YUN	1-------	0
TZDAR	Dar es Salaam	TZ		12345---	0
TZIKW	Ikwiriri	TZ		1-3-----	0
TZKAG	Kagera	TZ		1----6--	0
TZKIK	Kilwa Kivinje	TZ		1-------	0
TZKIM	Kilwa Masoko	TZ		1-------	0
TZLDI	Lindi	TZ		1--4----	0
TZMIC	Michiuja	TZ		1-------	0
TZMIK	Mikindani	TZ		1-------	0
TZMKO	Mkokotoni, Zanzibar	TZ		1-------	0
TZMOH	Mohoro	TZ		1-------	0
TZMTS	Mtsora	TZ		1-------	0
TZMWZ	Mwanza	TZ	18	1--4----	0
TZMYW	Mtwara	TZ		1--4----	0
TZPAN	Pangani	TZ		1-------	0
TZPMA	Pemba	TZ		1--4----	0
TZRIJ	Rijiju	TZ		1-------	0
TZSAM	Samanga	TZ		1-------	0
TZTGT	Tanga	TZ		1--4----	0
TZTKQ	Kigoma	TZ		1--4----	0
TZZNZ	Zanzibar	TZ		1--45---	0
UABGD	Bilhorod-Dnistrovskyi	UA	51	1-------	0
UADSK	Svitlovodsk	UA	35	1-3-----	0
UAERD	Berdiansk	UA	23	1-------	0
UAILK	Chornomorsk	UA	51	123--6--	0
UAIZM	Izmail	UA	51	1-------	0
UAKHE	Kherson	UA	65	1--4----	0
UAKIA	Kiliia	UA		1-------	0
UAMPW	Mariupol	UA	14	1--4----	0
UANLV	Mykolaiv	UA	48	1-34----	0
UAOCH	Ochakiv	UA	48	1-3--6--	0
UAOCT	Olviia	UA	48	123-----	0
UAODS	Odesa	UA	51	1234-6--	0
UARNI	Reni	UA	51	12------	0
UASKD	Skadovsk	UA	65	1-3-----	0
UAUDY	Ust-Dunaisk/Vylkove	UA	51	1-------	0
UAVYL	Vylkove	UA	51	1-------	0
UAYUZ	Pivdennyi	UA	51	1-------	0
UAZPR	Zaporizhzhia	UA	23	1--4-6--	0
UGJIN	Jinja	UG		1--4----	0
UGMKN	Galiraya	UG	108	1-------	0
UGYMB	Yumbe	UG	303	1----6--	0
UMAWK	Wake Island	UM	79	1--4----	0
UMJON	Johnston Atoll	UM	67	1--4----	0
UMMDY	Midway Islands	UM	71	1--4----	0
US2BY	Ballston Lake	US	NY	1-------	0
US2OG	South Ogden	US	UT	1-------	0
US2PA	Clearville	US	PA	1-3-----	0
US2SI	Sinton	US	TX	1-3-----	0
US2TO	Clifford Township	US	PA	1-3-----	0
US2TT	Cottrellville	US	MI	1----6--	0
US3BR	Berry Creek	US	CA	1-3-----	0
US3DC	Westwood	US	CA	1-3-----	0
US3DU	Victor	US	CA	1-3-----	0
US3DV	Ulupalakua	US	HI	1-3-----	0
US3OL	Wellfleet	US	MA	1-3-----	0
US3SD	Mabscott	US	WV	1-3-----	0
US3TR	Vineburg	US	CA	1-3-----	0
US3TU	West Newton	US	MA	1-3-----	0
US3VC	Outlook	US	WA	1-3-----	0
US3WA	Lyle	US	WA	1-3-----	0
US4CP	Captiva	US	FL	1----6--	0
US4HE	East Fairfield	US	OH	1----6--	0
US4NJ	New Era	US	MI	1-3-----	0
US4NM	Ponce de Leon	US	FL	1-3-----	0
US4TP	Ulm	US	AR	1-3-----	0
US4WR	West Glocester	US	RI	1-3-----	0
US5BL	Laurence Harbor	US	NJ	1----6--	0
US5MN	Hardwick	US	MN	1-3-----	0
US6ER	Lake Saint Louis	US	MO	1-3-----	0
US6TT	Saint Pete Beach	US	FL	1-3-----	0
US7AL	Detroit	US	AL	1-3-----	0
US7BA	Speedwell	US	TN	1-3-----	0
US7CA	Penn Valley	US	CA	1-3-----	0
US7OL	Sea Cliff	US	NY	1-3-----	0
US7SD	Lowden	US	WA	1-3-----	0
US7YT	Lynnfield	US	MA	1-3-----	0
US8DC	Woodacre	US	CA	1-3-----	0
US8DD	Ranchos de Taos	US	NM	1-3-----	0
US8MN	Orcutt	US	CA	1-3-----	0
US8PR	Zamora	US	CA	1-3-----	0
US8QA	Vallecito	US	CA	1-3-----	0
US8TT	Woodbury	US	NY	1-3-----	0
US8UY	Waldo	US	OH	1-3-----	0
US8XC	Woodmere	US	NY	1-3-----	0
US8XD	Woodmere	US	OH	1-3-----	0
US8YI	Tres Pinos	US	CA	1-3-----	0
US999	Waterville	US	PA	1-3-----	0
US99W	East Windsor	US	CT	1----6--	0
US9AI	Waianae	US	HI	1-3-----	0
US9CP	Chapman	US	KS	1-------	0
US9DK	Penngrove	US	CA	1-3-----	0
US9IU	Point Reyes Station	US	CA	1-3-----	0
US9OH	Moreland Hills	US	OH	1-3-----	0
US9QA	Umpqua	US	OR	1-3-----	0
US9WA	Hoodsport	US	WA	1-3-----	0
USA22	Ashville	US	PA	1-------	0
USA8C	Accord	US	MA	1-3-----	0
USAA2	Alabama Pt.	US	AL	1-------	0
USAA9	South Mills	US	NC	1-3-----	0
USAAF	Apalachicola	US	FL	1--4----	0
USAB3	Aberdeen	US	NJ	1-3--6--	0
USABC	Port Hadlock	US	WA	1-------	0
USACC	Raymond	US	WA	1-3-----	0
USACJ	South Bend	US	WA	1-3-----	0
USACQ	Ancram	US	NY	1-3--6--	0
USADQ	Kodiak	US	AK	1-34----	0
USAEK	Aberdeen	US	MS	123-----	0
USAEO	Calverton	US	VA	1-3-----	0
USAEZ	Armstrong	US	IA	123-----	0
USAF5	Afton	US	IA	1-3-----	0
USAFA	Alstead	US	NH	1-3--6--	0
USAFH	Bath	US	NC	1-3--6--	0
USAFK	Afognak	US	AK	1-------	0
USAFM	Bingham	US	ME	123--6--	0
USAFV	Battenville	US	NY	1-3-----	0
USAFW	Webster, Harris	US	TX	123--6--	0
USAGQ	Algonquin	US	IL	1-3-----	0
USAGV	Autaugaville	US	AL	1-3-----	0
USAHU	Alachua	US	FL	1-3-----	0
USAHZ	Atlantic Highlands	US	NJ	1-3--6--	0
USAKJ	Oak Grove	US	VA	1-3-----	0
USAL3	Alliance	US	LA	1-------	0
USAL5	Delta	US	AL	1-------	0
USAL7	Aldie	US	VA	1-------	0
USALB	Albany	US	NY	1--4----	0
USALC	Amelia City	US	FL	1-3--6--	0
USAMF	Amagansett	US	NY	123-----	0
USAMG	Cambridge	US	WI	1-3-----	0
USANC	Anchorage	US	AK	1--45---	0
USANP	Annapolis	US	MD	1-34----	0
USANW	Avon	US	CO	123--6--	0
USAOU	Avalon	US	CA	1-3-----	0
USAPY	Alpine	US	NJ	1-3--6--	0
USAQJ	Maltby	US	WA	1----6--	0
USAQQ	Camden	US	ME	1----6--	0
USAQW	Abbottstown	US	PA	1----6--	0
USAR5	Damascus	US	AR	1-------	0
USARB	Ann Arbor	US	MI	1--4----	0
USASF	Ashtabula	US	OH	1-3-----	0
USASS	Ware Shoals	US	SC	1-3-----	0
USAST	Astoria	US	OR	1--4----	0
USASX	Ashland	US	WI	1--4----	0
USASZ	Sumiton	US	AL	123-----	0
USATR	Atreco	US	TX	1-------	0
USATW	Appleton	US	WI	1--4----	0
USATX	Allenstown	US	NH	123--6--	0
USAV9	Averill Park	US	NY	1-------	0
USAVD	Avondale	US	LA	1-3-----	0
USAWS	Newcastle	US	ME	123-----	0
USAWY	Gallaway	US	TN	1-3--6--	0
USAXR	Alexandria	US	VA	123-----	0
USAXZ	Andover	US	KS	1----6--	0
USAY5	Laytonville	US	CA	1----6--	0
USAY7	Mayville	US	NY	1-------	0
USAZL	Azle	US	TX	1-3-----	0
USB27	Bolinas	US	CA	1-3-----	0
USB2N	Brinnon	US	WA	1-------	0
USB2V	Buena Vista	US	GA	1----6--	0
USB44	Bellbrook	US	OH	1-------	0
USB7S	Bridgewater	US	SD	1-3-----	0
USBA3	Belfair	US	WA	123--6--	0
USBA7	Balmorhea	US	TX	1-------	0
USBAL	Baltimore	US	MD	123-----	0
USBAY	Bayonne	US	NJ	1-3-----	0
USBB8	Broad Brook	US	CT	1-3-----	0
USBBA	Bethany Beach	US	DE	1-3-----	0
USBCG	Boca Grande	US	FL	1-34----	0
USBCH	Brushvale	US	MN	1-3-----	0
USBCI	Berlin	US	MD	1-3-----	0
USBCL	Beulaville	US	NC	1-3-----	0
USBCM	Bruceton Mills	US	WV	1-3-----	0
USBCW	Brewster	US	MA	1-3-----	0
USBD3	Beaver Dam	US	KY	123-----	0
USBDB	Bridgeport	US	NY	1-3-----	0
USBDE	Baudette	US	MN	1--4----	0
USBDR	Bridgeport	US	CT	1--4----	0
USBDS	Biscoe	US	NC	1-3-----	0
USBE8	Belle Harbor	US	NY	1-------	0
USBEL	Belfast	US	ME	1-3-----	0
USBEX	Bethlehem	US	PA	1-34----	0
USBF6	Bonners Ferry	US	ID	123-----	0
USBFJ	Briarcliff Manor	US	NY	1-3-----	0
USBFO	Beaufort	US	NC	1-3-----	0
USBFY	Buckeye Lake	US	OH	123-----	0
USBG7	Barnegat	US	NJ	123-----	0
USBGR	Bangor	US	ME	1--4----	0
USBHB	Bar Harbor	US	ME	1--4----	0
USBHC	Bridgehampton	US	NY	1-3-----	0
USBHF	Brandon	US	MS	1-3-----	0
USBHI	Bruce	US	WI	1-3-----	0
USBHJ	Burlington	US	KY	1-3-----	0
USBI2	Beaver Island	US	MI	1-------	0
USBI8	Blount Island	US	FL	1-3-----	0
USBKO	Becker	US	MN	1-3-----	0
USBKQ	Brooksville	US	IN	1-3--6--	0
USBLI	Bellingham	US	WA	1-34----	0
USBM3	Bromley	US	KY	1-------	0
USBM4	Brevort	US	MI	1-------	0
USBMH	Sandoval	US	IL	123-----	0
USBN9	Battle Ground	US	IN	1----6--	0
USBNA	Nashville	US	TN	1--4----	0
USBNB	Burns Harbor	US	IN	1-3-----	0
USBNC	Benicia	US	CA	1-3-----	0
USBNH	Burnham	US	ME	123--6--	0
USBNI	Burnsville	US	NC	1-3-----	0
USBNP	Brayton Point	US	MA	1-3-----	0
USBOC	Brooklyn	US	CT	1-3-----	0
USBOS	Boston	US	MA	1--45---	0
USBOY	Brooklyn/New York	US	NY	1-3-----	0
USBPT	Beaumont	US	TX	1--4----	0
USBPV	Belhaven	US	NC	1-3-----	0
USBRA	Bradwood	US	OR	1-------	0
USBRO	Brownsville	US	TX	1234----	0
USBS9	Bushkill	US	PA	1-------	0
USBSM	Big Sandy	US	MT	1-3-----	0
USBTH	Bath	US	ME	1-3-----	0
USBTR	Baton Rouge	US	LA	1--4----	0
USBTV	Burlington	US	VT	1--4----	0
USBU2	Butte Meadows	US	CA	1-------	0
USBUF	Buffalo	US	NY	1--45---	0
USBUI	Butler	US	IN	1-3-----	0
USBUJ	Butler	US	KY	1-3-----	0
USBUP	Bucksport	US	ME	1-3-----	0
USBV6	Blairesville	US	GA	1-------	0
USBV8	Brownsville	US	PA	1-3-----	0
USBVV	Berryville	US	AR	1-3-----	0
USBW5	New Brockton	US	AL	1-------	0
USBWB	Brownsburg	US	IN	1234----	0
USBWH	Bigelow	US	AR	123-----	0
USBYZ	Boyne City	US	MI	1-3-----	0
USBZJ	Bethel	US	NY	1----6--	0
USBZZ	Blacklick	US	OH	1-3-----	0
USC25	Connelly Springs	US	NC	1----6--	0
USC35	Cornville	US	AZ	1-3-----	0
USC3A	Kensington	US	CA	1-3-----	0
USC3B	Cedar Bluffs	US	NE	1-------	0
USC4H	Castle Hills	US	TX	1-------	0
USC4N	Clinton	US	LA	1-------	0
USC55	Cochise	US	AZ	1-3-----	0
USC74	Crimora	US	VA	1-------	0
USC8T	Creston	US	CA	1----6--	0
USCA3	Chatham	US	MA	1-------	0
USCAP	Capitan	US	CA	123-----	0
USCBD	Cambridge	US	MN	1-3-----	0
USCBS	Centerburg	US	OH	1-3-----	0
USCBT	Clinton	US	MO	1-3-----	0
USCC2	Cape Coral	US	FL	1-3-----	0
USCC8	Chesapeake City	US	MD	1-3-----	0
USCCJ	Cape Charles	US	VA	1-3-----	0
USCCS	Cave City	US	KY	1-3-----	0
USCCT	Calvert City	US	KY	1-------	0
USCD4	Coronado	US	CA	1-3-----	0
USCDD	Camden	US	AL	1-3-----	0
USCDE	Camden	US	NJ	1-3-----	0
USCDF	Candler	US	NC	1-3-----	0
USCDU	Cedar Lake	US	MI	1-3-----	0
USCDV	Cordova	US	AK	1--4----	0
USCDY	Conneaut	US	OH	1-3-----	0
USCDZ	Caledonia	US	MI	1-3-----	0
USCEC	Crescent City	US	CA	1-34----	0
USCFF	Cherryfield	US	ME	1-3-----	0
USCFG	Chesterfield	US	NH	1-3-----	0
USCG4	Clarksburg	US	NJ	123-56--	0
USCGE	Cambridge	US	MD	1-34----	0
USCGF	Cape May	US	NJ	123-----	0
USCGJ	Cerro Gordo	US	IL	1-3-----	0
USCGP	Capitola	US	CA	1-3-----	0
USCGW	Chickasaw	US	AL	1-3-----	0
USCGX	Carthage	US	TN	123-----	0
USCHI	Chicago	US	IL	1--45---	0
USCHS	Charleston	US	SC	1--4----	0
USCHT	Chester	US	PA	1-3-----	0
USCI6	Chimayo	US	NM	1-------	0
USCIB	Casselberry	US	FL	1-3-----	0
USCJ8	Cortland	US	IN	1-3-----	0
USCJC	Chinook	US	WA	1-3-----	0
USCJO	Caro	US	MI	1-3-----	0
USCK2	Cobbs Creek	US	VA	1-------	0
USCK9	Cockrell Hill	US	TX	1----6--	0
USCKG	Cherokee	US	AL	1-3-----	0
USCKI	Catalina Island	US	CA	1--4----	0
USCLA	Claymont	US	DE	1-3-----	0
USCLE	Cleveland	US	OH	1234----	0
USCLM	Port Angeles	US	WA	1--4----	0
USCLQ	Chalmette	US	LA	1-3-----	0
USCLY	Clayton	US	NY	1-3-----	0
USCM9	Carrier Mills	US	IL	1----6--	0
USCMU	Cameron	US	NC	1-3-----	0
USCN3	Clayton	US	GA	1-------	0
USCNM	Carlsbad	US	NM	1234-6--	0
USCO3	Claremont	US	VA	1-------	0
USCO9	Copper Canyon	US	TX	123--6--	0
USCOB	Coos Bay	US	OR	1-3-----	0
USCOJ	Cochranton	US	PA	123-----	0
USCP6	Cove Point	US	MD	1-------	0
USCPT	Carpinteria	US	CA	1-3-----	0
USCR5	Chester	US	WV	123-----	0
USCRB	Carrabelle	US	FL	1-3-----	0
USCRM	Crockett	US	CA	1-3-----	0
USCRP	Corpus Christi	US	TX	1--4----	0
USCRW	Charleston	US	WV	1--4----	0
USCS4	Saint Clair Shores	US	MI	1-3--6--	0
USCS6	Coxsackie, Greene	US	NY	123-----	0
USCSF	Carteret	US	NJ	1-3-----	0
USCSJ	Carlisle	US	MA	1-3-----	0
USCU2	Clute	US	TX	123-----	0
USCU6	Colesburg	US	IA	1-------	0
USCUM	Canaan	US	CT	1-3-----	0
USCUQ	Caney	US	KS	1-3-----	0
USCUU	Cannelton	US	IN	1-3-----	0
USCUZ	Carlisle	US	AR	1-3-----	0
USCVG	Cincinnati	US	OH	1-34----	0
USCVI	Cape Vincent	US	NY	1-3-----	0
USCWF	Centerville	US	MN	1-3-----	0
USCWQ	Center Valley	US	PA	1-3-----	0
USCWU	Carroll	US	OH	1-3-----	0
USCWW	Clarkesville	US	GA	1-3-----	0
USCWX	Cleveland	US	MO	1-3-----	0
USCWZ	Clinton	US	WI	1-3-----	0
USCXV	Clover	US	SC	1-3-----	0
USCY2	The Colony	US	TX	1-3--6--	0
USCYI	Cloverdale	US	CA	123--6--	0
USCZI	Cassopolis	US	MI	123--6--	0
USD5W	Dagsboro	US	DE	1-3-----	0
USDA8	Dauphin	US	PA	1-------	0
USDAV	Davenport	US	CA	1-3-----	0
USDBQ	Dubuque	US	IA	1-34----	0
USDC6	Dallas Center	US	IA	1-3-----	0
USDCB	DeKalb	US	IL	123--6--	0
USDCI	Delaware City	US	DE	1-3-----	0
USDCY	Dill City	US	OK	1----6--	0
USDD6	Linden Hill	US	NY	1-3-----	0
USDDR	Darien	US	WI	123--6--	0
USDE3	Deridder	US	LA	1----6--	0
USDE5	Depue	US	IL	1----6--	0
USDEC	Decatur	US	IL	1--4----	0
USDET	Detroit	US	MI	1234----	0
USDFU	Dunnellon	US	FL	123-----	0
USDGE	Chenango Bridge	US	NY	123-----	0
USDHA	Daphne	US	AL	1-3-----	0
USDHB	Bodega Bay	US	CA	1-3-----	0
USDIA	Adrian	US	WI	1-3-----	0
USDIJ	Delhi	US	OH	1----6--	0
USDIV	Cedar River	US	MI	1-3-----	0
USDKH	Old Rock Hill	US	GA	1----6--	0
USDKK	Dunkirk	US	NY	1-34----	0
USDLH	Duluth	US	MN	1--4----	0
USDM4	Diamondville	US	WY	1-------	0
USDN2	Del Norte	US	CO	123-----	0
USDNE	Dane	US	WI	123--6--	0
USDOG	Douglas, Allegan	US	MI	1-3--6--	0
USDP5	Deer Park	US	CA	1-3-----	0
USDPH	Doniphan	US	MO	123-----	0
USDR3	Drytown	US	CA	1-3-----	0
USDRW	De Pere	US	WI	123-----	0
USDSH	Deshler	US	OH	123-----	0
USDSL	Donalsonville	US	GA	123--6--	0
USDSM	Des Moines	US	IA	1--4----	0
USDSR	Deshler	US	NE	1-3--6--	0
USDST	Adamston	US	WV	123--6--	0
USDT4	De Tour Village	US	MI	1-3--6--	0
USDTC	Delta	US	CO	1-------	0
USDTP	Portland	US	TX	123-----	0
USDTT	Detroit	US	IL	1-3-----	0
USDU3	Dunmore	US	WV	1-------	0
USDU5	De Funiak Springs	US	FL	1-------	0
USDUH	Duxbury	US	MA	1-3-----	0
USDUP	Dupo	US	IL	123--6--	0
USDUT	Dutch Harbor	US	AK	1--4----	0
USDVA	Delevan	US	NY	123-----	0
USDVN	Davenport	US	IA	1-34----	0
USDVQ	Delmont	US	PA	123-----	0
USDVT	Davant	US	LA	1-3-----	0
USDVV	Davisville	US	RI	1-3-----	0
USDWD	Deerwood	US	MN	123--6--	0
USDWQ	Downsville	US	NY	1----6--	0
USDWX	De Witt	US	NE	123--6--	0
USDXX	Old Brookville	US	NY	1-3-----	0
USDY2	Dayton	US	KY	123-----	0
USDZM	Dorchester	US	MA	1-3-----	0
USE2D	Eddington	US	ME	1-------	0
USE2L	East Lake	US	OH	1-------	0
USE2T	Etna	US	CA	1-------	0
USE3K	Elk Horn	US	KY	1-3-----	0
USE5P	Deep Gap	US	NC	1-3-----	0
USEAZ	Mechanic Falls	US	ME	1----6--	0
USEB4	Elbert	US	CO	1-------	0
USEBZ	Ellabell	US	GA	1----6--	0
USECH	East Chicago	US	IN	1-3-----	0
USECP	El Campo	US	TX	123--6--	0
USECR	Spencer	US	NC	123-----	0
USEDL	Allendale	US	SC	123-----	0
USEDV	Eddyville	US	KY	123--6--	0
USEE8	Freeport	US	PA	1----6--	0
USEFN	East Freetown	US	MA	1-3--6--	0
USEFS	Etiwanda	US	CA	1----6--	0
USEGH	Effingham	US	SC	1-3--6--	0
USEHI	El Dorado Hills	US	CA	1-3--6--	0
USEHL	Bethlehem	US	GA	1-3-----	0
USEIE	Bernie	US	MO	123--6--	0
USEIF	Madeira Beach	US	FL	1----6--	0
USEJK	Macks Creek	US	MO	1----6--	0
USEKA	Eureka	US	CA	1--4----	0
USEKB	East Keansburg	US	NJ	1----6--	0
USEKI	Elkhart	US	IN	1--4----	0
USEKT	Elkton	US	KY	1-3--6--	0
USEKZ	Elkton	US	SD	123--6--	0
USEL3	Ellwood	US	CA	1-------	0
USEL4	Elmer	US	NJ	1-------	0
USELS	El Segundo	US	CA	1-3-----	0
USEM4	Emigrant Gap	US	CA	1-------	0
USEM7	East Machias	US	ME	123-----	0
USEMG	Emmetsburg	US	IA	123--6--	0
USEMY	Emery	US	SD	123-----	0
USEN5	Ennice	US	NC	123--6--	0
USENW	Kenosha	US	WI	1-34----	0
USEOG	East Orange	US	NJ	123--6--	0
USEOM	Welcome	US	LA	1-3-----	0
USEOW	Edmonds	US	WA	1-3-----	0
USEOY	Eloy	US	AZ	123--6--	0
USEPA	Earl Park	US	IN	123-----	0
USEPE	Empire	US	LA	123-----	0
USEPM	Eastport	US	ME	1-------	0
USEPY	East Point	US	KY	123-----	0
USEQ4	East Lansing	US	MI	1----6--	0
USEQE	East Dubuque	US	IL	123--6--	0
USEQW	Elwood	US	CA	1-------	0
USEQZ	Ellport	US	PA	1-3--6--	0
USER2	Elk River	US	MN	123-----	0
USERE	Earl	US	NC	123-----	0
USERI	Erie	US	PA	1--4----	0
USERN	Clermont	US	IA	1-3-----	0
USERY	Elroy	US	WI	123-----	0
USESC	Escanaba	US	MI	1--4----	0
USESG	Estero	US	FL	123--6--	0
USETI	Centerville	US	UT	123--6--	0
USETT	Etter	US	TX	123--6--	0
USETW	Edgartown	US	MA	1-3-----	0
USEU3	Leucadia	US	CA	1----6--	0
USEUD	Eudora	US	AR	123--6--	0
USEUU	Placida	US	FL	1-3--6--	0
USEV6	Eden	US	VT	1-------	0
USEV7	Evendale	US	OH	1-------	0
USEVV	Evansville	US	IN	1234----	0
USEWB	Fall River-New Bedford Apt	US	MA	1--4----	0
USEWG	Clearwater	US	MN	123--6--	0
USEWO	Bellwood	US	PA	123--6--	0
USEWR	Newark	US	NJ	1234----	0
USEYW	Key West	US	FL	1--4----	0
USF2S	Fawnskin	US	CA	1-------	0
USFA2	Felda	US	FL	1-3-5---	0
USFA3	Farmington	US	KY	1-3-----	0
USFAI	Fairbanks	US	AK	1--4----	0
USFAU	Franklin Furnace	US	OH	123--6--	0
USFAV	Fall River	US	MA	1-3-----	0
USFBF	Flagler Beach	US	FL	1-3-----	0
USFCC	Forest City	US	IL	123--6--	0
USFCV	Francesville	US	IN	123--6--	0
USFDE	Fredericksburg	US	OH	1----6--	0
USFDF	Fairfield	US	NC	1----6--	0
USFEB	Fernandina Beach	US	FL	1-3-----	0
USFEL	Fellsmere	US	FL	1-3-----	0
USFFO	Buffalo	US	WV	123--6--	0
USFGQ	Farmingville	US	NY	1----6--	0
USFGX	Fairfield	US	GA	1----6--	0
USFH2	Fair Haven	US	NJ	1-3--6--	0
USFI3	Fiddletown	US	CA	1-3-----	0
USFI7	Fleming Island	US	FL	1-------	0
USFIK	Fishkill	US	NY	123-----	0
USFJY	Deer Park	US	IL	1-------	0
USFL8	Bal Harbour	US	FL	1----6--	0
USFLL	Fort Lauderdale	US	FL	1-34----	0
USFLZ	Florence	US	CO	123--6--	0
USFMU	Fairmount	US	GA	123--6--	0
USFMW	Fairmont, Will	US	IL	123--6--	0
USFNB	Freeland	US	WA	1-3-----	0
USFNE	Florence	US	AL	123-----	0
USFNF	Frankfort	US	MI	123-----	0
USFO9	Forestville	US	CA	1-3-----	0
USFOB	Fort Bragg	US	CA	1--4----	0
USFOC	Port Fourchon	US	LA	1-3-----	0
USFPL	Fair Play	US	CA	1-3-----	0
USFPO	Freeport	US	TX	1-3-----	0
USFPR	Fort Pierce	US	FL	1--4----	0
USFPT	Fairport Harbor Village	US	OH	1-3-----	0
USFR6	Four Oaks	US	NC	1-------	0
USFSP	Friendship	US	ME	1-3-----	0
USFSQ	Forest Dale	US	VT	1-3--6--	0
USFSY	Falls City	US	NE	1-3-----	0
USFTA	Forest Park	US	AR	1----6--	0
USFTC	Fort Calhoun	US	NE	123-----	0
USFTM	Fort Monmouth	US	NJ	123-----	0
USFU7	Sanford	US	MI	1----6--	0
USFVP	Fairview Park	US	OH	1----6--	0
USFVR	Fort Recovery	US	OH	1-3-----	0
USFW2	Floodwood	US	MN	123-----	0
USFWZ	Green Town	US	IN	1-3-----	0
USFZZ	Freedom	US	PA	123--6--	0
USG2H	Glendale Heights	US	IL	1-------	0
USG44	Garden Valley	US	CA	1-------	0
USG77	Griswold	US	CT	1-------	0
USG8Y	Guy	US	AR	1-------	0
USGA7	Garrison	US	NY	1-------	0
USGAJ	Bagley	US	MN	123--6--	0
USGBC	Gibson City	US	IL	123--6--	0
USGBV	Garberville	US	CA	1-3--6--	0
USGCA	Golconda	US	NV	123-----	0
USGCL	Coolidge	US	GA	123-----	0
USGDJ	Guildhall	US	VT	123-----	0
USGDR	Gardiner	US	OR	1-3-----	0
USGEB	Greenboro	US	NY	1-3-----	0
USGEZ	Gilbertville	US	MA	123--6--	0
USGG2	Gallatin Gateway	US	MT	1-3-----	0
USGGE	Georgetown	US	SC	1--4----	0
USGHC	Grays Harbor City	US	WA	123--6--	0
USGHE	Ghent	US	KY	1-3-----	0
USGHN	Grand Haven	US	MI	1-3-----	0
USGID	Gideon	US	MO	123--6--	0
USGJQ	Glen Ridge	US	NJ	1-------	0
USGKX	Glenwood	US	GA	1----6--	0
USGLA	Goldendale	US	WA	123-----	0
USGLC	Gloucester City	US	NJ	1-3-----	0
USGLH	Greenville	US	MS	1--4----	0
USGLO	Gloucester	US	MA	1-3-----	0
USGLS	Galveston	US	TX	1--4----	0
USGM2	Gypsum	US	CO	123--6--	0
USGME	Edgemere	US	MD	1-------	0
USGNC	Garner	US	NC	123--6--	0
USGNR	Garner	US	IA	123-----	0
USGNS	Greenwood, Guernsey	US	OH	1-3-----	0
USGOH	Goshen	US	CT	12345---	0
USGON	Groton-New London Apt	US	CT	1-34----	0
USGOP	Good Hope	US	LA	1-------	0
USGP2	Gosport	US	IN	123-----	0
USGP4	Greenport	US	NY	123-----	0
USGPT	Gulfport	US	MS	1--4----	0
USGPW	Grosse Point Woods	US	MI	1----6--	0
USGQJ	Big Stone City	US	SD	1-3-----	0
USGQQ	Galion	US	OH	1234-6--	0
USGRA	Grand Portage	US	MN	1-3-----	0
USGRB	Green Bay	US	WI	1234----	0
USGRR	Grand Rapids	US	MI	1--4----	0
USGRY	Gramercy	US	LA	1-3-----	0
USGSF	Gales Ferry	US	CT	123-----	0
USGSQ	Gasport	US	NY	1----6--	0
USGT4	Gary	US	TX	1-------	0
USGT9	Gardendale	US	TX	1-3-----	0
USGTG	Grovetown	US	GA	1-------	0
USGUG	Guttenberg	US	NJ	1-3-----	0
USGUM	Gulfmex Lightering Area	US		1-------	0
USGVA	Gore	US	VA	1-3--6--	0
USGVB	Grover Beach	US	CA	123-----	0
USGVR	Gansevoort	US	NY	123--6--	0
USGVZ	Gordonville	US	PA	123--6--	0
USGXH	Sag Harbor	US	NY	1-------	0
USGXR	Gold River	US	CA	1----6--	0
USGYY	Gary	US	IN	1--4----	0
USGZB	Grabill	US	IN	123--6--	0
USGZI	Granite City	US	IL	123-----	0
USH2N	Hancock	US	MD	123--6--	0
USH4H	Howland Hook	US	NJ	1-------	0
USH8N	Hudson	US	IN	1-------	0
USH99	Henderson	US	MN	1----6--	0
USH9R	Harris	US	IA	1-3-----	0
USH9S	Walnut Shade	US	MO	1-3-----	0
USHA7	Haleiwa	US	HI	1-------	0
USHAH	Hahnville	US	LA	1-3-----	0
USHB3	Harrisburg	US	OR	123--6--	0
USHB4	Harbor Beach	US	MI	123--6--	0
USHBK	Hoboken	US	NJ	1-3-----	0
USHCO	Hickory Creek	US	TX	1-------	0
USHEZ	Natchez	US	MS	1--4----	0
USHG2	Hastings	US	MI	123-----	0
USHGU	Huguenot	US	NY	123-----	0
USHGW	Huntington Woods	US	MI	1-3--6--	0
USHH7	Southhaven	US	MS	1-3-----	0
USHHK	Ho-Ho-Kus	US	NJ	123-----	0
USHHT	Harwood Heights	US	IL	123--6--	0
USHID	Hidalgo	US	TX	1-3-----	0
USHIF	Hill Air Force Base	US	UT	1234-6--	0
USHJD	Sugar City	US	ID	1-3-----	0
USHJS	Harbor Island	US	TX	1-------	0
USHKG	Hickory Grove, York	US	SC	1----6--	0
USHL5	Havelock	US	NC	123--6--	0
USHLJ	Halls	US	TN	1-3--6--	0
USHLM	Holland	US	MI	1234----	0
USHM3	Hickman	US	KY	123--6--	0
USHM4	Herculaneum	US	MO	123--6--	0
USHM7	Hamilton	US	NC	1-3--6--	0
USHMR	Hamer	US	ID	123--6--	0
USHN9	Huron	US	MO	1----6--	0
USHNL	Honolulu	US	HI	1-345---	0
USHNS	Haines	US	AK	1--4----	0
USHO7	Hooper	US	UT	1-------	0
USHOM	Homer	US	AK	1--4----	0
USHOR	Homer	US	NY	1-3-----	0
USHOU	Houston	US	TX	1-345---	0
USHPY	Baytown	US	TX	1--4----	0
USHQ2	Cold Spring Harbor	US	NY	1-------	0
USHQJ	Washington	US	LA	1----6--	0
USHR3	Hampton Roads Pt	US	VA	1-3-----	0
USHR4	Hector	US	NY	1----6--	0
USHR5	Hilger	US	MT	1-------	0
USHRM	Hollister	US	MO	123-----	0
USHRQ	High Ridge	US	MO	1-3--6--	0
USHS2	Hackensack	US	MN	123-----	0
USHS3	Harbor Springs	US	MI	1-3-----	0
USHS6	Hallstead	US	PA	123--6--	0
USHSF	Hudson	US	FL	1-3-----	0
USHU8	House Springs	US	MO	1-3-----	0
USHV2	Hughesville	US	PA	1-3--6--	0
USHVG	Highland Village	US	TX	1----6--	0
USHVN	New Haven	US	CT	1--4----	0
USHWJ	Black Hawk	US	CO	1----6--	0
USHWN	Hagerstown	US	IN	123-----	0
USHWX	Hewlett	US	NY	123-----	0
USHXD	Cumberland	US	KY	1----6--	0
USHXF	Hungerford	US	TX	123-----	0
USHXG	Hardinsburg	US	KY	1----6--	0
USHXK	Haiku	US	HI	1----6--	0
USHXU	Hercules	US	CA	123-----	0
USHZA	Saint Henry	US	OH	123--6--	0
USHZZ	Hawesville	US	KY	123--6--	0
USIA2	Manning	US	IA	1----6--	0
USIA3	Onawa	US	IA	1-3-----	0
USIAB	Addison	US	ME	1-3--6--	0
USIAM	Miamisburg	US	OH	123-----	0
USICH	Nicholls	US	GA	123--6--	0
USIEG	Ingleside	US	IL	1----6--	0
USIFL	Island Falls	US	ME	123--6--	0
USIFT	Clifton	US	TN	1-3--6--	0
USIGS	Big Stone	US	DE	1-------	0
USIIM	Williamston	US	MI	123--6--	0
USIIW	Williams	US	CA	123--6--	0
USIJM	Benton City	US	WA	1----6--	0
USILG	Wilmington	US	DE	1--4----	0
USILM	Wilmington	US	NC	1--4----	0
USILW	Eleanor	US	WV	123-----	0
USINL	International Falls	US	MN	1--4----	0
USINV	Madisonville	US	LA	1-3--6--	0
USINX	Mosinee	US	WI	1-34-6--	0
USIO2	Indian Orchard	US	MA	123-----	0
USIOA	Arion	US	IA	123-----	0
USIOH	South Willamsport	US	PA	123-----	0
USIOR	Samoa	US	CA	12------	0
USIPR	Millport	US	AL	123-----	0
USIPX	Ship Island	US	MS	1-------	0
USIR2	Indian River City	US	FL	1-3--6--	0
USIS3	City Island	US	NY	1-3-----	0
USITN	Smithton	US	PA	123--6--	0
USITO	Hilo	US	HI	1--4----	0
USITV	Pittsville	US	WI	1-3--6--	0
USIUH	Clendenin	US	WV	1----6--	0
USIUK	Iuka	US	MS	123--6--	0
USIVA	Isle	US	MN	123-----	0
USIVG	Incline Village	US	NV	1-3-----	0
USIVK	Irvine	US	KY	1-------	0
USIWO	Birchwood	US	WI	1-3--6--	0
USIYH	Miami Beach	US	FL	1-3-5---	0
USIZK	Renick	US	WV	1----6--	0
USJ3C	Jacksonville	US	OR	1-3-----	0
USJA2	Jamaica	US	VA	1-------	0
USJAM	Jackman	US	ME	1-3----B	0
USJAX	Jacksonville	US	FL	1--4----	0
USJAY	Jay	US	ME	123--6--	0
USJBG	Johnsburg	US	IL	1----6--	0
USJBK	Berkeley	US	CA	1--4----	0
USJCQ	Warrensburg	US	IL	1----6--	0
USJCX	Jacinto City	US	TX	1-3-----	0
USJDT	Port Laudania	US	FL	1----6--	0
USJE2	Jefferson Hills	US	PA	1----6--	0
USJE7	Renville	US	MN	1-------	0
USJEC	Jersey City	US	NJ	1-3-----	0
USJFZ	Jefferson	US	NC	1----6--	0
USJHO	District Heights	US	MD	1----6--	0
USJJQ	Meadows of Dan	US	VA	1----6--	0
USJKF	Jakolof Bay	US	AK	1-34----	0
USJMB	Jamesburg	US	NJ	123--6--	0
USJMC	Sausalito	US	CA	1-34----	0
USJMX	Climax	US	CO	1----6--	0
USJNP	Newport Beach	US	CA	1-3-----	0
USJNU	Juneau	US	AK	1--4----	0
USJO4	Saint Johns	US	FL	1-------	0
USJOA	Johnson	US	AR	1-3-----	0
USJON	Jonesport	US	ME	1-------	0
USJPY	Jamesport	US	NY	123--6--	0
USJQJ	Santa Rosa Beach	US	FL	1-------	0
USJQK	Jacksboro	US	TN	123--6--	0
USJQQ	Concord	US	GA	1----6--	0
USJS3	Jackson	US	KY	123-----	0
USJSA	Judsonia	US	AR	123--6--	0
USJSY	Saint James City	US	FL	1-3--6--	0
USJUK	Jenks	US	OK	123-----	0
USJUY	Pembroke	US	NH	1-3-----	0
USJVL	Janesville	US	WI	1234----	0
USJWQ	West Milton	US	OH	1----6--	0
USJWY	Frenchtown	US	NJ	123-----	0
USJYR	Argyle	US	NY	1----6--	0
USK99	Knob Noster	US	MO	1----6--	0
USKA7	Kailua	US	HI	1-------	0
USKAB	Kiska Harbour	US	AK	1-------	0
USKAG	Kaguyak	US	AK	1-3--6--	0
USKAJ	Land O'Lakes	US	FL	1----6--	0
USKAY	Kaysville	US	UT	123--6--	0
USKCK	Kansas City	US	KS	1--4----	0
USKDC	John F Kennedy Space Center/Cape Canaveral	US	FL	123-----	0
USKE7	Kenwood	US	CA	1----6--	0
USKGM	Kings Mills	US	OH	1-3--6--	0
USKHB	Keego Harbor	US	MI	123-----	0
USKHW	Eleele	US	HI	1-3-----	0
USKIH	Kihei	US	HI	1-3-----	0
USKIS	Kiska Island	US	AK	1-------	0
USKJH	Washington	US	CT	1----6--	0
USKKV	Miami River	US	FL	1----6--	0
USKL9	Kahuku	US	HI	1----6--	0
USKLS	Kelso	US	WA	1--4----	0
USKMR	Kenmore	US	NY	123--6--	0
USKPP	Koppel	US	PA	123-----	0
USKQC	Cheshire	US	OH	123-----	0
USKSH	Hooksett	US	NH	123-----	0
USKTN	Ketchikan	US	AK	1--4----	0
USKTT	Kitty Hawk	US	NC	1-3-----	0
USKTZ	Keota	US	OK	1----6--	0
USKU4	Kendall Park	US	NJ	1----6--	0
USKUB	Kuluk Bay	US	AK	1-------	0
USKW2	Konawa	US	OK	123--6--	0
USKW7	Kawkawlin	US	MI	1-------	0
USKWM	King William	US	VA	1-3-----	0
USKWU	Kewaunee	US	WI	123-----	0
USKXK	Kittery	US	ME	1-3--6--	0
USKYP	Keyport	US	WA	1-3-----	0
USL2D	Little Deer Isle	US	ME	1-------	0
USL2P	Lighthouse Point	US	FL	1-3-----	0
USL3Y	West Grove	US	PA	1-3-----	0
USL54	Lanesville	US	IN	1----6--	0
USL55	Collegeville	US	CA	1-3-----	0
USL5A	Lagunitas	US	CA	1-3-----	0
USL99	Centerville	US	IN	1----6--	0
USL9G	LaGrange	US	GA	1-------	0
USL9K	Longboat Key	US	FL	1-3-----	0
USLA2	Lake Arrowhead	US	CA	1-3--6--	0
USLAT	Los Alamitos	US	CA	1-3-----	0
USLAX	Los Angeles	US	CA	1--45---	0
USLB2	Lubec	US	ME	1-3-----	0
USLB9	Lansdowne-Baltimore	US	MD	1----6--	0
USLBQ	Calabash	US	NC	1-3-----	0
USLC2	Loup City	US	NE	123-----	0
USLCF	Leitchfield	US	KY	123--6--	0
USLCH	Lake Charles	US	LA	1--4----	0
USLCJ	Long Branch	US	NJ	123--6--	0
USLDK	Baldwin	US	LA	123--6--	0
USLDM	Ludington	US	MI	1--4----	0
USLE3	Lake Elsinore	US	CA	1-3-----	0
USLEQ	Lewis Center	US	OH	123-----	0
USLG2	Lake George	US	NY	1-3-----	0
USLGB	Long Beach	US	CA	1234----	0
USLGK	La Grange	US	MO	123--6--	0
USLGZ	La Grange Highlands	US	IL	1----6--	0
USLH7	Lenard Harbour	US	AK	1-------	0
USLHK	Little Hocking	US	OH	123--6--	0
USLIB	Liberty	US	MO	123--6--	0
USLIZ	Limestone	US	ME	1-34---B	0
USLLB	Lino Lakes	US	MN	1-3-----	0
USLLC	Leland	US	NC	123--6--	0
USLLJ	Gordonville	US	KY	1-3--6--	0
USLLM	Stillmore	US	GA	1-3--6--	0
USLLU	Los Lunas	US	NM	1-3-----	0
USLMY	Lemay	US	MO	123--6--	0
USLN5	Linnton	US	OR	1-------	0
USLO7	Lodi	US	NY	1----6--	0
USLO8	Louisiana Offshore Oil Port (Loop)	US	LA	1-------	0
USLO9	Loop Terminal	US	LA	1-------	0
USLOG	Longview	US	WA	1--4----	0
USLOR	Lorain	US	OH	1-3-----	0
USLP2	Lupton	US	MI	1-------	0
USLPQ	Lake Park	US	FL	123--6--	0
USLR3	Little River	US	SC	1-3-----	0
USLRC	Long Reach	US	WV	123-----	0
USLRP	Lake Orion	US	MI	123--6--	0
USLS4	Lakeshore	US	CA	1-------	0
USLTG	Little Genesee	US	NY	1-3-----	0
USLTZ	Lutz	US	FL	123--6--	0
USLU7	Lake Huntington	US	NY	1----6--	0
USLU8	Port Of South Louisiana	US	LA	1----6--	0
USLUF	Blue Earth	US	MN	123--6--	0
USLUI	Louisville	US	KY	1-34----	0
USLUU	Le Sueur	US	MN	123-----	0
USLVU	Lawrenceburg	US	IN	1-3-----	0
USLW5	Lawton	US	MI	1----6--	0
USLWD	Lewisport	US	KY	123--6--	0
USLWE	Lawrence	US	NY	123--6--	0
USLWM	Lawrence	US	MA	1-34----	0
USLWY	Lowell	US	AR	1-------	0
USLX8	Spillville	US	IA	1----6--	0
USLXQ	Llano	US	CA	1----6--	0
USLXW	Blawnox	US	PA	123-----	0
USLYM	Lynn Haven	US	FL	1-3-----	0
USLYR	Lyerly	US	GA	123--6--	0
USLZC	Lancaster	US	MN	123-----	0
USLZV	Landing	US	NJ	123--6--	0
USM2B	Milburn	US	OK	1-------	0
USM2P	Midway Park	US	NC	1-------	0
USM2S	Osceola	US	MO	1-------	0
USM44	Middletown	US	MD	1-------	0
USM47	Molena	US	GA	1-------	0
USM4I	Miami Shores	US	FL	1-------	0
USM4U	Turners Falls	US	MA	1-3-----	0
USM4X	Monroe	US	NH	1-3-----	0
USM5V	Morrisonville	US	IL	1-------	0
USM8N	Mendon	US	NY	1-3-----	0
USM9O	Monmouth Beach	US	NJ	1-3-----	0
USMAH	Marcus Hook	US	PA	1-3-----	0
USMCD	Mackinac Island	US	MI	1--4----	0
USMCR	Manchester	US	WA	1-------	0
USMD5	Meredith	US	NH	123-----	0
USMEM	Memphis	US	TN	1-34----	0
USMES	Minneapolis	US	MN	1234----	0
USMF6	McFarland	US	WI	123--6--	0
USMG5	Malaga	US	WA	123-----	0
USMGF	Melvindale	US	MI	123-----	0
USMGQ	Mount Gilead	US	NC	1-3--6--	0
USMH2	Marblehead	US	MA	1-3-----	0
USMH8	Manhasset	US	NY	1-3--6--	0
USMI3	Calcite	US	MI	1-------	0
USMIA	Miami	US	FL	1--45---	0
USMKC	Kansas City	US	MO	12345---	0
USMKE	Milwaukee	US	WI	1--4----	0
USMKG	Muskegon	US	MI	1-34----	0
USMKI	Mukilteo	US	WA	123-----	0
USMKJ	McKees Rocks	US	PA	123--6--	0
USMKW	Mill Creek	US	WA	1-3-----	0
USMKZ	Mukwonago	US	WI	123-----	0
USMN5	Menemsha	US	MA	1-3-----	0
USMNH	Manhattan/New York	US	NY	1-3-----	0
USMOB	Mobile	US	AL	1--4----	0
USMP2	Mauckport	US	IN	1-3-----	0
USMP5	Machesney Park	US	IL	1-3--6--	0
USMP7	Mediapolis	US	IA	1----6--	0
USMPP	Morgans Point	US	TX	1-3-----	0
USMR2	Marseilles	US	IL	123-----	0
USMRH	Morehead City	US	NC	1-3-----	0
USMRQ	Milford	US	OH	123--6--	0
USMRT	Morristown	US	NY	1-------	0
USMS6	Mims	US	FL	123--6--	0
USMSY	New Orleans	US	LA	12345---	0
USMT5	Milton	US	VT	123-----	0
USMT6	Mentone	US	AL	1-------	0
USMTK	Mount Carmel	US	PA	123--6--	0
USMTM	Metlakatla	US	AK	1--4----	0
USMTW	Manitowoc	US	WI	1--4----	0
USMU4	Mountain	US	WI	1-------	0
USMW3	Moscow	US	IA	1-3-----	0
USMW4	Millwood	US	WV	123--6--	0
USMXP	Meraux	US	LA	123--6--	0
USMY3	Monterey	US	CA	1-3-----	0
USMY6	Mayo	US	SC	1----6--	0
USMYC	Mystic	US	CT	1-3-----	0
USMYG	Myrtle Grove	US	LA	1-3-----	0
USN2R	North Houston	US	TX	1-3-----	0
USN3E	Goehner	US	NE	1-3-----	0
USN4B	North Beach	US	MD	1-------	0
USN5B	Niobrara	US	NE	1-3-----	0
USN5T	New Tripoli	US	PA	1-3-----	0
USN8P	Neponset	US	IL	1----6--	0
USN99	North Bay Village	US	FL	1-3-----	0
USNAK	Natick	US	MA	123-----	0
USNAU	North Augusta	US	SC	123-----	0
USNB4	Neets Bay	US	AK	1-3-----	0
USNBD	New Bedford	US	MA	1-3-----	0
USNBL	New Bloomfield	US	MO	1-3--6--	0
USNCM	Norco	US	LA	1-3-----	0
USNCX	Norcross	US	VA	123--6--	0
USNCY	New Caney	US	TX	123--6--	0
USNDA	Neodesha	US	KS	123--6--	0
USNDB	North Dartmouth	US	MA	1----6--	0
USNE5	Shelby	US	NE	1-3-----	0
USNED	New London	US	OH	1-3-----	0
USNEJ	Necedah	US	WI	123--6--	0
USNEW	Destrehan	US	LA	1-3-----	0
USNFE	Newfane	US	NY	1-3--6--	0
USNFR	New Freedom	US	PA	123--6--	0
USNGZ	Alameda	US	CA	1--4----	0
USNH2	New Haven	US	MO	123-----	0
USNHM	Northampton	US	MA	123-----	0
USNHN	New Hudson	US	MI	123--6--	0
USNHQ	North Hartland	US	VT	123-----	0
USNI2	Norman	US	IN	1-------	0
USNIJ	Nawiliwili	US	HI	1-3-----	0
USNIX	Nixon	US	PA	1-3--6--	0
USNJF	Fairton	US	NJ	1-3-----	0
USNJQ	Terrebonne	US	OR	1----6--	0
USNK3	Noank	US	CT	1----6--	0
USNKO	Anadarko	US	OK	1-------	0
USNLI	New Lisbon	US	WI	123--6--	0
USNM2	New Martinsville	US	WV	123-----	0
USNMA	Marshall	US	NC	1-3-----	0
USNMH	Champlin	US	MN	123-----	0
USNNS	Newport News	US	VA	123-----	0
USNOQ	Nelsonia	US	VA	1----6--	0
USNOW	Norwell	US	MA	1-3--6--	0
USNOZ	Newport	US	ME	123--6--	0
USNP7	New Enterprise	US	PA	1-------	0
USNPC	Neptune City	US	NJ	1-3--6--	0
USNPO	Newport	US	OR	1-3-----	0
USNPT	Newport	US	RI	1--4----	0
USNPX	New Providence	US	NJ	1-3-----	0
USNQH	Annisquam Harbour	US	MA	1-------	0
USNQV	New London	US	MO	1----6--	0
USNQZ	North Rose	US	NY	123--6--	0
USNRP	Newport, Perry	US	PA	123--6--	0
USNSB	New Smyrna Beach	US	FL	123--6--	0
USNSC	North Sioux City	US	SD	123--6--	0
USNSV	Mannsville	US	NY	123--6--	0
USNSX	New Castle	US	CO	1----6--	0
USNTD	Port Hueneme	US	CA	1234-6--	0
USNTR	Norton Shores	US	MI	1-------	0
USNTS	North Charleston	US	SC	1-3-----	0
USNVA	Navarre	US	FL	1-3--6--	0
USNVV	Coconut Grove	US	FL	1-3-----	0
USNW2	North Wildwood	US	NJ	1-3-----	0
USNWZ	Newington	US	NH	1-3-----	0
USNXL	Norwood	US	PA	1-------	0
USNXR	Gardiner	US	NY	1-3--6--	0
USNXZ	Nesbit	US	MS	123--6--	0
USNY5	North Salem	US	NY	1----6--	0
USNYC	New York	US	NY	12345---	0
USNYI	Stony Point, Rockland	US	NY	123--6--	0
USNYU	Nassau	US	NY	1-3--6--	0
USNYX	Nyack	US	NY	123-----	0
USNZQ	Needmore	US	PA	1-3--6--	0
USO82	Odessa	US	MN	1-------	0
USOAK	Oakland	US	CA	1--45---	0
USOAM	Ocean Gate	US	NJ	1-3-----	0
USOAX	Asotin	US	WA	1-3--6--	0
USOB2	Oak Bluffs	US	MA	1-3-----	0
USOBC	Orange Beach	US	AL	1-3-----	0
USOBI	Obion	US	TN	123--6--	0
USOC7	Ocoee	US	TN	1-------	0
USOCP	Oceanport	US	NJ	123-----	0
USOCX	Ocean View	US	DE	123--6--	0
USODT	South Dartmouth	US	MA	1-3--6--	0
USOEG	Oregon	US	OH	1-3--6--	0
USOEN	Goshen	US	NY	123--6--	0
USOFX	Colfax	US	NC	123--6--	0
USOGG	Kahului	US	HI	1-34----	0
USOGS	Ogdensburg	US	NY	1--4----	0
USOGY	Oglesby	US	IL	123--6--	0
USOI7	Three Oaks	US	MI	1-3-----	0
USOIS	Meredosia	US	IL	123--6--	0
USOIT	Lolita	US	TX	123--6--	0
USOJL	Thenard	US	CA	1-3-----	0
USOK9	Saint Louis	US	OK	1----6--	0
USOKV	Oakville	US	CT	123-----	0
USOKX	Okemos	US	MI	123-----	0
USOL2	Oleum	US	CA	1-------	0
USOLM	Olympia	US	WA	1--4----	0
USOLS	Nogales	US	AZ	1--4----	0
USOMA	Omaha	US	NE	1--4----	0
USOMD	Romoland	US	CA	123--6--	0
USOME	Nome	US	AK	1--4----	0
USOMM	Commerce Township	US	MI	1-3-----	0
USOMU	Solomons	US	MD	1-3-----	0
USOMW	Castile	US	NY	1-3-----	0
USONA	Winona	US	MN	1--4----	0
USONG	Ontonagon	US	MI	123-----	0
USOO9	Monmouth	US	OR	1----6--	0
USOOM	Bloomer	US	WI	1-3--6--	0
USOPB	Copan	US	OK	123-----	0
USOR8	Glendale	US	OR	1-3-----	0
USORF	Norfolk	US	VA	1234----	0
USORH	Worcester	US	MA	1--4----	0
USOS3	Oskaloosa	US	KS	1-------	0
USOSM	Selma	US	OR	1-3-----	0
USOSV	Ottsville	US	PA	1-3--6--	0
USOSW	Oswego	US	NY	1-3-----	0
USOSZ	Orca	US	AK	1-3-----	0
USOT5	Ontario	US	OH	1----6--	0
USOTH	North Bend	US	OR	1-34----	0
USOTL	Ottawa Lake	US	MI	1-3--6--	0
USOTM	Ottumwa	US	IA	1-34----	0
USOV3	Osterville	US	MA	1-3-----	0
USOW4	Point Wells	US	WA	1-------	0
USOWB	Owensboro	US	KY	1-34----	0
USOXR	Oxnard-Ventura Apt	US	CA	1-34----	0
USOYH	Boothbay Harbor	US	ME	1-3-----	0
USOYY	Troy	US	IN	123--6--	0
USOZN	South Ozone Park	US	NY	1----6--	0
USP2L	Pleasant Lake	US	IN	1-------	0
USP3N	Chappaqua	US	NY	1-3-----	0
USP43	Priceville	US	AL	123-56--	0
USP64	Palmetto Bay	US	FL	1-------	0
USP77	Panora	US	IA	1-------	0
USP9O	Pinto Island	US	AL	1-3-----	0
USPA2	Point Arena	US	CA	1-------	0
USPA9	Greentown	US	PA	1-3-----	0
USPAA	Pine Apple	US	AL	1-3-----	0
USPAE	Everett	US	WA	1-34----	0
USPAH	Paducah	US	KY	1234----	0
USPAL	Port Allen	US	HI	1-3-----	0
USPAS	Pasadena	US	TX	1-3-----	0
USPAY	Perth Amboy	US	NJ	1-3-----	0
USPB4	Pensacola Beach	US	FL	1-3-----	0
USPB7	Cape Blanco	US	OR	1-------	0
USPBE	Palatine Bridge	US	NY	123--6--	0
USPBI	West Palm Beach	US	FL	1--4----	0
USPCP	Patchogue	US	NY	123--6--	0
USPCV	Port Canaveral	US	FL	1-------	0
USPDI	Port Madison	US	WA	1-3-----	0
USPDX	Portland	US	OR	1--4----	0
USPE2	Port Ewen	US	NY	123--6--	0
USPEA	Pearl Harbor	US	HI	1-3-----	0
USPEB	Port Elizabeth	US	NJ	123-----	0
USPEF	Port Everglades	US	FL	1-34----	0
USPFN	Panama City	US	FL	1--4----	0
USPG8	Pound Ridge	US	NY	1----6--	0
USPGE	Pagedale	US	MO	123--6--	0
USPGH	Port Gamble	US	WA	1-------	0
USPGL	Pascagoula	US	MS	1--4----	0
USPGQ	Puget Sound	US	WA	1-------	0
USPGX	Pillager	US	MN	123-----	0
USPGY	Spring Valley, San Diego	US	CA	1-3--6--	0
USPGZ	Palo Pinto	US	TX	1-------	0
USPHL	Philadelphia	US	PA	1--45---	0
USPHN	Port Huron	US	MI	1--4----	0
USPI7	Pleasant Island	US	AK	1-------	0
USPIE	Saint Petersburg	US	FL	1234----	0
USPIS	Port Isabel	US	TX	1-3-----	0
USPIT	Pittsburgh	US	PA	1--4----	0
USPIW	Pilottown	US	LA	1-3-----	0
USPK3	Parks	US	AZ	1-------	0
USPKT	Parkton	US	NC	123-----	0
USPLL	Port Allen	US	LA	1-3-----	0
USPLP	Pleasant Prairie	US	WI	123--6--	0
USPLU	Port Ludlow	US	WA	1-------	0
USPLV	Port Lavaca	US	TX	1-3-----	0
USPM3	Port Monmouth	US	NJ	1-3--6--	0
USPM4	Port Morris, Bronx	US	NY	123-----	0
USPM8	Pilot Mountain	US	NC	1----6--	0
USPME	Port Manatee	US	FL	1-3-----	0
USPMV	Port MacKenzie	US	AK	123--6--	0
USPMZ	Palmertown	US	PA	123--6--	0
USPNJ	Port Newark	US	NJ	1-3-----	0
USPNS	Pensacola	US	FL	1--4----	0
USPO2	Port Orford	US	OR	1-3-----	0
USPO7	Ponsford	US	MN	1-------	0
USPO8	Pompton	US	NJ	1----6--	0
USPOA	Port Arthur	US	TX	1-3-----	0
USPOB	Port Bolivar	US	TX	1-------	0
USPOD	Porterdale	US	GA	1-3--6--	0
USPOJ	Portage	US	IN	123-----	0
USPOW	Port Washington	US	NY	1-3-----	0
USPP3	Point Pleasant Beach	US	NJ	123-----	0
USPP4	Powells Point	US	NC	1----6--	0
USPP5	Point Conception	US	CA	1-------	0
USPP9	Prospect	US	VA	1-------	0
USPPS	Pennsauken	US	NJ	1-3-----	0
USPQM	Palm	US	PA	1-3--6--	0
USPQN	Pequannock	US	NJ	123--6--	0
USPRS	Point Roberts	US	WA	1-3----B	0
USPRY	Port Blakely	US	WA	1-------	0
USPS3	Prairie du Sac	US	WI	123-----	0
USPS6	Pearson	US	WI	1-------	0
USPS9	Preston	US	ID	1-------	0
USPSJ	Port Saint Joe	US	FL	123-----	0
USPSL	Port San Luis	US	CA	1-------	0
USPSM	Portsmouth	US	NH	1--4----	0
USPT7	Prichard	US	WV	1-3--6--	0
USPTJ	Port Jefferson	US	NY	1-3-----	0
USPTM	Portsmouth	US	VA	1-3-----	0
USPVC	Provincetown	US	MA	1--4----	0
USPVD	Providence	US	RI	1--4----	0
USPWG	Paterson	US	WA	123-----	0
USPWM	Portland	US	ME	1--4----	0
USPWQ	Portland	US	MI	1-------	0
USPWT	Bremerton	US	WA	1--4----	0
USPXD	South Padre Island	US	TX	1-3-----	0
USPY6	Paisley	US	FL	1-------	0
USPYB	Perryman	US	MD	123--6--	0
USPZH	Port Chicago	US	CA	1-------	0
USQAC	Cato	US	NY	1-3-----	0
USQAI	Clare	US	IL	1-3-----	0
USQAP	Creekside	US	PA	123--6--	0
USQCB	Claysburg	US	PA	1-3-----	0
USQCC	Chevy Chase	US	MD	1-3-----	0
USQCH	Carthage	US	NY	1-3-----	0
USQCN	Coal Center	US	PA	123--6--	0
USQCQ	Chautauqua	US	NY	1-3--6--	0
USQCZ	Cozad	US	NE	1-3--6--	0
USQDM	Elmont	US	NY	123--6--	0
USQDQ	DeQuincy	US	LA	123-----	0
USQDU	Lexington	US	MO	1----6--	0
USQDV	Devenscrest	US	MA	123--6--	0
USQDY	Dolgeville	US	NY	1-3--6--	0
USQEB	Edinboro	US	PA	1-3--6--	0
USQEI	Ewing	US	NJ	1-3--6--	0
USQEO	Earlington	US	KY	123--6--	0
USQET	East Setauket	US	NY	123--6--	0
USQEV	Earlville	US	IA	123--6--	0
USQEW	Erwins	US	NY	123--6--	0
USQEY	Eakly	US	OK	1-3--6--	0
USQFA	Fort Davis	US	TX	1-3--6--	0
USQFC	Fairmont City	US	PA	123--6--	0
USQFI	Ferriday	US	LA	123--6--	0
USQFM	Farmington Hill	US	PA	1-3--6--	0
USQFU	Fort Lupton	US	CO	123--6--	0
USQFY	Fairmont City	US	IL	1-3--6--	0
USQGB	Grand Blanc	US	MI	123--6--	0
USQGT	Garrett	US	IN	123--6--	0
USQGX	Goldthwaite	US	TX	123--6--	0
USQHA	Hatton	US	ND	123--6--	0
USQHE	Hooker	US	OK	123--6--	0
USQHG	Huger	US	SC	1-3--6--	0
USQHH	Ambrose Channel Light	US	NJ	1-------	0
USQHK	Hopkinton	US	IA	1-3--6--	0
USQHS	Mount Holly Springs	US	PA	123--6--	0
USQHT	Huber Heights	US	OH	1-3-----	0
USQIL	Idabel	US	OK	123--6--	0
USQIM	Coldwater	US	MS	1-3--6--	0
USQIS	Inverness	US	CA	1-3--6--	0
USQJB	Jobstown	US	NJ	123-----	0
USQJC	Lake Park	US	IA	1----6--	0
USQJZ	Scales Mound	US	IL	1----6--	0
USQKC	Kimberling City	US	MO	1-3--6--	0
USQKK	Keswick	US	IA	1-3-----	0
USQKM	Ketchum	US	ID	123--6--	0
USQLF	Linn Creek	US	MO	1-3--6--	0
USQLH	Laurelville	US	OH	1-3--6--	0
USQLI	Loves Park	US	IL	123--6--	0
USQLO	Leonia	US	NJ	123--6--	0
USQLR	Laureldale	US	PA	123--6--	0
USQLT	Loretto	US	PA	123--6--	0
USQLY	Lyles	US	TN	123--6--	0
USQMC	McLeansville	US	NC	123--6--	0
USQMK	Markleville	US	IN	123--6--	0
USQMM	Marne	US	MI	1-3-----	0
USQMU	Mantua	US	NJ	123-----	0
USQMW	McCleary	US	WA	123-----	0
USQNE	Newportville	US	PA	123--6--	0
USQNM	North Miami	US	FL	123--6--	0
USQNN	New Ipswich	US	NH	1-3--6--	0
USQNV	Nokesville	US	VA	123--6--	0
USQOA	Olyphant	US	PA	123--6--	0
USQOC	Port Orchard	US		1-------	0
USQOP	Oak Park	US	IL	123--6--	0
USQOR	Moravia	US	IA	123--6--	0
USQOT	Olton	US	TX	1-3--6--	0
USQPD	Poland	US	OH	123--6--	0
USQPH	Pocahontas	US	TN	1-3--6--	0
USQPM	Pamplin	US	VA	123--6--	0
USQPN	Peconic	US	NY	123--6--	0
USQPR	Port Eads	US	LA	1-------	0
USQPS	Pine Bluffs	US	WY	123--6--	0
USQPX	Prosper	US	TX	123--6--	0
USQPY	Pine Plains	US	NY	1-3--6--	0
USQPZ	South Fallsburg	US	NY	1-------	0
USQQN	River Ridge	US	LA	1-3-----	0
USQQX	Steelton	US	PA	1----6--	0
USQR5	Grimes	US	CA	1-3-----	0
USQRI	Burlison	US	TN	1-3-----	0
USQRL	Erial	US	NJ	1-3-----	0
USQSG	Spring Green	US	WI	123--6--	0
USQSK	Saco	US	ME	123-----	0
USQST	Stoystown	US	PA	123--6--	0
USQSW	South Walpole	US	MA	1-3-----	0
USQTB	Tabor City	US	NC	1-3--6--	0
USQTF	Three Forks Junction	US	MT	1-3--6--	0
USQTH	Tomah	US	WI	123--6--	0
USQTI	Trinity	US	AL	123-----	0
USQTN	Tornillo	US	TX	123--6--	0
USQTO	Tonica	US	IL	123--6--	0
USQTY	Terry	US	MS	123--6--	0
USQUI	Quincy	US	CA	12------	0
USQUS	Upper Saint Regis	US	NY	1-3--6--	0
USQWD	Waelder	US	TX	123--6--	0
USQWI	Fountain Hills	US	AZ	1-------	0
USQWL	Willimantic	US	CT	123--6--	0
USQWW	Wynnewood	US	PA	1-3--6--	0
USQXY	Browns Mills	US	NJ	1-3-----	0
USQYL	Loudonville	US	NY	1-3--6--	0
USQZJ	Windsor	US	ME	1----6--	0
USQZN	New Point	US	VA	1-3--6--	0
USR2V	Rockville	US	VA	1-------	0
USR34	Rootstown	US	OH	1----6--	0
USR3O	Rollinsford	US	NH	123-----	0
USR55	Rochelle	US	VA	1-3-----	0
USR5W	Rowena	US	SD	1-------	0
USR63	Rockport	US	IL	1----6--	0
USR88	Rio	US	WI	1----6--	0
USRA3	Forest Ranch	US	CA	1-3-----	0
USRAC	Racine	US	WI	1-34----	0
USRAF	Ringle	US	WI	1-3-----	0
USRAI	Rainier	US	OR	1-3-----	0
USRAJ	Rotterdam	US	NY	123-----	0
USRBO	Rancho Bernardo	US	CA	1-3--6--	0
USRC6	Rock Creek	US	OH	1-------	0
USRCH	Richmond	US	CA	1-3-----	0
USRCY	Rogers City	US	MI	1-3-----	0
USRD4	Rodeo	US	CA	1-------	0
USRDK	Red Oak	US	IA	123--6--	0
USRF5	Red Feather Lakes	US	CO	1-------	0
USRG6	River Grove	US	IL	1-3-----	0
USRGA	Baraga	US	MI	123-----	0
USRGJ	Rivergate	US	OR	123--6--	0
USRGS	Rogers	US	CT	1-3-5---	0
USRH2	Rogers Haven	US	DE	1-3--6--	0
USRHG	Rancho Mirage	US	CA	1-3--6--	0
USRHY	Red Hill	US	PA	123-----	0
USRI4	Port Richmond	US	PA	123-----	0
USRIC	Richmond	US	VA	1-34----	0
USRIM	Rimer	US	OH	123--6--	0
USRJQ	Roggen	US	CO	1----6--	0
USRJT	Roseton	US	NY	1-------	0
USRKD	Rockland	US	ME	1-34----	0
USRKY	Rocky River	US	OH	123--6--	0
USRL5	Starlight	US	IN	1----6--	0
USRLT	Roosevelt	US	WA	1-3-----	0
USRMA	Hermann	US	MO	123-----	0
USRNN	Clarendon	US	AR	123--6--	0
USRO2	Santa Rosa Island	US	CA	1-------	0
USROC	Rochester	US	NY	1--4----	0
USROJ	Ronks	US	PA	1----6--	0
USRP3	Rockport	US	ME	1-3-----	0
USRR6	Redwood Valley	US	CA	1-3-----	0
USRRT	Warroad	US	MN	1--4----	0
USRSG	Rosenberg	US	TX	123--6--	0
USRSK	Rosiclare	US	IL	1-3--6--	0
USRUX	Barboursville	US	VA	1----6--	0
USRV4	Saddle River	US	NJ	1----6--	0
USRV5	Riverdale	US	NY	1----6--	0
USRV9	Roseville	US	NC	1-------	0
USRWC	Redwood City	US	CA	1-3-----	0
USRWK	Berwick	US	LA	123-----	0
USRWQ	Spencer	US	IN	1----6--	0
USRWX	Casselton	US	ND	1----6--	0
USRXF	Rexford	US	MT	1-3--6--	0
USRXO	Clearlake Oaks	US	CA	1-3-----	0
USRXR	Fruitland	US	ID	1-------	0
USRYF	Rocky Face	US	GA	1----6--	0
USRYK	Rockaway Parks	US	NY	1----6--	0
USRYN	Roslyn Heights	US	NY	1----6--	0
USS2B	Salemburg	US	NC	1-------	0
USS3G	Spring Grove	US	VA	1-------	0
USS44	Scio	US	OR	1-------	0
USS4Y	Sarita	US	TX	1-3-----	0
USS67	Saint Paul Park	US	MN	1-3-----	0
USS7I	Sidney	US	KY	1-------	0
USS7K	South Kingstown	US	RI	1-------	0
USS7T	Saint Charles	US	MO	1-------	0
USS7Y	Smyrna	US	NC	1-------	0
USS8K	South Salt Lake	US	UT	1-3-----	0
USS8T	Stony Point	US	NY	1-------	0
USSA3	Saint Albans	US	WV	123-----	0
USSA6	Santee	US	SC	1-------	0
USSAB	Sabine	US	TX	1-3-----	0
USSAC	Sacramento	US	CA	1--4----	1
USSAN	San Diego	US	CA	1-34----	0
USSAV	Savannah	US	GA	1--4----	0
USSBA	Santa Barbara	US	CA	1-34----	0
USSBB	Sabina	US	OH	123--6--	0
USSBQ	Ship Bottom	US	NJ	1-------	0
USSCK	Stockton	US	CA	1-34----	0
USSE3	Soap Lake	US	WA	123--6--	0
USSE4	Sedan	US	KS	1-------	0
USSEA	Seattle	US	WA	1--45---	0
USSFO	San Francisco	US	CA	1--45---	0
USSFY	Springfield	US	MA	1-3-----	0
USSG3	Spring Grove	US	IL	1-3-----	0
USSGI	Sterling	US	IL	123-----	0
USSGN	Stonington	US	CT	123--6--	0
USSGY	Skagway	US	AK	1--4----	0
USSI2	Sledge Island	US	AK	1-3-----	0
USSI7	Sierra Vista	US	CA	1-------	0
USSIB	Silver Bay	US	MN	1-3-----	0
USSJC	San Jose	US	CA	1--4----	0
USSK3	Summerland Key	US	FL	1-3-----	0
USSK4	Smackover	US	AR	1-------	0
USSKT	Stickney	US	IL	123--6--	0
USSKY	Sandusky, Erie	US	OH	1234----	0
USSKZ	Saint Clair	US	PA	123--6--	0
USSLM	Salem	US	MA	1-3-----	0
USSO9	Stookey	US	IL	1----6--	0
USSOD	Sodus Point	US	NY	1-3-----	0
USSOH	South Haven	US	MI	1-3-----	0
USSP2	Sagaponack	US	NY	1-3-----	0
USSPQ	San Pedro	US	CA	1--4----	0
USSPT	South Saint Paul	US	MN	1234----	0
USSR4	Shalimar	US	FL	123-----	0
USSR9	Stansbury park	US	UT	1----6--	0
USSRE	Saint Rose	US	LA	123-----	0
USSRN	Saranac	US	MI	123--6--	0
USSRP	Searsport	US	ME	1-3-----	0
USSRU	Santa Cruz	US	CA	1--4----	0
USSS3	Somerset	US	MA	1-3--6--	0
USSSI	Brunswick	US	GA	1--4----	0
USSSM	Sault Sainte Marie	US	MI	1--4----	0
USST9	Saint George	US	ME	1----6--	0
USSTG	Saint George Island	US	AK	1--4----	0
USSTH	Saint Helens	US	OR	1-3-----	0
USSTL	Saint Louis	US	MO	1-34----	0
USSTP	Saint Paul	US	MN	1-34----	0
USSTZ	Scottsdale	US	AZ	1-3--6--	0
USSUL	Port Sulphur	US	LA	123-----	0
USSUT	Sunny Point	US	NC	1-------	0
USSUW	Superior	US	WI	1--4----	0
USSUX	Sioux City	US	IA	1--4----	0
USSXF	San Mateo	US	CA	1-3-----	0
USSYP	Sandy Point	US	ME	1-3-----	0
USSYR	Syracuse	US	NY	1--4----	0
UST2R	Trempealeau	US	WI	1-------	0
UST5W	Tow	US	TX	1-3-----	0
UST9X	Millican	US	TX	1-3-----	0
USTA2	Talihina	US	OK	1-------	0
USTA3	Tahuya	US	WA	1-------	0
USTAJ	Alta Loma	US	CA	1----6--	0
USTAW	Matawan	US	NJ	123--6--	0
USTB3	Tabor	US	SD	1-------	0
USTBH	Atlantic Beach	US	NC	1-3-----	0
USTBJ	Tanaga Bay	US	AK	1-------	0
USTBW	Point Barrow	US	AK	1-------	0
USTBZ	Tubac	US	AZ	1----6--	0
USTC4	Town and Country	US	MO	1-------	0
USTCH	Taconite Harbor	US	MN	1-3-----	0
USTDI	Tatoosh Island	US	WA	1-------	0
USTE8	Tyee	US	AK	1-------	0
USTEP	Stephentown	US	NY	1-3--6--	0
USTFG	Trafalgar	US	IN	1-3--6--	0
USTFO	Stratford	US	WI	1-3-----	0
USTFR	Transfer	US	PA	1-3-----	0
USTFT	Taft	US	LA	1-3-----	0
USTGB	Indian Mills	US	NJ	1----6--	0
USTHF	Thompson Falls	US	MT	123--6--	0
USTHN	Athena	US	OR	123--6--	0
USTHU	Croton-on-Hudson	US	NY	123--6--	0
USTIE	Wolcottville	US	IN	123--6--	0
USTIS	Stillwater	US	MN	123-----	0
USTIW	Tacoma	US	WA	1--4----	0
USTJB	Brilliant	US	OH	1----6--	0
USTJJ	Platte	US	MO	1----6--	0
USTK9	Stockett	US	MT	1----6--	0
USTKN	Tomkins Cove	US	NY	1-------	0
USTL8	Tillson	US	NY	1----6--	0
USTLQ	Hilton	US	NY	1----6--	0
USTMM	Tamms	US	IL	123--6--	0
USTMN	Trumann	US	AR	123--6--	0
USTMZ	Tecumseh	US	MO	1-3-----	0
USTNE	Tavernier	US	FL	1-3--6--	0
USTNI	Tunica	US	MS	123--6--	0
USTNV	Triangle	US	VA	1-3--6--	0
USTO3	Corralitos	US	CA	1-3-----	0
USTOL	Toledo	US	OH	1--4----	0
USTOU	Saint Johnsville	US	NY	1-3-----	0
USTOZ	Low Moor	US	VA	1----6--	0
USTP2	Tupper Lake	US	NY	1-------	0
USTPA	Tampa	US	FL	1--45---	0
USTPC	Cape Carteret	US	NC	1-3-----	0
USTPS	Thompson	US	OH	1-3--6--	0
USTPW	Thompsontown	US	PA	1-3-----	0
USTQT	Tionesta	US	PA	1----6--	0
USTRK	Tamarac	US	FL	123--6--	0
USTRY	Troy	US	NY	1-3-----	0
USTS4	Chatsworth	US	IL	1----6--	0
USTSA	Savannah	US	TN	1-3-----	0
USTSI	Tishomingo	US	OK	1-3-----	0
USTSL	Ten Sleep	US	WY	1-3--6--	0
USTSN	Fort Snelling	US	MN	1-3-----	0
USTSO	Lost Hills	US	CA	1-3--6--	0
USTSX	Mauston	US	WI	1----6--	0
USTSZ	Bronston	US	KY	1-3--6--	0
USTT9	Tuscan	US	NY	1-------	0
USTTS	Scottsville	US	VA	123-----	0
USTTV	Tottenville, Staten Island	US	NY	1-3-----	0
USTUB	Boutte	US	LA	1-3-----	0
USTUV	Gertrude Cove	US	AK	1-------	0
USTW2	Twin Lake	US	MI	1-------	0
USTWD	Port Townsend	US	WA	1--4----	0
USTWM	Stewart, McLeod	US	MN	123--6--	0
USTWZ	Tarrytown	US	NY	123-----	0
USTX3	Fairview	US	TX	1----6--	0
USTXQ	Noti	US	OR	1----6--	0
USTXT	Texas City	US	TX	1-3-----	0
USTXU	Garden City	US	ID	1----6--	0
USTXX	Powderly	US	TX	1-------	0
USTYY	East Troy	US	WI	1-3-----	0
USU3V	Weybridge	US	VT	1-3-----	0
USUA7	Laurelton	US	NY	1----6--	0
USUCR	Urbancrest	US	OH	1-3--6--	0
USUDC	Cumberland City	US	TN	1-3--6--	0
USUFG	Chesapeake	US	VA	1-34----	0
USUGE	Council Grove	US	KS	123-----	0
USUGN	Waukegan	US	IL	1-34----	0
USUHI	Unity	US	ME	123-----	0
USUHO	North Monmouth	US	ME	1-3-----	0
USUIT	Susitna	US	AK	1-------	0
USUKK	University Park	US	TX	1----6--	0
USULO	Bunola	US	PA	1-3--6--	0
USUMO	Cataumet	US	MA	123-----	0
USUMQ	Mecosta	US	MI	1-------	0
USUO4	Woodfin	US	NC	123--6--	0
USUQQ	Tulalip	US	WA	1-3-----	0
USURE	Laurel	US	DE	1234-6--	0
USURR	Port Murray	US	NJ	123--6--	0
USUSA	Bourbonnais	US	IL	123--6--	0
USUSB	Curtis Bay, Baltimore	US	MD	123-----	0
USUT2	Uniontown	US	KY	123-----	0
USUTA	Tchula	US	MS	123-----	0
USUTS	Saint Louis	US	LA	1-3-----	0
USUWC	Uwchland	US	PA	1-3--6--	0
USUWH	South Windham	US	CT	123--6--	0
USUXX	Uxbridge	US	MA	123-----	0
USUXZ	Port Chester	US	NY	1-3-----	0
USUYU	Staten Island	US	NY	1-3-----	0
USV7X	Croxton	US	NJ	1-3-----	0
USVAN	Vancouver	US	WA	1-3-----	0
USVAU	Augusta Springs	US	VA	1-------	0
USVBE	Van Buren	US	WI	123--6--	0
USVDZ	Valdez	US	AK	1-34----	0
USVE9	Vermilion	US	OH	1-3-----	0
USVED	Vineyard	US	UT	123-----	0
USVFR	Ansonville	US	NC	1----6--	0
USVGS	Vanceburg	US	KY	123--6--	0
USVIR	Viroqua	US	WI	123--6--	0
USVIX	Viola	US	WI	1----6--	0
USVJ2	Villard Junction	US	WA	123-----	0
USVKB	Vicksburg	US	MI	1----6--	0
USVKS	Vicksburg	US	MS	1--4----	0
USVKY	Silver Grove	US	KY	123-----	0
USVLS	Van Alstyne	US	TX	123--6--	0
USVMD	Vienna	US	MD	1-------	0
USVN3	Venice	US	LA	1-------	0
USVNT	Ventura	US	CA	1-3-----	0
USVOT	Violet	US	LA	123-----	0
USVOW	Stow	US	NY	1-3-----	0
USVQV	Nashville	US	MI	1----6--	0
USVR9	Augusta	US	MO	1-3-----	0
USVRD	Riverside	US	CT	123-----	0
USVSE	Riverside	US	RI	123-----	0
USVTD	Wilder	US	VT	123-----	0
USVTP	Portville	US	NY	1----6--	0
USVTT	Lovettsville	US	VA	1-------	0
USVVC	Terra Bella	US	CA	1-3-----	0
USVVZ	Centre Hall	US	PA	1-3-----	0
USVWR	Warren	US	OR	123-----	0
USVXJ	Claves	US	OH	1----6--	0
USVZZ	Goochland	US	VA	1----6--	0
USW26	Willow Park	US	TX	1----6--	0
USW6T	Ceredo	US	WV	1-3-----	0
USW9A	Washington Terrace	US	UT	1-------	0
USWA4	Walsh	US	CO	1----6--	0
USWA7	Wakeman	US	OH	1-------	0
USWAB	Washington	US	GA	123-----	0
USWBM	West Boylston	US	MA	123--6--	0
USWC4	Wicomico Church	US	VA	1-3--6--	0
USWCO	Welcome	US	NC	123--6--	0
USWCP	Wicker Park	US	IL	1-3--6--	0
USWCW	Lake Waccamaw	US	NC	1-3-----	0
USWDZ	Woodside	US	CA	1-3--6--	0
USWE2	Westerlo	US	NY	1----6--	0
USWEP	Westampton	US	NJ	1-3--6--	0
USWEQ	West Allis	US	WI	1-3--6--	0
USWFB	Wolfeboro	US	NH	1-3-----	0
USWG2	Waggaman	US	LA	1-------	0
USWGB	Winnebago, Faribault	US	MN	1-3--6--	0
USWGX	Wingate	US	TX	1-3--6--	0
USWH7	Waianae	US	HI	1-------	0
USWKT	Whitakers	US	NC	123-----	0
USWLQ	West Long Branch	US	NJ	1-3--6--	0
USWMA	Wilma	US	WA	123--6--	0
USWMJ	Windham	US	CT	123-----	0
USWMP	Whitmore Lake	US	MI	1-3--6--	0
USWMU	West Yarmouth	US	MA	1-3--6--	0
USWNF	Wisconsin Dells	US	WI	123-----	0
USWNH	Wentworth	US	NH	1-3--6--	0
USWNK	Winooski	US	VT	1-3--6--	0
USWNS	Winsted	US	CT	1-3--6--	0
USWO4	Birnamwood	US	WI	1----6--	0
USWO7	Woodgate	US	NY	1-------	0
USWOT	West Point	US	NY	1-3-----	0
USWOV	Woodsville	US	NH	123--6--	0
USWPB	Wills Point	US	NJ	1-3--6--	0
USWPF	Waterproof	US	LA	123--6--	0
USWPT	Westport	US	CA	1-3-----	0
USWQA	Whitman	US	MA	1-3--6--	0
USWQU	Wauna Range	US	OR	1-------	0
USWQZ	Wintersville	US	OH	1-3--6--	0
USWR3	West Portsmouth	US	OH	1-------	0
USWR4	Wading River	US	NY	1-------	0
USWRP	Winterthur	US	DE	1-3--6--	0
USWTN	Wilmington	US	CA	1-3-----	0
USWTU	Wartburg	US	TN	1-3--6--	0
USWU7	Walnut	US	IA	1----6--	0
USWUP	Waupaca	US	WI	123--6--	0
USWUR	Wurtland	US	KY	1-3--6--	0
USWUS	Williamsburg	US	IA	1-3--6--	0
USWVA	Water Valley	US	MS	123--6--	0
USWW9	Wadmalaw Island	US	SC	1-3-----	0
USWWI	Weyauwega	US	WI	123-----	0
USWXB	White Oak	US	PA	1-3--6--	0
USWXS	Wrightstown	US	WI	123-----	0
USWY2	Wadley	US	AL	123--6--	0
USWY7	Weston	US	WY	1-3-----	0
USWZS	Warsaw	US	KY	1-3-----	0
USXAE	Camden	US	DE	1-3-----	0
USXAK	Alva	US	OK	1-------	0
USXAM	Alma	US	WI	123-----	0
USXAR	Starr	US	SC	123--6--	0
USXAS	Freeport	US	FL	1----6--	0
USXBW	Webb City	US	MO	123--6--	0
USXEH	Erie	US	CO	123--6--	0
USXFO	Fort Atkinson	US	WI	123-----	0
USXKW	Kirkwood	US	MO	123--6--	0
USXLT	Locust	US	NJ	1-3--6--	0
USXMY	Clallam Bay	US	WA	1-------	0
USXNA	Sayreville	US	NJ	123-----	0
USXNW	New Madrid	US	MO	1-3--6--	0
USXOR	Oberlin	US	OH	123--6--	0
USXOT	Scott	US	MS	123--6--	0
USXPE	Perdue Hill	US	AL	1-3--6--	0
USXPG	Springville, Suffolk	US	NY	1----6--	0
USXPT	Portola Valley	US	CA	1-3--6--	0
USXPY	Cape Henry	US	VA	1-------	0
USXRA	Ravena	US	NY	123--6--	0
USXRC	Rainbow City	US	AL	1-3-----	0
USXRT	Rock Tavern	US	NY	1-3--6--	0
USXSD	Castle Island	US	AK	1-------	0
USXSG	Sagola	US	MI	123--6--	0
USXSH	Shingle Springs	US	CA	123--6--	0
USXSI	Shelter Island	US	NY	1-3--6--	0
USXSJ	South Jordan	US	UT	123--6--	0
USXSK	Shaker Heights	US	OH	123--6--	0
USXSS	Cassville	US	MO	1-3-----	0
USXSY	Short Hills	US	NJ	1-3--6--	0
USXTE	Timmonsville	US	SC	123-----	0
USXTK	Chetek	US	WI	1-3-----	0
USXTM	Saint Thomas	US	PA	1-3--6--	0
USXTN	Tiburon	US	CA	1-3--6--	0
USXTR	West Rutland	US	VT	123--6--	0
USXTS	Tams	US	WV	123--6--	0
USXTY	Tuckahoe	US	NY	123--6--	0
USXUY	Mapleton	US	MN	1-3-----	0
USXVB	Hawthorne	US	FL	1----6--	0
USXVN	Silverton	US	OR	123--6--	0
USXVR	Clover	US	WI	1-3-----	0
USXWE	White Lake	US	WI	123--6--	0
USXWO	Wolcott	US	CT	1-3-----	0
USXWT	Whitestown	US	IN	123--6--	0
USXXL	Ladera Ranch	US	CA	1-------	0
USXXO	Spotsylvania	US	VA	1----6--	0
USXXX	Mexico	US	ME	1-------	0
USXXY	East Leroy	US	MI	1----6--	0
USXY2	Birmingham	US	OH	1-------	0
USXYB	Byron	US	IL	123--6--	0
USXYS	Murrysville	US	PA	123--6--	0
USXYT	Wyatt	US	IN	123--6--	0
USXZA	Cedar Grove	US	WV	1----6--	0
USXZD	Frederick	US	PA	1----6--	0
USXZS	Mound House	US	NV	1----6--	0
USXZW	Willianstown	US	NY	1-3--6--	0
USYAN	Alanson	US	MI	123--6--	0
USYAO	Aurora	US	IN	123--6--	0
USYAS	Aransas Pass	US	TX	123--6--	0
USYAZ	Yazoo City	US	MS	123--6--	0
USYBD	Belden	US	MS	123--6--	0
USYBG	Bongards	US	MN	123-----	0
USYBN	Boylston	US	MA	1-3-----	0
USYBY	Bonifay	US	FL	123--6--	0
USYBZ	Bay City	US	WI	123-----	0
USYCD	Cathedral City	US	CA	1-3-----	0
USYCE	Carver	US	MA	1-3-----	0
USYCG	Cedar Grove	US	NC	1-3-----	0
USYCK	Clatskanie	US	OR	1-3-----	0
USYCP	Central Point	US	OR	1-3-----	0
USYCU	Columbia Falls	US	MT	123-----	0
USYCZ	Cadiz	US	KY	123--6--	0
USYDE	Dale	US	WI	123--6--	0
USYDO	Orondo	US	WA	123--6--	0
USYDP	Delhi	US	NY	1-3--6--	0
USYEB	Ellenboro	US	NC	123--6--	0
USYEC	Winneconne	US	WI	1-3-----	0
USYEJ	Keyes	US	CA	1----6--	0
USYEM	Emory	US	TX	1-3--6--	0
USYEP	East Palestine	US	OH	123--6--	0
USYER	Sisters	US	OR	1-3--6--	0
USYFA	Florida City	US	FL	1-3--6--	0
USYFQ	Lafayette	US	OR	1-3-----	0
USYFX	Fox Lake	US	WI	1-3--6--	0
USYFZ	Frazeysburg	US	OH	123--6--	0
USYGL	Glennville	US	GA	1-3--6--	0
USYGS	Groves	US	TX	123--6--	0
USYHB	Heyburn	US	ID	1-3--6--	0
USYHE	Cowiche	US	WA	123--6--	0
USYHM	Holmes	US	NY	123--6--	0
USYHR	Hebron	US	NE	123-----	0
USYIG	Ingleside	US	TX	123--6--	0
USYIL	Indialantic	US	FL	1-3--6--	0
USYKB	York Beach	US	ME	1-3-----	0
USYKL	Hoyt Lakes	US	MN	123-5---	0
USYL2	Peach Bottom	US	PA	1-------	0
USYL9	Sylvania	US	OH	1----6--	0
USYLB	Lebec	US	CA	1-3-----	0
USYLD	Lind	US	WA	1-3--6--	0
USYLO	Logan Township	US	NJ	123--6--	0
USYLP	Lake Providence	US	LA	123--6--	0
USYLR	Littlerock	US	CA	1-3--6--	0
USYLT	Lanett	US	AL	123-----	0
USYLU	Lula	US	GA	123-----	0
USYLY	West Sayville	US	NY	1----6--	0
USYMD	Madison Park	US	WA	1-3--6--	0
USYMK	Murdock	US	NE	123--6--	0
USYMR	Mosier	US	OR	123-----	0
USYMV	Mount Vernon	US	NY	123--6--	0
USYNA	Naches	US	WA	1-3--6--	0
USYNJ	Columbia	US	NJ	1-3-----	0
USYNN	Glenndale	US	MD	1-3--6--	0
USYNO	North Woodstock	US	NH	123--6--	0
USYOB	Oakboro	US	NC	123--6--	0
USYOC	Lincoln City	US	OR	1-------	0
USYOK	Yoke Bay	US	AK	1-------	0
USYOQ	Ogunquit	US	ME	1-3--6--	0
USYP5	Purchase	US	NY	1----6--	0
USYPB	Peterborough	US	NH	123--6--	0
USYPF	Pigeon Forge	US	TN	1-3--6--	0
USYPH	Philomath	US	OR	123--6--	0
USYPN	Pine Bush	US	NY	1-3--6--	0
USYPR	Port Republic	US	VA	123--6--	0
USYRD	Runnemede	US	NJ	123--6--	0
USYRE	Morehouse	US	MO	123--6--	0
USYRF	Ruffin	US	SC	123--6--	0
USYRG	Ragland	US	AL	1-3--6--	0
USYRO	Raytown	US	MO	123--6--	0
USYRP	Rapidan	US	VA	1-3--6--	0
USYRX	Star	US	NC	1----6--	0
USYRY	Reynoldsville	US	PA	123--6--	0
USYSB	Sebree	US	KY	123--6--	0
USYSC	Chelsea	US	AL	1----6--	0
USYSD	Shedd	US	OR	123--6--	0
USYSG	Sandy Springs	US	GA	1-3--6--	0
USYSH	Shamokin	US	PA	123--6--	0
USYSJ	Saint Joseph	US	LA	123--6--	0
USYSK	Smokey Point	US	WA	1-3--6--	0
USYSP	Sproul	US	PA	1-3--6--	0
USYSS	Soda Springs	US	ID	123--6--	0
USYST	Winchester	US	WA	1-3--6--	0
USYSV	Smelterville	US	ID	1-3--6--	0
USYSY	South Glastonbury	US	CT	1----6--	0
USYTA	Tallassee, Elmore	US	AL	1-3--6--	0
USYTC	Tri-Cities	US	WA	1-3--6--	0
USYTH	Bothell	US	WA	123-----	0
USYTJ	Bartow	US	WV	1----6--	0
USYTL	Talent	US	OR	123-----	0
USYTO	Tomhicken	US	PA	1-3--6--	0
USYTW	Youngstown	US	NY	1-3-----	0
USYU5	Cayucos	US	CA	1-------	0
USYUD	Naples	US	ME	1----6--	0
USYUG	Union Gap	US	WA	123-----	0
USYUP	Upper Brookville	US	NY	1-3-----	0
USYVI	Vashon Island	US	WA	1-3--6--	0
USYVO	Lynnhaven Roads	US	VA	1-------	0
USYVR	Varnell	US	GA	123--6--	0
USYWA	Willacoochee	US	GA	123-----	0
USYWD	Ward	US	SC	123-----	0
USYWE	West Homestead	US	PA	123--6--	0
USYWH	Whately	US	MA	123--6--	0
USYWI	Wilcox	US	PA	123--6--	0
USYWR	Woolrich	US	PA	1-3--6--	0
USYWW	Cokeville	US	WY	1----6--	0
USYWZ	Wayzata	US	MN	123-----	0
USYXB	Cypress Bend	US	AR	1-------	0
USYYG	Grayson	US	GA	1-------	0
USYYX	Bel Ridge	US	MO	1----6--	0
USZ4X	Sheldon	US	WI	1-3-----	0
USZAD	Alvarado	US	TX	1-------	0
USZAL	Waverly Hall	US	GA	123--6--	0
USZAN	Mabton	US	WA	123--6--	0
USZAO	Taintor	US	IA	1-3--6--	0
USZAY	Marcy	US	NY	123--6--	0
USZBA	Bunker Hill	US	IL	1-------	0
USZBI	Bolton Landing	US	NY	1-3--6--	0
USZBK	Rhinebeck	US	NY	123--6--	0
USZBP	Bastrop	US	TX	123--6--	0
USZCB	Cibolo	US	TX	1-3-----	0
USZCC	Clara City	US	MN	1-3-----	0
USZCE	Creedmoor	US	NC	123-----	0
USZCG	Childersburg	US	AL	1-3-----	0
USZCS	Clawson	US	MI	123--6--	0
USZCT	Centralia	US	MO	1-3-----	0
USZCV	Coal Valley	US	IL	1-3--6--	0
USZCW	Cromwell	US	CT	123-----	0
USZCY	Clancy	US	MT	1-3-----	0
USZCZ	Cazenovia	US	NY	1-3-----	0
USZDC	Clarendon Heights	US	PA	1-3-----	0
USZDE	Dolores	US	CO	1-3--6--	0
USZDG	West Reading	US	PA	123--6--	0
USZDQ	Duquesne	US	PA	123--6--	0
USZDS	Sands Point	US	NY	1-3--6--	0
USZDZ	Dutzow	US	MO	123--6--	0
USZEC	Commerce	US	GA	123--6--	0
USZEF	East Falmouth	US	MA	1-3-----	0
USZEH	Helen	US	GA	1-3--6--	0
USZEM	Elkmont	US	AL	1-3-----	0
USZEN	Ellettsville	US	IN	1-3--6--	0
USZEO	Excelsior Springs	US	MO	123--6--	0
USZEP	East Walpole	US	MA	123--6--	0
USZET	Ellington	US	CT	1-3-----	0
USZEV	Ellaville	US	GA	123--6--	0
USZEW	Ellenwood	US	GA	123--6--	0
USZFI	Fisher Island, Miami	US	FL	1-3-----	0
USZFM	Fruitland	US	MD	123-----	0
USZGE	Glidden	US	WI	123--6--	0
USZGG	Beggs	US	OK	1-------	0
USZGN	North Grosvenor Dale	US	CT	123--6--	0
USZGP	Grosse Ile	US	MI	1-------	0
USZGQ	Galeton	US	PA	123--6--	0
USZGT	Charleston Heights	US	SC	1-3-----	0
USZGU	Ferguson	US	MO	123--6--	0
USZGZ	Geneseo	US	IL	1-------	0
USZHB	Sabetha	US	KS	123--6--	0
USZHE	Okarche	US	OK	123-----	0
USZHM	Hilmar	US	CA	1-3--6--	0
USZHT	Hoisington	US	KS	123--6--	0
USZHU	Hasbrouck Heights	US	NJ	1-3-----	0
USZHW	Harwood	US	MD	1-3--6--	0
USZIC	Rickreall	US	OR	123--6--	0
USZIK	Inkom	US	ID	123-----	0
USZIW	Winter Springs	US	FL	1-------	0
USZIX	Middle Island	US	NY	1-3-----	0
USZJ9	Jeffersonville	US	KY	1-------	0
USZKL	Tarpon Springs	US	FL	1----6--	0
USZKN	Dickson	US	TN	123--6--	0
USZLG	Lake Garfield	US	FL	123--6--	0
USZLO	Glen Flora	US	WI	1----6--	0
USZLP	Circle Pines	US	MN	1-3-----	0
USZLT	League City	US	TX	123--6--	0
USZLW	Longmeadow	US	MA	123--6--	0
USZMG	Miami Gardens	US	FL	123--6--	0
USZMP	Newburyport	US	MA	123--6--	0
USZMQ	Manasquan	US	NJ	1-3--6--	0
USZMU	Murphy	US	NC	123--6--	0
USZMW	Muldrow	US	OK	123--6--	0
USZMY	Manheim Center	US	NY	123--6--	0
USZNH	Tenants Harbour	US	ME	1-3--6--	0
USZNR	North Royalton	US	OH	1-3-----	0
USZNT	Tryon	US	NC	123--6--	0
USZOD	Oviedo	US	FL	123--6--	0
USZOH	Mohnton	US	PA	1-3--6--	0
USZOI	Charleroi	US	PA	1-3-----	0
USZOP	Satsop	US	WA	123--6--	0
USZOR	Sarasota	US	FL	123-----	0
USZOT	Olivette	US	MO	123--6--	0
USZOW	Ooltewah	US	TN	123-----	0
USZPB	Pembroke Park	US	FL	123--6--	0
USZPP	Hollsopple	US	PA	1-3-----	0
USZPT	Portageville	US	NY	1-3--6--	0
USZPU	Maple Bluff	US	WI	123--6--	0
USZPW	Powhatan	US	VA	1-3--6--	0
USZQC	Clinchfield	US	GA	1-3-----	0
USZQE	Quarryville	US	PA	123--6--	0
USZQU	Queen City	US	TX	123--6--	0
USZQZ	Coalfield	US	TN	1-3--6--	0
USZR9	Zirconia	US	NC	1----6--	0
USZRB	Riverbank	US	CA	123--6--	0
USZRC	Cramerton	US	NC	1-3--6--	0
USZRE	Rowlett	US	TX	123--6--	0
USZRH	Center Hill	US	FL	1-3-----	0
USZRR	Carrboro	US	NC	1-3-----	0
USZRY	Rye	US	NY	123--6--	0
USZS2	Swoope	US	VA	1-------	0
USZSB	Stevensburg	US	VA	1-3--6--	0
USZSD	Sutherland	US	VA	1-3--6--	0
USZSG	Spring Grove	US	PA	123-----	0
USZSI	San Acacio	US	CO	1-3--6--	0
USZSO	Sherborn	US	MA	123-----	0
USZSP	Stephen	US	MN	1234-6--	0
USZST	Stormville	US	NY	1-------	0
USZSU	Sugarcreek	US	OH	123--6--	0
USZTB	East Bloomfield	US	NY	1-3--6--	0
USZTG	Tangent	US	OR	123-----	0
USZTK	Winnetka	US	IL	123--6--	0
USZTP	White Pine	US	MI	123--6--	0
USZTR	Tillar	US	AR	123--6--	0
USZTU	Toughkenamon	US	PA	123-----	0
USZUC	Union Center	US	WI	123-----	0
USZUM	Zumbrota	US	MN	1-3--6--	0
USZVA	Silva	US	MO	1-------	0
USZVB	Brownsville	US	WI	1-3-----	0
USZVY	Eden Valley	US	MN	123--6--	0
USZWB	Breezewood	US	PA	1-------	0
USZWC	New Columbia	US	PA	123--6--	0
USZWK	Wyckoff	US	NJ	123--6--	0
USZWM	McEwen	US	TN	123--6--	0
USZWZ	Premont	US	TX	1----6--	0
USZXE	Mer Rouge	US	LA	123--6--	0
USZXQ	Westover	US	MD	1-3-----	0
USZXZ	San Lucas	US	CA	1-3-----	0
USZYF	Forsyth	US	GA	123--6--	0
USZYH	York Harbor	US	ME	1-3--6--	0
USZYI	Tybee Island	US	GA	1-3-----	0
USZYK	Keysville	US	MD	1-3--6--	0
USZYL	Edson	US	KS	1----6--	0
USZYN	Cheyenne Wells	US	CO	1-3-----	0
USZYT	Ladysmith	US	WI	123--6--	0
USZYX	South Hamilton	US	MA	1-------	0
USZYY	Suttons Bay	US	MI	123-----	0
USZZB	Bogart	US	GA	123--6--	0
USZZC	Corolla	US	NC	1-3-----	0
USZZH	Northport	US	MI	123--6--	0
USZZX	Emerald Isle	US	NC	1-------	0
UYCAR	Carmelo	UY		1-------	0
UYCPP	Cuenca del Plata	UY		1-------	0
UYCYR	Colonia	UY		1--4----	0
UYDZO	Durazno	UY		1--4----	0
UYFZB	Fray Bentos	UY		1-------	0
UYJIT	Jose Ignacio Terminal	UY		1-------	0
UYJLC	Juan L. Lacaze	UY	CO	1-------	0
UYLAP	La Paloma/Rocha	UY		1-------	0
UYMER	Mercedes	UY		1-------	0
UYMVD	Montevideo	UY		1--45---	0
UYNVP	Nueva Palmira	UY		1-------	0
UYPDP	Punta del Este	UY		1--4----	0
UYPDU	Paysandu	UY		1--4----	0
UYPIR	Piriápolis	UY	MA	1-------	0
UYSTY	Salto	UY		1--4----	0
UZAKT	Akaltyn	UZ		1-3-----	0
UZASA	Asaka	UZ	AN	1-3-----	0
VCBQU	Port Elizabeth, Bequia	VC		1-34----	0
VCCAN	Canouan Island	VC		1-------	0
VCCRP	Campden Park	VC		1-3-----	0
VCGRG	Georgetown	VC		1-3--6--	0
VCKTN	Kingstown	VC		1--45---	0
VCMQS	Mustique Island	VC		1--4----	0
VCSVD	Saint Vincent	VC		1--4----	0
VCUNI	Union Island	VC		1--4----	0
VEAMY	Amuay	VE		1-------	0
VEARA	Araya	VE		1-------	0
VEBAV	Bachaquero/Maracaibo L	VE		1-------	0
VEBJV	Bajo Grande/Maracaibo L	VE		1-------	0
VECAR	Caripito	VE	N	1-3-----	0
VECBL	Ciudad Bolívar	VE	F	1--4----	0
VECBS	Cabimas/Maracaibo L	VE		1--4----	0
VECGU	Ciudad Guayana	VE		1--4----	0
VECHQ	Chiquinquirá	VE	V	1-3-----	0
VECHV	Chichiriviche	VE		1-------	0
VECMR	Puerto Cumarebo	VE	I	1-3-----	0
VECUM	Cumana	VE		1--4----	0
VECUP	Carupano	VE		1--4----	0
VECXA	Caicara de Orinoco	VE		1--4----	0
VECZE	Coro	VE		1--4----	0
VEEGU	El Guamache	VE		1-------	0
VEELC	El Chaure	VE	B	1-------	0
VEELP	El Palito	VE		1-------	0
VEETV	El Tablazo/Maracaibo L	VE		1-------	0
VEGUA	Guaranao	VE		1-3-----	0
VEGUB	Guaranao Bay	VE		1-------	0
VEGUI	Guiria	VE		1--4----	0
VEGUT	Guanta	VE		1-------	0
VEJOT	Jose Terminal	VE	B	1-----7-	0
VELAG	La Guaira	VE		1--4----	0
VELCV	La Ceiba/Maracaibo L	VE		1-------	0
VELEC	La Estacada	VE		1-------	0
VELGY	Lagunillas	VE		1--4----	0
VELSP	Las Piedras	VE		1--4----	0
VELSV	La Salina/Maracaibo L	VE		1-------	0
VELVL	La Vela de Coro	VE		1-------	0
VEMAR	Maracaibo	VE		1--45---	0
VEMIV	Puerto Miranda/Maracaibo L.	VE		1-------	0
VEMOR	Morón	VE	G	1-3-----	0
VEMTV	Matanzas	VE		1-------	0
VEPAR	Paradero	VE		1-------	0
VEPBL	Puerto Cabello	VE		1--4----	0
VEPCA	Punta Camacho	VE		1-------	0
VEPCN	Punta Cardón	VE	I	1-------	0
VEPCO	Puerto Carenero	VE	R	1-3-----	0
VEPCT	Paracotos	VE	L	1----6--	0
VEPCU	Punta Cuchillo	VE		1-------	0
VEPCZ	Puerto La Cruz	VE		1-------	0
VEPFI	Punto Fijo	VE	I	1-3-----	0
VEPHO	Puerto de Hierro	VE		1-------	0
VEPLA	Palúa	VE		1--4----	0
VEPLV	Punta de Palmas	VE		1-------	0
VEPMP	Pampatar	VE		1-------	0
VEPMR	Palmarejo/Maracaibo L.	VE		1-------	0
VEPPD	Punta de Piedra	VE		1-------	0
VEPPZ	Puerto Páez	VE		1--4----	0
VEPRC	Paraguana Refinery Center	VE		1-------	0
VEPRG	Pertigalete	VE		1-------	0
VEPSU	Puerto Sucre	VE		1-------	0
VEPTZ	Petrozuata	VE		1-------	0
VEPYH	Puerto Ayacucho	VE		1--4----	0
VEPZO	Puerto Ordaz	VE		1--4----	0
VESFD	San Fernando de Apure	VE		1--4----	0
VESFX	San Félix	VE		1-------	0
VESLV	San Lorenzo/Maracaibo L	VE		1-------	0
VETJV	Tia Juana/Maracaibo L	VE		1-------	0
VETUR	Turiamo	VE		1-------	0
VEYUR	Ureña	VE	S	1-3--6--	0
VGEIS	Beef Island, Tortola	VG		1--4----	0
VGJVD	Jost Van Dyke	VG		1-------	0
VGNIS	Norman Island	VG		1-------	0
VGPUR	Port Purcell	VG		1----6--	0
VGRAD	Road Town, Tortola	VG		1--45---	0
VGSHO	Sopers Hole	VG		1-------	0
VGTOV	Tortola	VG		1--4----	0
VICHA	Charlotte Amalie, Saint Thomas	VI		1-------	0
VICTD	Christiansted, Saint Croix	VI		1-------	0
VICZB	Cruz Bay, Saint John	VI		1-3-----	0
VIENP	Enighed Pond	VI		1-------	0
VIFRD	Frederiksted, Saint Croix	VI		1-------	0
VIHOC	Hovic	VI		1-------	0
VILIB	Limetree Bay	VI		1-------	0
VIPAX	Port Alucroix	VI		1-3--6--	0
VISTT	Saint Thomas	VI		1--4----	0
VNBAN	Cam Lâm	VN	34	123-----	0
VNBAO	Bao Loc	VN	35	1-------	0
VNBCD	Ben Dam Con Dao Terminals	VN	43	1-------	0
VNBDG	Binh Duong Terminal	VN	57	1-3-----	0
VNBDU	Binh Duong	VN	27	1-3-----	0
VNBEN	Benthuy	VN		1-------	0
VNBHO	Bach Ho	VN	40	1-------	0
VNBLG	Binh Long Port	VN	44	1-------	0
VNBMH	Binh Minh	VN		1-3-----	0
VNBNG	Bèn Nghè	VN	SG	1-3-----	0
VNBNO	Ba Ngoi	VN	34	1-3-----	0
VNBSE	Bông Sen	VN		1-3-----	0
VNC8Q	Chu Lai	VN	27	1-34----	0
VNCCA	Cua Cam Terminal	VN	HP	1-3-----	0
VNCCU	Cai Cui Port	VN	CT	1-3-----	0
VNCLI	Cát Lái	VN	SG	1-3-----	0
VNCLO	Culao	VN		1-3-----	0
VNCMT	Cai Mep International Terminal	VN	43	1-3-----	0
VNCMY	Chan May Port	VN	26	1-3-----	0
VNCPH	Cam Pha	VN		1-------	0
VNCRB	Camranh	VN		1-------	0
VNCSG	Sai Gon Port	VN	SG	1-3-----	0
VNCUA	Cua Lo	VN	22	1-3-----	0
VNCUV	Cua Viet Port	VN	25	1-3-----	0
VNCVE	Chua Ve Terminal	VN	HP	1-3-----	0
VNDAD	Da Nang	VN	27	1--4----	0
VNDMO	Dam Mon	VN	34	1-------	0
VNDN3	Dông Hài	VN	23	1-3-----	0
VNDNA	Dong Nai	VN		1-3-----	0
VNDOH	Dong Hoi	VN		1-------	0
VNDQT	Dung Quat	VN	29	1-34-6--	0
VNDTH	Dong Thap	VN		1-3-----	0
VNDTS	Tien Sa Terminal	VN	DN	1-3-----	0
VNDVU	Dinh Vu Terminal	VN	HP	1-3-----	0
VNDXA	Doan Xa Terminal	VN	HP	1-3-----	0
VNDXN	Dong Xuyen Port	VN	43	1-3-----	0
VNGDA	Go Dau A Terminal	VN	39	1-3-----	0
VNGDB	Go Dau B Terminal	VN	39	1-3-----	0
VNHAA	Hoai An	VN		1-------	0
VNHAN	Hanoi	VN	HN	1--45---	0
VNHAT	Ha Tinh	VN		1-------	0
VNHCH	Hon Chong	VN		1-------	0
VNHDG	Hai Duong	VN	61	1-3-----	0
VNHIA	Hoi An	VN		1-------	0
VNHLG	Ha Long	VN	13	1-3-----	0
VNHLP	Hon La Port	VN	24	1-------	0
VNHNH	Bong Son	VN		1-------	0
VNHON	Hongai	VN		1-------	0
VNHPH	Haiphong	VN	HP	1234----	0
VNHPP	Tan Cang Hiep Phuoc Port	VN	SG	1-------	0
VNHSN	Hai Son	VN	DN	1-3-----	0
VNHUI	Hue	VN		1--4----	0
VNHYN	Hung Yen	VN	66	1-3-----	0
VNIPH	Phuoc Long ICD	VN		1-3-----	0
VNITX	ICD TRANSIMEX THU DUC	VN	SG	1-3--6--	0
VNKHU	Khonh Hung	VN		1-------	0
VNKYH	Ky Ha Terminal	VN	27	1-3-----	0
VNKYQ	Ky Ha Quang Nam Terminal	VN	27	1-3-----	0
VNLAP	Long An International Port	VN	41	1-------	0
VNLBN	Long Binh	VN		1-3-----	0
VNLBT	Long Binh Tan	VN	39	1-3-----	0
VNLMP	Vietnam Lee & Man Port	VN	73	1----6--	0
VNLPO	Lotus Port	VN	SG	1-3-----	0
VNLTH	Long Thanh	VN		1-------	0
VNMOC	Mong Cai	VN		1-------	0
VNMTH	My Thoi	VN	53	1-3-----	0
VNMUT	My Tho	VN		1-------	0
VNNCN	Nam Can Port	VN	59	1-3-----	0
VNNGH	Nghi Son	VN		1-3-----	0
VNNGT	Nghe Tinh	VN		1-3-----	0
VNNHA	Nha Trang	VN		1--4----	0
VNNHD	Nam Hai Dinh Vu Port	VN	HP	123-----	0
VNNHT	Nhon Trach	VN	39	1-3--6--	0
VNNIH	Ninh Hòa	VN	34	1-3-----	0
VNNMD	Nam Dinh	VN		1-------	0
VNNVT	Nguyen Van Troi Port	VN	DN	1-3-----	0
VNOCL	Cat Lai Oil Port	VN	SG	1-3-----	0
VNONB	Nha Be Oil Port	VN	SG	1-3-----	0
VNOSP	Saigon Petro Oil Terminal	VN	SG	1-3-----	0
VNOTW	B12 Oil Terminal	VN	13	1-------	0
VNPHA	Phan Rang	VN		1--4----	0
VNPHB	Phú Bai	VN	26	1-3-----	0
VNPHG	Phuóc Long	VN		1-3-----	0
VNPHH	Phan Thiet	VN		1--4----	0
VNPHL	Phuoe Le	VN		1-------	0
VNPHU	Phu My	VN		1-------	0
VNPQC	Phu Quoc	VN		1--4----	0
VNQBH	Quäng Bình	VN	24	1-3-----	0
VNQNH	Quang Ninh	VN	13	1-3-----	0
VNQNT	Tan Cang Qui Nhon	VN		1-3-----	0
VNQUL	Quang Long	VN		1-------	0
VNQUT	Quang Tri	VN		1-------	0
VNRDG	Rang Dong	VN		1-------	0
VNRQU	Rao Qua	VN		1-3-----	0
VNSAD	Sa Déc	VN	45	1-3-----	0
VNSDP	Son Duong Port	VN	23	1-------	0
VNSGN	Ho Chi Minh City	VN	SG	1-3456--	0
VNSH9	Song Han 9	VN		1-3-----	0
VNSIT	Saigon ITV/Phu My	VN	43	1-3-----	0
VNSON	Song Doc	VN		1-------	0
VNSPC	Hiep Phuoc Port	VN	SG	1-3-----	0
VNSTD	Su Tu Den	VN	40	1-------	0
VNSTR	ICD Sotrans	VN	SG	1-3--6--	0
VNTAM	Tanamexco ICD	VN	SG	1-3--67-	0
VNTBB	Tuy Hoa	VN		1--4----	0
VNTBI	Thang Binh	VN		1-------	0
VNTCG	Tan Cang	VN	SG	1-------	0
VNTCN	Tan Canh	VN	41	1-3-----	0
VNTHD	Thu Dau Mot	VN	05	1-3-----	0
VNTHO	Thanh Hoa	VN		1-------	0
VNTHU	Thuan An	VN	31	1-3-----	0
VNTMT	Tan Cang - Mien Trung Terminal	VN	31	1-3-----	0
VNTNA	Thi Nai Port	VN	31	1-3-----	0
VNTNO	Tra Noc	VN		1-3-----	0
VNTOT	Cai Mep	VN	43	1-------	0
VNTPP	Thanh Phuoc Port	VN	57	1-------	0
VNTRE	Ben Tre	VN	50	1-------	0
VNTTD	Tân Thuan Dông	VN	SG	1-3-----	0
VNTVN	Transvina Terminal	VN	HP	1-3-----	0
VNUIH	Quy Nhon	VN	31	1-34----	0
VNVAG	Vung Áng	VN		1-------	0
VNVCA	Can Tho	VN	CT	1-34----	0
VNVCH	Vat Cach	VN		1-------	0
VNVHG	Vinalines Hau Giang Port	VN	73	1-------	0
VNVIC	Ho Chi Minh, VICT	VN		1-------	0
VNVLG	Vinh Long	VN		1-3-----	0
VNVLO	Vinh Loi	VN		1-------	0
VNVNH	Vinh	VN	22	1--4----	0
VNVPH	Van Phong	VN	HP	1-------	0
VNVRO	Vung Ro	VN		1-3-----	0
VNVUT	Vung Tau	VN	43	1-34----	0
VNXNG	Quang Ngai	VN		1--4----	0
VULUG	Luganville	VU	SAM	1-3-----	0
VUPSA	Port Sandwich	VU		1-------	0
VUSAN	Santo	VU		1-------	0
VUVLI	Port Vila	VU		1--45---	0
WFHLO	Halalo	WF		1-3-----	0
WFMAU	Matâ'utu	WF		1-3-5---	0
WFSIG	Sigavé	WF		1-3-----	0
WSAAU	Asau	WS		1--4----	0
WSAPW	Apia	WS		1--45---	0
XZAAD	Aasgard	XZ		1-------	0
XZANT	Ardjuna	XZ		1-------	0
XZANU	Anoa Natuna	XZ		1-------	0
XZBUV	Buffalo Venture	XZ		1-------	0
XZCMT	Camar Marine Terminal	XZ		1-------	0
XZDHS	Dai Hung (STS Load)	XZ		1-------	0
XZDHT	Dai Hung (Tandem Load)	XZ		1-------	0
XZDRA	Draugen	XZ		1-------	0
XZDTL	Dulang Marine Terminal	XZ		1-------	0
XZHEI	Heidrun	XZ		1-------	0
XZKMT	Kakap Marine Terminal	XZ		1-------	0
XZLAM	Laminaria Terminal	XZ		1-------	0
XZLGT	Legendre Terminal	XZ		1-------	0
XZNJO	Njord	XZ		1-------	0
XZNNE	Norne	XZ		1-------	0
XZNTE	Northern Endeavour	XZ		1-------	0
XZOCA	Co-operation Zone A (AU,ID)	XZ		1-------	0
XZSBY	Sibuko Bay	XZ		1-------	0
XZSHA	Al Shaheen terminal	XZ		1-------	0
XZSTP	Stage Platform	XZ		1-------	0
XZSUU	Suursaq	XZ		1--4-6--	0
XZTGR	Tandjung Gerem	XZ		1-------	0
XZWRT	Widuri Marine Terminal	XZ		1-------	0
XZYET	Yetagun Field	XZ		1-------	0
YEADE	Aden	YE		1--45---	0
YEAHW	Ahwar	YE		1-------	0
YEELK	El Katieb	YE		1-------	0
YEHAR	Harad	YE		1-------	0
YEHAU	Haura	YE		1-------	0
YEHOD	Hodeidah	YE		1--45---	0
YEKHO	Khokha	YE		1-------	0
YELAD	Little Aden	YE	AD	1-3-----	0
YEMKX	Mukalla	YE		1--4----	0
YEMOK	Mokha	YE		1-------	0
YEMYN	Mareb	YE		1-34----	0
YEPRM	Perim Island	YE	TA	1-------	0
YERAI	Ras Isa Terminal	YE		1-------	0
YERAK	Ras Al Kalib	YE		1-------	0
YESAL	Saleef Port	YE		1-------	0
YESCT	Suqutrá	YE		1--4----	0
YESYE	Sadah	YE		1-34----	0
YTDZA	Dzaoudzi-Pamandzi Apt	YT		1--4----	0
YTKNK	Kani-Kéli	YT		1-3-----	0
YTLON	Longoni	YT		1-3-----	0
YTMAM	Mamoudzou	YT		1-------	0
ZA2WC	Klipheuwel	ZA	WC	1----6--	0
ZA3WC	Goudiniweg	ZA	WC	1----6--	0
ZA7WC	Riviersonderend	ZA	WC	1----6--	0
ZA8GT	Bottelary	ZA	WC	1----6--	0
ZAAOB	Algoa Bay	ZA		1-------	0
ZABGR	Kingsford	ZA		1----6--	0
ZABWA	Botswana	ZA	EC	1-3-----	0
ZACPT	Cape Town	ZA	WC	12345---	0
ZACTP	Eastern Cape	ZA	EC	1----6--	0
ZADRU	De Rust	ZA	WC	1----6--	0
ZADUR	Durban	ZA	KZN	12345---	0
ZADWK	De Waterkant	ZA	WC	1----6--	0
ZAEBY	Elands Bay	ZA	WC	1-------	0
ZAEDG	Mount Edgecombe	ZA	NL	1-------	0
ZAELS	East London	ZA		1234----	0
ZAFHK	Fish Hoek	ZA	WC	1-3-----	0
ZAGRH	Grahamstown	ZA	EC	1-------	0
ZAGSF	Garsfontein	ZA	GP	1-------	0
ZAGTY	Gately	ZA	EC	1-------	0
ZAIVI	Island View	ZA	KZN	1-------	0
ZAJOH	Port Saint John's	ZA	EC	1-34----	0
ZAJTP	Jet Park	ZA	GT	1-------	0
ZAKKN	Komkans	ZA	WC	1-------	0
ZAKOM	Kommetjie	ZA	WC	1-3-----	0
ZAKOO	Langkloof	ZA	EC	1-------	0
ZAKOS	Kenton-on-Sea	ZA	EC	1-------	0
ZAKUU	Kasulu	ZA		1----6--	0
ZAKYA	Kyalami	ZA	GP	1-3-----	0
ZALER	Lerato	ZA	NC	1-3-----	0
ZAMD3	Madantsane	ZA	EC	1-3-----	0
ZAMDE	Meadowdale	ZA	GT	1-3-----	0
ZAMWT	Maydon Whart	ZA	NL	1-3-----	0
ZAMZY	Mossel Bay	ZA		1--4----	0
ZANGG	New Germany	ZA	NL	1-3--6--	0
ZANNL	Nottingham Road	ZA	KZN	1----6--	0
ZANOL	Port Nolloth	ZA		1-------	0
ZANUF	Nuffield Springs	ZA		1-------	0
ZAPED	Port Edward	ZA		1-3-56--	0
ZAPEN	Pennington	ZA	KZN	1----6--	0
ZAPHX	Phoenix	ZA	EC	1-------	0
ZAPIT	Point	ZA	EC	1-------	0
ZAPLZ	Gqeberha	ZA	EC	1-345---	0
ZAPNL	Paardeneiland	ZA		1-3-----	0
ZARCB	Richards Bay	ZA		1--4----	0
ZARSS	Izmit	ZA	NL	1-------	0
ZARWC	Riebeek West	ZA	WC	1----6--	0
ZASDB	Saldanha Bay	ZA		1--4----	0
ZASHM	Robertsham	ZA	EC	1-3-----	0
ZASID	Sidwell	ZA	EC	1-3-----	0
ZASMN	Simon's Town	ZA	WC	1-3-----	0
ZASNL	Southbroom	ZA	KZN	1----6--	0
ZASTD	Strand	ZA	WC	123-----	0
ZASTR	Struandale	ZA	EC	1-------	0
ZATHR	Arcadia	ZA	EC	1-------	0
ZAVAC	Vaalcon	ZA	FS	123-----	0
ZAWAT	Waterfront	ZA	WC	1-------	0
ZAWTN	Winterton	ZA	NL	1-------	0
ZAWWC	Wemmershoek	ZA	WC	1----6--	0
ZAZBA	Coega	ZA	EC	1----6--	0
ZAZE4	Sezela	ZA	KZN	1-3-----	0
ZMSIA	Siavonga	ZM	07	1-------	0
ZWCHE	Chegutu	ZW	MW	1----6--	0
ZWFLU	Filabusi	ZW	MS	1----6--	0
ZWGWA	Gwanda	ZW	MS	1----6--	0
ZWRSP	Rusape	ZW	MA	12------	0
ZWZMZ	Zimbabwe	ZW	MV	1-3-----	0
